,HXB2_pos,Control,VRC07,PGDM1400,N6
0,1,0.00202116417145175,0.003681967132686081,0.012432045040740672,0.00108695652173912
1,2,0.02145850438230075,0.054347002074653344,0.07902819491480868,0.04338153503893212
2,3,0.0024803132942259358,0.003073992963771242,0.007287831089506114,0.00310880829015542
3,4,0.0036486981334559283,0.014418324300932442,0.003758990918874457,0.0047262553366517
4,4a,0.006750668677652557,0.004909196769061204,0.006482048172869829,0.00824742268041236
5,4b,0.004472796869977411,0.0037239653668725346,0.007189047244232815,0.00205128205128204
6,4c,0.002975977288318464,0.009627040006402672,0.008625592338898699,0.0010152284263959198
7,5,0.001954798493037418,0.0036093882553737116,0.0030760671083051284,0.00424242424242422
8,6,0.002174405222393029,0.00265003480446995,0.00628153508318743,0.0027965013641469798
9,7,0.012857099528552915,0.004824002141042446,0.0238025343853699,0.0037217204063012405
10,8,0.008823594261694791,0.0025143241881771037,0.020198380311525488,0.00310038685257852
11,9,0.004906578516066511,0.010452219709932925,0.0063358760280315726,0.00711947220032522
12,10,0.004246250377414468,0.005566235487709588,0.03311769329370747,0.20883541476291997
13,11,0.009928683006910811,0.009957886626990502,0.04817946892128647,0.00631668946648422
14,12,0.008254590336407958,0.02521936681456512,0.0019424417812702857,0.00092592592592592
15,13,0.0,0.0,0.0,0.0
16,14,0.0,0.0,0.0,0.0
17,15,0.0,0.0,0.0,0.0
18,16,0.0,0.0,0.0,0.0
19,17,0.0639466469123449,0.05454708026940063,0.05072381205214253,0.024544982544192
20,18,0.007365455879738415,0.013673644738444433,0.0034863451271443,0.0042158147662734605
21,19,0.013469984450565896,0.022063338655952475,0.0042367003073138995,0.0017535781435862
22,20,0.029963539243565457,0.020336393164395297,0.014839610021061059,0.019878606992618522
23,21,0.002668582996357318,0.003368923797840803,0.0030014388252103,0.0026330000186209
24,22,0.005263347474589322,0.00552616799807885,0.012532496188468573,0.00856778263439342
25,23,0.006334399476187019,0.010445613559526274,0.0042314768091873,0.00269058295964124
26,24,0.01183308029868527,0.026752486853114765,0.0054326385236775285,0.0057809703657712395
27,25,0.003253905460939975,0.0021158865344682075,0.0049855834753005715,0.0028286471203722197
28,26,0.014409011067456224,0.0022187497876186156,0.010505917185672486,0.0015825823035708602
29,27,0.004084037721974021,0.016544558435262025,0.0034586579643100285,0.00631720808849936
30,28,0.0062097621285130255,0.0037933732448194764,0.0027747055930484998,0.00245597805800346
31,29,0.004873338333543465,0.002227280807094204,0.017104591602566544,0.00246658411544824
32,30,0.01192790826773013,0.010912482880898721,0.0022484072356373144,0.0029358517892703597
33,31,0.0499243108471015,0.0489797863547535,0.003159626822409586,0.00695251029506012
34,32,0.022280787069017465,0.04692459517504915,0.04096717091715823,0.00235147830892508
35,33,0.04495953691036377,0.023722744309096568,0.0015705261944126002,0.02921722465553254
36,34,0.04995504145987792,0.0030172615973834234,0.0025122056328978713,0.00319739186403364
37,35,0.005259207553083411,0.004651801584324414,0.0023555560746424575,0.0045871559633027395
38,36,0.011873922955401364,0.008126228303421842,0.0017633812282144999,0.0009174311926605399
39,37,0.002686941493704154,0.0024202764981514826,0.0036676377292239426,0.00257924365176504
40,38,0.013155238308404487,0.050613601772843395,0.004512887414785271,0.0033924854231042
41,39,0.0023999203432476055,0.002295872883001671,0.0021610236090744287,0.0047902484451699395
42,40,0.002139441871022196,0.001938983231943605,0.0020065574250042856,0.00393986301206222
43,41,0.005918579084390212,0.0060791461852432015,0.002598150172411185,0.0055128417810898995
44,42,0.004352661004440463,0.021689384891371337,0.0022454870207736285,0.0037111991526704597
45,43,0.004050615727481497,0.0038750745329998487,0.0025688716689631426,0.00555487425812452
46,44,0.006977779364911743,0.02103393462850698,0.003797952001129185,0.00527794038139044
47,45,0.006028806606219518,0.003577796104674414,0.003142136270208743,0.0022331058170823597
48,46,0.016592040546384176,0.0022552282012172848,0.011542742631770029,0.00170590916568486
49,47,0.00557685274177362,0.00265025933064467,0.012429230781504357,0.00357120550295138
50,48,0.0029577733332949215,0.009886651523412903,0.003798433447749357,0.0017544783983139802
51,49,0.01494314330020403,0.00340619457370813,0.004409666936865614,0.006243737585899901
52,50,0.004066710140732782,0.0037210229311882745,0.0038066607255667997,0.0030371981564604
53,51,0.005023375577511944,0.0038862121102305955,0.0026167946511466,0.005669573551818941
54,52,0.0037880051799028037,0.004737681812186633,0.002315021880953457,0.0048348466801306994
55,53,0.008247759362879083,0.004582752583531963,0.044340381552747485,0.00413935090209222
56,54,0.004056717304184959,0.0042393053605866956,0.010907642501860658,0.00321079514195506
57,55,0.003035754880243608,0.009295449043796115,0.005419290555367443,0.0019616022206811997
58,56,0.007909010916734715,0.002578729616121483,0.002922968476728486,0.0023533178561995598
59,57,0.00311046015658519,0.02330886793350864,0.01019473381509104,0.0013518750712413
60,58,0.0031000897775896774,0.0021989344513905535,0.0010215517659979,0.00262561250103772
61,59,0.002938625226238983,0.002160684297570461,0.0012612076776375714,0.029680737358362883
62,60,0.02186358826038179,0.0024239228677914422,0.0011364468263604143,0.005442962304441101
63,61,0.0041163037625841755,0.0028752176099021065,0.008630875711378041,0.00433823144944692
64,62,0.0326926624549658,0.0022416314927737116,0.03466807276427084,0.00162479570374306
65,63,0.00952093748963314,0.0022448932739946963,0.003992737119433257,0.0026619817431819204
66,64,0.005545123298331828,0.003928173094250185,0.002052169062599486,0.06905798649450631
67,65,0.022547079894772077,0.008645208184289148,0.007206272130760758,0.00195447814783234
68,66,0.006167839180868408,0.0031325003408560976,0.0115875316608358,0.004176430656900819
69,67,0.004096537650550862,0.002430240499289013,0.0031690818473776284,0.0038531569513133006
70,68,0.010414042547295657,0.0068604468716309324,0.01153121027000957,0.00702845564568866
71,69,0.010431855458641375,0.0057169615323999666,0.005105446017706615,0.015263521535026059
72,70,0.00983115754116019,0.005363832994576925,0.004965798184570658,0.00769251038833482
73,71,0.00852144494206502,0.011664779837219471,0.004362047210991785,0.00959322481042158
74,72,0.004072323018485239,0.0021951024730669302,0.007079989204626815,0.00283561049580306
75,73,0.007647367510042693,0.004871686269586371,0.005275067834527686,0.0038769026174158795
76,74,0.007035098089452385,0.003224232332314667,0.024233920151293883,0.0025882286488633
77,75,0.008420446782687606,0.0024142396345939107,0.0014558907304369857,0.00678599304539612
78,76,0.013560321080985266,0.008176505643029412,0.00918282154269553,0.00952422351186432
79,77,0.004053178874970776,0.002551145295957654,0.0051530261482547295,0.0026937769256623403
80,78,0.008285890349562893,0.00401506769872085,0.006092993233461272,0.0029027497228419404
81,79,0.008869512576937164,0.006737161654430635,0.007505146266382901,0.008318779397780222
82,80,0.006969548197972588,0.004129264925966011,0.008859776071691857,0.0043835187165128
83,81,0.00709868782350836,0.009293562959694345,0.0063022366043902,0.00694188828727092
84,82,0.005143275211680991,0.003957238758787138,0.007903362012161415,0.0055336428041029805
85,83,0.00892964378749574,0.006156771024300867,0.01310490417581617,0.005637044907297459
86,84,0.017557613811798926,0.003936076065549539,0.0166457390108462,0.0026395392652151803
87,85,0.009153858152809826,0.003552828867576681,0.020175111655555186,0.00340300070733926
88,86,0.011717748597985547,0.0077803484013838076,0.004168556024536029,0.01258040997818462
89,87,0.008112561717393722,0.005532395144103007,0.007285243241758186,0.007910002140796459
90,88,0.004246092747285357,0.0031981869436632834,0.0029741030677131286,0.00413413021775648
91,89,0.0037168441751478367,0.0037966424534300403,0.0017045316100371,0.00282548623277738
92,90,0.0037506437291293677,0.0032219744426458734,0.002818208663799086,0.00327115433438202
93,91,0.003964462413136458,0.022800074840579707,0.002306460826180228,0.00416695064334472
94,92,0.039633881160509005,0.019649321346398286,0.005481765152398886,0.0065659131433175
95,93,0.008467838473673907,0.00566588465106955,0.0058764267600303725,0.00756187731372018
96,94,0.003847485769153269,0.0025510378742209694,0.002497677956156343,0.0022483820262514604
97,95,0.00389929526235843,0.03332241015978857,0.0189022233927408,0.061805328039488454
98,96,0.008079938567282471,0.004015402153359958,0.0030573201535200284,0.00741033774490544
99,97,0.0034807181863350323,0.006800420645615941,0.010856669307988186,0.0084321093999303
100,98,0.0031657004507364625,0.0030419126676406796,0.0019104785172545144,0.00265804717393258
101,99,0.0032420344525701684,0.009999509241618854,0.005174144945150642,0.008165100641180999
102,100,0.005624301635535043,0.0025999476759084044,0.0021991173049461855,0.0014695901935600601
103,101,0.004805412882464619,0.0026478836542379518,0.0019316906769202143,0.0017066032209609799
104,102,0.00946224530313384,0.003394850722063076,0.003086748545673786,0.007695813094626899
105,103,0.0032021940351752523,0.0029388775255537077,0.1443985366089063,0.00310592250290474
106,104,0.0030767038891109408,0.00200495471081197,0.0023269635417676004,0.00368008436775884
107,105,0.004135422670501022,0.013499573036912009,0.0025265859613375855,0.00432116375666644
108,106,0.0053287712866981725,0.004040054841172699,0.003565364400507943,0.007414805987359161
109,107,0.00469144083526418,0.0030635432959279334,0.010864282217935613,0.0029181056842389
110,108,0.006178880197375848,0.0026554280782669477,0.014355928998706014,0.02895237413340538
111,109,0.0052304108706168265,0.004157716544343589,0.006592473916620657,0.0032859601551450002
112,110,0.007366241051558716,0.07071505939267048,0.0030592196687537574,0.00307642042370792
113,111,0.004442354475974097,0.0056730083311453215,0.0032740650371839855,0.0036352103092234193
114,112,0.0063217823841288405,0.005180247362151626,0.004232645918738929,0.00670916099929318
115,113,0.009193705843511873,0.05095199469006278,0.02409664429729627,0.0035310025962847
116,114,0.004724591409510508,0.0034108046595174887,0.0036839749780548285,0.00220895709037544
117,115,0.003959670744257075,0.005978589278145667,0.0023070404390363713,0.00263294692670088
118,116,0.0037549638314096495,0.027055336178016032,0.003958499056370143,0.00383901472445616
119,117,0.012272029589304881,0.015365856137705636,0.0031577447320372716,0.00135358715861702
120,118,0.006862355633792413,0.005702519775643861,0.004342301724642228,0.00801627490805086
121,119,0.005528344474156129,0.0035478585229079666,0.004425124941741928,0.00281140150362546
122,120,0.005558436096302439,0.00255098038149997,0.0019839118620695,0.00233280024610482
123,121,0.013426464144558392,0.008153946875165128,0.0036450151414342716,0.20182352976852963
124,122,0.0052789571958924844,0.0030511132948596482,0.003182317409460485,0.00293827564415168
125,123,0.00883434385661777,0.004489676221386977,0.003820176847703414,0.00446508799462764
126,124,0.010018301060190204,0.007821569925499618,0.02845860158948129,0.005568579973057441
127,125,0.008132606902584718,0.011655940338756407,0.003997044838615157,0.005067478602088799
128,126,0.005570270358563698,0.0039059658565956216,0.004101363582724628,0.00338027279038492
129,127,0.005513620430969341,0.003056977949498052,0.006258156437169772,0.0026631853803703196
130,128,0.00885403228893161,0.023022971076913805,0.001277329854946857,0.00169739025160254
131,129,0.0052195988244616255,0.007437399054375619,0.0039215067974661,0.00190196898378606
132,130,0.01375749143773323,0.060946532352330905,0.004500178094014628,0.00400429580871914
133,131,0.005101977578352768,0.006774267168948824,0.0042571114164314285,0.0020288725642236796
134,132,0.0071940542689027855,0.00801359957219084,0.05316993613864863,0.0029765265683052997
135,133,0.006935691684006774,0.009569964823039,0.004552348607775072,0.00363714560257104
136,134,0.021686517844347847,0.008779451137993863,0.05101222492182508,0.00996258568487524
137,135,0.0,0.0,0.0,0.0
138,136,0.004143671051410562,0.023022866149639727,0.0017187433457331572,0.0021805510465627
139,137,0.029289465984355674,0.012594778858344112,0.017095281984398372,0.00261135559055922
140,138,0.007384228957640913,0.00731906354852324,0.0033497112167052714,0.004812569278782461
141,139,0.006640290866820585,0.020641723034003044,0.006796773790190372,0.00698989335366868
142,140,0.01593698279667738,0.022497238651837472,0.0024916360494208712,0.0053604005481665395
143,141,0.01605290963002323,0.01573696950618864,0.0032046458218381,0.00890905038028858
144,142,0.0064720681817189265,0.005511100673777392,0.011188807088311959,0.00291459970248784
145,143,0.007084315401756997,0.006599652434392261,0.008633739895509158,0.00213278932199236
146,144,0.004399495435661356,0.014454386984580887,0.00569458962170833,0.00146180818186302
147,145,0.01002420289319733,0.0189299640687438,0.049873524598218394,0.01786504808734044
148,146,0.03938575272262818,0.036355308864053124,0.07213249766712272,0.07179719794689216
149,147,0.029161922653727253,0.006335521216083959,0.006216296988495928,0.0034997851182949997
150,148,0.0,0.0,0.0,0.0
151,149,0.015674655338119986,0.006361175195293842,0.0081828748557897,0.01265497671652344
152,150,0.009649647307748208,0.009843934923203995,0.022388962844089505,0.08715686472667841
153,151,0.031096149687862538,0.01600310296584166,0.09757048447278133,0.01007117172418898
154,152,0.03739852120414899,0.012086262407777139,0.0093264801109461,0.00293119186551694
155,153,0.007977747432333175,0.00700447424090229,0.0131539564154822,0.00335676814688368
156,154,0.00720642216398775,0.006796468812030355,0.0026571385589407143,0.00108885002266942
157,155,0.002653566771303079,0.0021338901299053623,0.002198385803747857,0.0027004617098397602
158,156,0.016847970565514077,0.008283419788118718,0.015565643260786414,0.0021390448934967203
159,157,0.0200100728929149,0.04574621543022446,0.006199807862592556,0.00349105009750728
160,158,0.01747187888763963,0.00918174754956955,0.007128280103782329,0.0024052338408744604
161,159,0.024999536518236498,0.009658241682001193,0.008371534615260844,0.0034635034573167
162,160,0.05058839669965199,0.10013476540019337,0.1284621172587606,0.0024976591926864
163,161,0.05446700559935503,0.14924840738920087,0.04619056318272438,0.013552707625889601
164,162,0.09366278311513336,0.15009634379994508,0.26577274368736303,0.02173144432237232
165,163,0.044506292014434824,0.07275642552941156,0.0063653180944811,0.00286456703939928
166,164,0.02616067796486994,0.05868297760814729,0.0062236342748798155,0.0032275061901571593
167,165,0.21349762906817035,0.17785446345563052,0.08317788648892002,0.14229835104333885
168,166,0.034749503545259186,0.0475568829883204,0.02278036085572817,0.0163516475279792
169,167,0.38572132999178005,0.3390235225663611,0.7676634303486263,0.4730485058851215
170,168,0.013172011742119946,0.006577756331629876,0.011439605801782885,0.00155762304921964
171,169,0.054773183254054655,0.016523334041216645,0.1536626841816392,0.00567255359869752
172,170,0.01672259819366099,0.011327140287212515,0.04085735679444342,0.0047138561239487
173,171,0.01362884181808043,0.011921608771438821,0.021685872013905115,0.0027599197829743603
174,172,0.013520145802760345,0.05017038489279023,0.009608481870349557,0.00266616359231986
175,173,0.012018837133290043,0.006692670674310439,0.004284545275330301,0.00173209911951738
176,174,0.013498630845861599,0.0071473013791814475,0.0057902024432510135,0.00241123969526734
177,175,0.022575585919612486,0.0115195175576766,0.007750864004166414,0.00889091599416808
178,176,0.010614383775825605,0.008086074230901902,0.0022618816115304,0.0068591097939661606
179,177,0.022034263548691046,0.16793464887820317,0.0036789437192674863,0.01566106080347552
180,178,0.020713131079409232,0.027978660649241212,0.0034668253437653003,0.015046438500686378
181,179,0.039002279294472746,0.06217335791039753,0.0051318662007698145,0.02321950492705132
182,180,0.020089274776872865,0.017714837743377985,0.005807787324620114,0.018620131982432283
183,181,0.02159366423013146,0.061480356310938435,0.0041559528074608856,0.0126017068016954
184,182,0.01839420320490521,0.019234950776760743,0.0047666644977413,0.021494214421619223
185,183,0.018751016219051894,0.016790352468540076,0.005822831780541714,0.016139645484847177
186,184,0.02277760171254263,0.01465270471190085,0.0040038706853378426,0.01152585512692686
187,185,0.020054981066804936,0.015945200883097508,0.014990052474965869,0.21273903025211102
188,186,0.018638725166600114,0.04604601365912299,0.003868613935139443,0.01134229939177316
189,187,0.07162957099554396,0.06534383947796461,0.06376377933885966,0.015900134744219783
190,187a,0.02628701453314928,0.020860289772909355,0.005134863271038558,0.4648627490075057
191,188,0.015356181235827278,0.01775100729433475,0.006242717372451843,0.01217080276610662
192,189,0.015805135126726343,0.025282670143247588,0.004712440051334515,0.0435154511472658
193,190,0.02766438720326961,0.08759894109292302,0.011350793228309513,0.04367336571960476
194,191,0.01393821336077288,0.012046980007063312,0.005829447553947657,0.01241949383436124
195,192,0.07362361940468055,0.07260088183073123,0.009461238139420442,0.043252210510714525
196,193,0.012376782324057905,0.014374013902459161,0.004694243736249914,0.013539251093811822
197,194,0.012207541234481692,0.010877080201535766,0.003964827535254629,0.00999745301726484
198,195,0.022054659367456347,0.013104357003591487,0.005863185592200572,0.00991323111689158
199,196,0.013369885997246556,0.01641021187105652,0.0036672880267310287,0.010425284482764002
200,197,0.013461419023044749,0.01090665543635351,0.005156917308109758,0.014105641556424018
201,198,0.013795915546209384,0.0201914563262471,0.005009818906634814,0.01063291862452594
202,199,0.04080471051705319,0.01248630804305061,0.0056472536179710715,0.0128260041820421
203,200,0.028974935917120904,0.011189853763338628,0.005459553121941043,0.015361442875283099
204,201,0.012517522479410346,0.038202343307762204,0.0038222323663269714,0.061059324621810615
205,202,0.09323902760324773,0.006861773916397722,0.26965472739597196,0.014026371157149758
206,203,0.014748694078835814,0.13843020041104764,0.004386861260080457,0.013190294412262701
207,204,0.01590191522517978,0.03817869577585314,0.0038154962260011573,0.06229741731254358
208,205,0.01729950628439087,0.00840659306532698,0.0058165293513136995,0.0106384071760163
209,206,0.009846884355871392,0.008912587017279634,0.004719734345968257,0.01019565841946826
210,207,0.009287891137322792,0.007596739121336258,0.007479734209804686,0.008944454707490121
211,208,0.06650405176594405,0.07414107431517204,0.1119822947724602,0.01048347171703298
212,209,0.01003374945887814,0.007818970931037951,0.01311623515791927,0.009080178445471699
213,210,0.008112604826510564,0.008319161836474293,0.007417590514066928,0.01057962838481082
214,211,0.028098402630230827,0.015040563281782143,0.02229548393328493,0.020767733962022618
215,212,0.010390313704528824,0.00844323504050605,0.0059982778775894,0.01208248301226332
216,213,0.008500346216439207,0.007646024691558235,0.004733012938588357,0.0091624886794498
217,214,0.010361487915514797,0.009383871336192857,0.006869969433572871,0.008622802345712121
218,215,0.008449670809709927,0.007259665913951674,0.006051344597579157,0.00723039165072924
219,216,0.011933822323558649,0.007824584285190011,0.009804518122957757,0.009984629548569799
220,217,0.00932106529173535,0.007378587448370395,0.005508947495916928,0.00981116884194046
221,218,0.009428219810232192,0.009371027569274904,0.007543143405577273,0.00939709782044366
222,219,0.012858875005662403,0.011521644529589216,0.0112101647167339,0.01237528022566764
223,220,0.011043745241162028,0.009424517280343794,0.020403629841613927,0.014527739562880261
224,221,0.008391796725289334,0.011783134389033702,0.006680868882759329,0.0063975377654827
225,222,0.01474417368009476,0.007741998679881274,0.0065855503347892145,0.00802285162375552
226,223,0.0061690325962454485,0.0042653843776784064,0.004771822920863615,0.0048079834999314
227,224,0.028976230019487532,0.010491947341781277,0.010207706648146226,0.008389374836208621
228,225,0.01057264352547658,0.0060307694007775605,0.005060792192528857,0.00643360823876
229,226,0.01012060023597569,0.005977704061149338,0.008227169564250616,0.03044522840924484
230,227,0.00900287950662896,0.008622660582543525,0.0126192354616479,0.006555664025970279
231,228,0.01130429332374468,0.006580395859537987,0.013507982688299641,0.0057992978690455995
232,229,0.009210205168408437,0.004999996554084302,0.005422125789246156,0.00651230849172262
233,230,0.036469229887283565,0.1109485286315789,0.01276856696931457,0.00785993626309724
234,231,0.009064375547644577,0.005244223457070065,0.006207105314990657,0.00831822228399088
235,232,0.009612586884310598,0.0050224151361536774,0.006105684101848899,0.00419563488251272
236,233,0.011648483466881998,0.007829504730747457,0.010130469484083355,0.00780741918365072
237,234,0.011585262070762352,0.006057796990105738,0.00801949544016157,0.007754077675592641
238,235,0.010548258511360865,0.009434856731058304,0.01579176857803861,0.01138127094341156
239,236,0.0048527911775738085,0.003184972570474934,0.0042452550636244,0.0045919623267982
240,237,0.008646210433075901,0.006083470840776183,0.005640399783907142,0.0066042904283078
241,238,0.012147443729499004,0.007757857918639571,0.007306171860563829,0.00783196828395632
242,239,0.00877297480189237,0.004753189316621826,0.005696445639746814,0.005523419251212401
243,240,0.010681584242756417,0.004460306489125269,0.003358627163359415,0.004150070872499139
244,241,0.01506621203131589,0.005142587718566754,0.020842363193630545,0.00708382027218914
245,242,0.013724213442850016,0.00774720266056287,0.018908052090632288,0.00678143291554822
246,243,0.014966175876063819,0.00702475789830024,0.018400945561228146,0.009050245847604001
247,244,0.011781060247956379,0.0070525646548198866,0.017568633889920658,0.00773433876182176
248,245,0.008531272037681874,0.0038151575669126215,0.013932057081566683,0.0037356362023997004
249,246,0.0095276044731328,0.0057363564745448355,0.015325882853780457,0.033511536325111675
250,247,0.013807341743816938,0.004635603228889316,0.016967891247550854,0.0032982875893436195
251,248,0.011363050896982647,0.006740936549796194,0.014877223344038943,0.00763461529958574
252,249,0.008769965631366563,0.0051563653808247255,0.015974805361470203,0.006718802362765001
253,250,0.007868121741929726,0.007895532894042072,0.015545965115849828,0.0027323731855476005
254,251,0.010885037085842824,0.014884388678808359,0.01292996125288243,0.005798294150619759
255,252,0.0224034698032152,0.004173812308225291,0.1559951213029728,0.0034118419452580395
256,253,0.012136262016990338,0.008738199598200894,0.017964699376104,0.01017487576467678
257,254,0.004420609065073082,0.0033257790113105134,0.01188024934108327,0.0047430528404832206
258,255,0.02623775373938816,0.02225005022742486,0.0361748189260915,0.00551520157473614
259,256,0.010727188345318054,0.0040001033822687874,0.014368382939616686,0.00581415299841782
260,257,0.007557650983148621,0.0034632632414345428,0.012092704104010955,0.00337749107637404
261,258,0.011767225669767683,0.00380051356464764,0.0132054410871765,0.004017610495246801
262,259,0.005771677754416057,0.0028833565301125815,0.017851544364669528,0.0035237303839095397
263,260,0.006858823016319112,0.012428615487173465,0.01657917539817173,0.00384565080769
264,261,0.00963431348140928,0.0036600381613098904,0.03266248143614206,0.01166892484375662
265,262,0.015595387386362207,0.003053334198092598,0.01288610421712617,0.00427197619371536
266,263,0.008153799585902018,0.0035882385175649047,0.013082036800170473,0.00605814268458384
267,264,0.006419188989561183,0.0037404289441213393,0.013731221335895286,0.004325527853128901
268,265,0.004918581317744762,0.0029974710936824084,0.012408627235601656,0.005303783502443339
269,266,0.009133738655939635,0.03925610111089093,0.0225606137079099,0.0038119275162533392
270,267,0.0045766791797917485,0.0021666091146930865,0.01005234283528617,0.0034067284511825
271,268,0.008755968455096057,0.003950047285218325,0.042004830141213485,0.0025396691954244
272,269,0.026192904329308264,0.019893129193602577,0.02713373066407579,0.0025789232667246596
273,270,0.008150775760040717,0.0044997241050416265,0.0154247910698832,0.0039982163240759
274,271,0.01584955347328257,0.0021468880852347325,0.010026344228614842,0.018352085605224038
275,272,0.007071020686088074,0.002490400128675076,0.010882789054898628,0.009941069926523759
276,273,0.007214171945362879,0.002409628290320752,0.009543754740158686,0.00223769658807436
277,274,0.007049573112413032,0.003438754854306808,0.012260396150890243,0.00602724609896436
278,275,0.008685822653478555,0.0219518143860357,0.032670553099397225,0.0026165180505287595
279,276,0.004330113807800223,0.21219425381619458,0.010779987224126299,0.23038533532106653
280,277,0.005806831795308311,0.002786719290401356,0.01101968283400307,0.00614245439572518
281,278,0.03657044832433041,0.08166440645641466,0.03592580774263561,0.24551737383264136
282,279,0.03309396657012701,0.9339265824667993,0.025575083707443803,0.0052329467312694404
283,280,0.007460563708854811,0.07774572512680068,0.010513949558856815,0.011369833330370963
284,281,0.006086051649484442,0.10742650466392421,0.01123889459954063,0.468546952670079
285,282,0.00461976466860528,0.0016843836034795274,0.005418273929176358,0.01202211890301546
286,283,0.009752031227476907,0.010790278498394515,0.0110646817857983,0.00665435965744752
287,284,0.004518052711644856,0.002017244275428926,0.00962517931236847,0.00087105029453648
288,285,0.005238679620579986,0.002499729846245785,0.009561595014719856,0.0016404604199342198
289,286,0.006199361778923447,0.0027074428794418293,0.014157105700914415,0.019222862847259395
290,287,0.010184566516068251,0.010233030964627951,0.011013241508092957,0.004718601387492579
291,288,0.022625829728061247,0.00897300134822262,0.05157697127924895,0.006158622461228721
292,289,0.009675968999282901,0.01616071859025529,0.021863365435786743,0.00125741770262164
293,290,0.025205445599343037,0.005656462507375735,0.042535299070475825,0.00314444638737248
294,291,0.006766930271760702,0.003695848458510364,0.011224937637159114,0.005299565545059221
295,292,0.005224837012130761,0.0025195679427939847,0.00942457300146343,0.0044178626598043395
296,293,0.0037852692697929926,0.0019377147510818123,0.0040370388726802,0.0021809604322548803
297,294,0.005812551146574373,0.0027096032826670856,0.009789432081282,0.00415568215099696
298,295,0.021256344450898124,0.016729414151781325,0.009396927019236258,0.0032822026736427806
299,296,0.006657520049442594,0.0028765486091997233,0.009294715468318202,0.004281519642679601
300,297,0.0068327186834161065,0.034588795435468875,0.012090577957872804,0.00229851371554174
301,298,0.013546275560819603,0.003905274955221979,0.009128076375343571,0.00476723543818128
302,299,0.013144003355271456,0.010359836536980534,0.015228905915349929,0.02126641814964128
303,300,0.19775588450201742,0.07291969840416986,0.10330271293174521,0.01292762064909624
304,301,0.00777274175330494,0.004699001844602861,0.009050977022204273,0.0051468566107338
305,302,0.007559739997617101,0.00228549409988091,0.007230278632167243,0.0016365587457384
306,303,0.00524606099176652,0.002349901918021716,0.007726851320280171,0.0015182170205840402
307,304,0.005264211368265295,0.0020210193541414603,0.007446576862157428,0.0046519152480995404
308,305,0.009214075138795916,0.025175012922826135,0.019170999090638127,0.0035122091858018397
309,306,0.07823414043541752,0.0581421468321089,0.03909465084828601,0.32862570427727184
310,307,0.005311085483606871,0.0026335726846811215,0.006412189460096199,0.0016831105715854999
311,308,0.01434875982703708,0.00628032889994125,0.008912054297414844,0.00281757062078118
312,309,0.06363270760558282,0.12874421440384928,0.08141913316345206,0.00252031624768504
313,310,0.0,0.0,0.0,0.0
314,311,0.0,0.0,0.0,0.0
315,312,0.0063136261066801085,0.0027684514073372086,0.0069310489754409585,0.0038028216370994605
316,313,0.00918154374870431,0.0062564177952285395,0.009854614457382529,0.006748035070108419
317,314,0.014101702256382615,0.003714316352175203,0.006083362327313843,0.0015860914444071198
318,315,0.005506358274310514,0.005115713711817488,0.006024101080235057,0.00166675659953452
319,316,0.006743965170759425,0.0020921797272058897,0.005494488278523613,0.00135256944484908
320,317,0.25358511743381307,0.12440108628280853,0.37337505480157385,0.006823756814760419
321,318,0.029435805338910968,0.003084548774927801,0.007159119590574956,0.0026802991356543
322,319,0.009133659651813524,0.06863790674344317,0.005266883275859586,0.00207041922224538
323,320,0.0049643263029356495,0.0041549978567156755,0.005211054177442072,0.00197829696542686
324,321,0.008933327669399298,0.0032610542938734458,0.006086610069645372,0.0015841155063842198
325,322,0.018891416037870364,0.0032780231878367597,0.007406273565919428,0.004969041825094301
326,322a,0.004904339787148822,0.0022531029249884178,0.0038764303450289856,0.00119227752989006
327,323,0.008098866531994839,0.002293051202140338,0.004357616478466542,0.00280828565932062
328,324,0.007965777025746607,0.0034686658167409085,0.006072796211506714,0.00264258998690178
329,325,0.006068643781050425,0.003392294248222847,0.008187893109220272,0.00428512597014332
330,326,0.0036368597040032386,0.002618945768251044,0.003738588065679286,0.002242782482513
331,327,0.004177362352664709,0.0025637392927799025,0.004228865085245657,0.00205501053389092
332,328,0.00560527379013027,0.003201972335296652,0.005402981334584028,0.00634811403219704
333,329,0.007503401808370353,0.005640425120197724,0.004796607692372186,0.00567535640369202
334,330,0.01130634729132621,0.006685244413588775,0.006500213726669186,0.0033196532717770593
335,331,0.005126901971457551,0.0036822793915590726,0.006181885512717186,0.00362969587737094
336,332,0.005178667567610299,0.004765202846062144,0.017969794271188777,0.0019793419376465797
337,333,0.01046082604429672,0.003314231977145678,0.005408809162939943,0.0038391598179017003
338,334,0.007700108516208805,0.0065111051700044815,0.004607740046569244,0.00157860791481334
339,335,0.013533490270850004,0.01914723198122415,0.007825754907453015,0.00564326869189068
340,336,0.009450292311537092,0.007567688899006338,0.008917022607332086,0.0029900290436650004
341,337,0.008464278229677562,0.007070823300443642,0.005107709128137,0.01585040248892812
342,338,0.00894657371387746,0.004336120793704323,0.005762999041953414,0.00601381555549934
343,339,0.7589554904008011,0.7063231164917344,0.7337989318040443,0.4821702313697152
344,340,0.005811916541297282,0.004056641952683355,0.008900228912300287,0.0010034583152374599
345,341,0.08502746446593785,0.06332674899107299,0.011940768944705627,0.2873178396766476
346,342,0.004853309354801513,0.005156611780748352,0.0030280039223489,0.0023898962138478403
347,343,0.008640678018082234,0.002446270577548114,0.001966748858533257,0.00300313538358564
348,344,0.00576138414336609,0.017132369697478358,0.007262240904963885,0.0025364962440809803
349,345,0.016858800432857694,0.018094606732622923,0.004072164467559043,0.05346285543567288
350,346,0.005807942013925188,0.0031420771480168744,0.004279379140075558,0.021107586328493542
351,347,0.0315149714880186,0.02055341325778731,0.008009294496864144,0.01894460122299722
352,348,0.02998175716173488,0.005022010103525166,0.0017592033698482573,0.0009207685631034
353,349,0.005599325150686116,0.003704583683209254,0.0035777105069668288,0.00345750798459922
354,350,0.00870153516579348,0.002229688242012552,0.003462924342565457,0.0035949566091062
355,351,0.006304348651520613,0.0023091385333221235,0.017782398629014373,0.00598117630570072
356,352,0.006790440078802679,0.005169976451604861,0.006133689633175857,0.005026516156431319
357,353,0.0098421981400043,0.010995730451498714,0.006655140637235929,0.00598594694835896
358,354,0.0,0.0,0.0,0.0
359,355,0.0044162203320086005,0.04101168588651968,0.002873416098133514,0.0028712711396232603
360,356,0.004445585968284517,0.0026949218945355492,0.0034652749121477856,0.0037065897343674203
361,357,0.004799840512802375,0.002848245653360673,0.0012237507009676715,0.0017002855300726602
362,358,0.006170438327588267,0.00629003391364497,0.0033036274142204574,0.0011695306581776198
363,359,0.005272169758500336,0.00691786714072806,0.0028264604075765713,0.00275804495733176
364,360,0.014726107069019029,0.008009699767053163,0.06949983280438324,0.006836514528929141
365,361,0.0071809376577028974,0.0073971849718183985,0.0030206545656961854,0.00551958161237192
366,362,0.006167591499760745,0.0021711736763251072,0.004033036114984128,0.02207468394806732
367,363,0.013388740610544958,0.008727865130779236,0.0086271957767663,0.00610890864039494
368,364,0.006585605297254931,0.004404730810579017,0.003472226191314457,0.0046564223542732396
369,365,0.0054280654476414605,0.019758482789159156,0.009670911307470715,0.0041931571100616
370,366,0.008938123119710454,0.008646866509907068,0.002169307976177843,0.0027294592302857202
371,367,0.007741214065564847,0.003920549610037039,0.0026105941003598285,0.00980755167347076
372,368,0.0063704012103661875,0.0024191070529265817,0.0017763650645809858,0.0027442277270785
373,369,0.009192262573465514,0.004875956164262684,0.0029945056202618997,0.006030813321517699
374,370,0.010200249300062235,0.0038448949338518498,0.014061539559329442,0.0049055817095003795
375,371,0.007013628316130812,0.017028361346487903,0.0042835591929239565,0.00406030111186858
376,372,0.00538331941188893,0.002054680226374178,0.0015911397834092857,0.00261544949530194
377,373,0.0052950656847442455,0.0020150338493345097,0.007114328908392043,0.07235737800409082
378,374,0.005524877178546127,0.003885836006704897,0.003243988448747786,0.0057474019348216
379,375,0.009296581581831569,0.003442279836662786,0.006640896821316628,0.00909260213839622
380,376,0.004455841845210097,0.003072253446132175,0.004065894007719414,0.00772176287852992
381,377,0.004424964783782951,0.002377372374701143,0.0020483631402506,0.026305673196063258
382,378,0.005986204932189015,0.0035121898622570698,0.0033081410334533,0.02704889482117476
383,379,0.00599724360936651,0.003083827638955485,0.006379821864373757,0.026289425821349223
384,380,0.01585823436500971,0.005403850626861205,0.004190034911011215,0.028498360909765
385,381,0.007205644989600122,0.0027921767019166792,0.027866955526133084,0.0245073233027322
386,382,0.007396104003018224,0.005049823115116764,0.005138535026148814,0.02683557332602382
387,383,0.014054507040945997,0.004545655409662812,0.0036749428298178143,0.0261003681888461
388,384,0.017120228644235368,0.003990545349410925,0.008527312111441986,0.024934410705423442
389,385,0.007583764371085802,0.003354068067306536,0.002996002733295686,0.022990872697145795
390,386,0.23163892231044902,0.18192520198849957,0.04039976608697169,0.06953573192502628
391,387,0.01574274798905264,0.004965271814062737,0.0033432595967636857,0.024391512279328578
392,388,0.013211802513435943,0.0877756526321893,0.003637069043707043,0.021367611433659055
393,389,0.007337893100185462,0.0036447045580516586,0.0025812189838624855,0.02486363325936882
394,390,0.014851907201545615,0.04227504221527548,0.008502943066462185,0.02208340752371386
395,391,0.008249074104734053,0.007736381611371063,0.005325508024686643,0.02351210620560122
396,392,0.040125297958376584,0.05556965244343553,0.025737779322354288,0.04335850912090672
397,393,0.005680339469615451,0.00855313183559478,0.0019655579951379284,0.0201301396451635
398,394,0.05180082545258161,0.050939114660110744,0.008958663205640831,0.02144498516254572
399,395,0.0077869662675934,0.003571037158200017,0.011622380469809315,0.021426499410406176
400,396,0.05336006451234413,0.0061488671296743925,0.005207866431495514,0.02143399819015306
401,397,0.013954161025661056,0.003080692550568791,0.020879201606081442,0.0210781780779618
402,398,0.0,0.0,0.0,0.0
403,399,0.0,0.0,0.0,0.0
404,400,0.0,0.0,0.0,0.0
405,401,0.0,0.0,0.0,0.0
406,402,0.014795936376605732,0.004581001989011669,0.008828526873006313,0.01855375856740496
407,403,0.013130324161934513,0.01825610932893617,0.03428167973251826,0.023018863258825236
408,404,0.01802547433617472,0.009724547076399257,0.005390482839557185,0.02733576931990958
409,405,0.009565668874300357,0.005630749736758399,0.029325173286812643,0.02329792782815256
410,406,0.007887225532887246,0.003533412654633966,0.04234603392721487,0.01872126409296126
411,407,0.02990519306981744,0.10034902737657049,0.06865356683847891,0.04998116796333357
412,408,0.010102303858937968,0.004090530928628823,0.008278674555186815,0.05347627210320698
413,409,0.011695815056472594,0.007438841694515917,0.032352179675467684,0.01756607626540332
414,410,0.0811492188349553,0.10347087204052391,0.11611029188324702,0.08721717667937641
415,411,0.3617255895144207,0.38198952713510226,0.36852481851970553,0.2986626803171541
416,412,0.009064646795918419,0.005182931132948309,0.0041671210874479996,0.019360846969825936
417,413,0.05304875789974763,0.07575938895651167,0.0785129705518401,0.3244641184260894
418,414,0.009246059024718938,0.002789378810643989,0.004221102569556485,0.016508601297003097
419,415,0.006691663730302492,0.005425394860221708,0.002003415681193314,0.01465353433963126
420,416,0.008471457634189453,0.007390636979066986,0.006613952568712058,0.019376885390198717
421,417,0.007303845069205595,0.005347155296722709,0.0050628926195598,0.0183650040224012
422,418,0.012420197256332078,0.0034911303849918356,0.004256054891235871,0.0161459112370398
423,419,0.01071872088721849,0.003009226291619888,0.013373627374351674,0.016035566678894244
424,420,0.003905618687672674,0.002032006419559154,0.0027033374382987715,0.0145588065515241
425,421,0.004446898198097571,0.002070339863360813,0.0031525708299324287,0.00561613586147242
426,422,0.004497845434534671,0.00921414742206623,0.005268965100992657,0.01453115534852624
427,423,0.01661969366619207,0.012123470814279695,0.00784967742967363,0.03571191325516386
428,424,0.003921116574068922,0.0020402199706693424,0.002176804117626543,0.014597572083366001
429,425,0.06736977682959303,0.0031674332301535623,0.0020172581079914,0.01413650022747196
430,426,0.007888030670032813,0.0038196184082865516,0.0035181755322948854,0.0168847454228459
431,427,0.006983572922675465,0.003250724187698662,0.002927513773888329,0.01826264885455402
432,428,0.008631973579693397,0.045523324750277656,0.01563497458411933,0.01568502902312414
433,429,0.03430421133500451,0.19335781361909035,0.18323707064741804,0.07898349128189
434,430,0.012450755945055254,0.0045563036907279725,0.003729411463594371,0.021070950614346478
435,431,0.015152208753423109,0.004047858016986044,0.0097994666754711,0.01541029978360306
436,432,0.004718063562178771,0.003974359789081533,0.007605259793261629,0.00424427989071832
437,433,0.00792153163121881,0.009364268355711488,0.003371000614611757,0.01347909781943224
438,434,0.04017735721553517,0.03286150380641325,0.1180277028372303,0.01470108693102286
439,435,0.006008779873876914,0.004068541939676296,0.0024498982284417285,0.03024996453113148
440,436,0.014551040405361816,0.02884690407486444,0.004269178352394415,0.02800655190264566
441,437,0.027922490245159293,0.004584756645012343,0.005165252743161229,0.01699421822207804
442,438,0.008742148873418698,0.005797952761836159,0.021944958744829154,0.01974484136453062
443,439,0.006331364505459237,0.0031985858608025073,0.006985664531218914,0.013142349463580661
444,440,0.0058586180827664485,0.005059545400086254,0.0023191230839285145,0.0131256556823681
445,441,0.006332830200178526,0.0033554508139574503,0.0051314647862843715,0.01503492251645616
446,442,0.009620584909213331,0.00762246153538028,0.0038598462808781,0.01300553645730178
447,443,0.005479794141348653,0.002689833014187089,0.006223148924107186,0.01312983747957342
448,444,0.0063905328209852615,0.007520079280037365,0.004684570074025143,0.01236303553135902
449,445,0.008141030066850284,0.003249077780784985,0.005323596434654228,0.013275645065207183
450,446,0.009245687146946907,0.0031743689810819855,0.004838482839714172,0.01241539525639014
451,447,0.007645501898728635,0.0033232736035119954,0.006533713976276171,0.012316473510583341
452,448,0.009179758240220564,0.004133893243034436,0.02443741793363423,0.01409321423506582
453,449,0.008447060394581974,0.003171946970684339,0.006456144007727014,0.011058951224035161
454,450,0.007695525976212617,0.0024865396956121996,0.011906286931322086,0.01036161457394752
455,451,0.02665330883892125,0.012390427177524612,0.004708140046293887,0.01073245746014738
456,452,0.01437491672654767,0.0037225696766767504,0.026196400226230415,0.011483373396989781
457,453,0.01572216643489466,0.0027078593055281453,0.004806976636094829,0.0081352087114337
458,454,0.011729969552078622,0.0033170991899354,0.009269176948573458,0.009662477964998561
459,455,0.007432975049269631,0.004219831135619464,0.004296364978037172,0.0106252033734108
460,456,0.008130204510886415,0.004533641915507654,0.041251646259086755,0.009860866069572718
461,457,0.008338365577774051,0.004472831017313871,0.004623466668007015,0.00909429401984188
462,458,0.008545219575926832,0.048965348741389914,0.0224286943320079,0.00935203866131858
463,459,0.009720909421939332,0.20506515282434803,0.019180761598539042,0.00832403295131544
464,460,0.025641420641771162,0.002545433639166252,0.003002633047363457,0.00590944585741174
465,461,0.034952686156795955,0.05105282696704369,0.0054872953393883565,0.008700358871494021
466,462,0.01578208808480766,0.009091253316229288,0.03303688039200485,0.05153565735160644
467,463,0.0425424370170972,0.07644327774824533,0.005506264107395043,0.0066045757925810794
468,464,0.015523719262621674,0.014535477819279177,0.022853976323840838,0.0229757707262776
469,465,0.0161754537863699,0.005559619314231263,0.006579776321520142,0.010053244319162621
470,466,0.008060018969790087,0.002784813761599989,0.009106716223413714,0.01342522009599136
471,467,0.01982256189212924,0.005584708097491611,0.0075290436530401714,0.01061744448713562
472,468,0.008246421388022092,0.006906656563804039,0.006504135152370529,0.008819215536421602
473,469,0.0056286177870553174,0.0016555094065312315,0.004158583158640757,0.00729378633703572
474,470,0.009063424113103014,0.005181121882463509,0.008297828375471243,0.01224598441089092
475,471,0.009978291658840295,0.003585695204020204,0.004481792159829786,0.00966907698388806
476,472,0.008855639433038694,0.004339483157142474,0.004546441838996014,0.0069477690157682005
477,473,0.005669574538856339,0.0028022673550732106,0.004881012982431614,0.00640753430397658
478,474,0.023664585737645277,0.06171328706884347,0.02684436782958947,0.20888352301631266
479,475,0.007336512219808118,0.0028918853199915735,0.0045732392080812855,0.006251248910147139
480,476,0.013650942775639347,0.008985464689135495,0.0056522769198611,0.010209467298612879
481,477,0.01645740109882603,0.005558446737234814,0.009210391616045343,0.00991064600671574
482,478,0.008857032010755845,0.005713450548672933,0.01479402672928236,0.00887920703876492
483,479,0.007187624784896575,0.003987573569682608,0.009338502803451014,0.0076028695320263795
484,480,0.011032804757706766,0.003968241662089092,0.013503037512558843,0.01269523232490482
485,481,0.0075913159823528375,0.00324291826434467,0.006361127127823429,0.0029436368319299398
486,482,0.02217818365505224,0.011209903284388721,0.07946945776206422,0.016255074586465183
487,483,0.013316213295451056,0.005200797286882981,0.009071689077737243,0.005944139667524821
488,484,0.007449614306854367,0.0035840851818372387,0.008745586043882043,0.0036194285207540398
489,485,0.009520207164249325,0.004338739741634773,0.009025544984239815,0.00233013251610486
490,486,0.009180699564225465,0.004976833089145876,0.006939260943188872,0.00659359646453372
491,487,0.00671043922055587,0.002152983511096523,0.008158424993591243,0.00105445777464126
492,488,0.011417308219103237,0.004181560471018068,0.006305875998480686,0.00325466718725144
493,489,0.01154766285255509,0.0038692358450409968,0.0078509123111368,0.003466230109388
494,490,0.008000237578688191,0.002531882048963188,0.004921577681709744,0.0038980176348102
495,491,0.012329050324688657,0.0052658824040893535,0.00877318269696967,0.008097158498984638
496,492,0.012846980686518475,0.0029590787749741226,0.0038635066806006,0.0033157287908654205
497,493,0.010458482783111542,0.004922757634129924,0.006114617623199786,0.004758878180154901
498,494,0.01895531152425747,0.021030339847957987,0.007921566151368957,0.00437552278698346
499,495,0.007437693504743218,0.0027456394512854654,0.004335894141389528,0.06799459919399854
500,496,0.00948253155832356,0.003647860217828758,0.011580327405986685,0.0043028621889707195
501,497,0.007898092456318897,0.0038951544441041775,0.006377762140180744,0.00413159204839166
502,498,0.01630639052058282,0.009277422004597245,0.01077279327774637,0.012155037580991181
503,499,0.010960109756714739,0.006760070353773713,0.009588271741607358,0.0105598092405861
504,500,0.03816733714279395,0.03172281340452182,0.0037855559514824,0.0030753631080794198
505,501,0.009743845412799775,0.0032759660637021065,0.006951643085533443,0.0045438374882594
506,502,0.0063612286843066435,0.011627711719867331,0.030420987054972017,0.012366212607591857
507,503,0.011094362421944549,0.0042458638861054155,0.0034112249951179997,0.0025077834256088
508,504,0.008388060109131085,0.0030878004944800692,0.0039671714316579,0.0225300540500661
509,505,0.02439172125042738,0.004846354815643301,0.016739591599484488,0.00294038777802598
510,506,0.015837961859163325,0.03548407675333809,0.006652725087883071,0.00382050737424562
511,507,0.11226631279894717,0.12221805309166052,0.07016648881719703,0.06372557900324335
512,508,0.010073514340774936,0.005310052555367457,0.007244081841082556,0.0047284708671383804
513,509,0.02207840763676084,0.008784443598681024,0.009233072395463185,0.22135664674923766
514,510,0.008333495539417817,0.010430576237407799,0.007006576831950043,0.0012149897088558
515,511,0.024129867931967544,0.011994182135100838,0.01789620504162556,0.00072664325699408
516,512,0.02204631241205561,0.012286114126036087,0.016979837924731584,0.0171963182715728
517,513,0.03038957434055293,0.02559537348158515,0.023058064519531442,0.01703851187994516
518,514,0.024534422314308493,0.011695712440792094,0.02825593496919133,0.02764096736040028
519,515,0.03727566464831643,0.011987984235316723,0.015653859727347584,0.0035787907685824395
520,516,0.030103429692753224,0.020598086436682286,0.03543817038364936,0.0075651018256538
521,517,0.025015720227409263,0.01279136047455723,0.018657357395108515,0.20067396550022437
522,518,0.022704233396248677,0.020904462757383193,0.0197484412975475,0.0033398179408003605
523,519,0.022997109899242467,0.012450816634141434,0.016356626977054842,0.004912957530864881
524,520,0.02113851229206206,0.012566655583336845,0.027319843873237756,0.00782706358794366
525,521,0.027368807849369386,0.014288362125960536,0.019887522295990126,0.00321053417178138
526,522,0.022689413828445575,0.012534989536941453,0.018772116220517,0.00361024563981852
527,523,0.027551114414572704,0.017697525789987106,0.019280291541526072,0.004183266096856739
528,524,0.020348202579436852,0.012306747940683132,0.028313120771614714,0.00564160292575532
529,525,0.03518267830101495,0.011434928009154953,0.018390325321512784,0.0012965977200624797
530,526,0.019123707676776763,0.010883954227695915,0.01547472207025223,0.00445767926789358
531,527,0.01722733663310462,0.00990210865198332,0.014689601472821974,0.0022832121354288398
532,528,0.02612241109414165,0.013537220701166898,0.02193965520983287,0.00750534209207344
533,529,0.019840704898633543,0.01153243335731759,0.017473008509016855,0.00675496381630198
534,530,0.018144901890560575,0.010847459983963602,0.015228795641348672,0.00188674455649124
535,531,0.02051931157278557,0.012694007352301796,0.017142134085767903,0.00465002282902532
536,532,0.017958379137314004,0.01064722661136084,0.014473830261041586,0.00406774593457184
537,533,0.018706893644614937,0.011710967900076604,0.014560385493798171,0.005692270906997759
538,534,0.025572751517867205,0.06591303765937748,0.019375350360704154,0.06414637466361256
539,535,0.016629318514711656,0.009761228887834407,0.014337266785323257,0.0035424249158432
540,536,0.023981342402199474,0.011571009614538406,0.015341528208828045,0.006401160182632339
541,537,0.016751981888729044,0.010170194950067919,0.01750622550239764,0.0041624006397214
542,538,0.016980230844879353,0.009482786395851449,0.015580771812191087,0.0017252034643338797
543,539,0.01697117858101404,0.02210108844286929,0.013941391604598284,0.0031153172224600597
544,540,0.028978103261262957,0.013305920986909785,0.013803997499418585,0.00206849512671578
545,541,0.04584622970526642,0.01081443769877654,0.018286799811833912,0.00511879628094756
546,542,0.0178487699924399,0.017486609010058097,0.018923490457118084,0.00146783600184832
547,543,0.02567880547219003,0.01375077754892699,0.019691232499646858,0.012522843156580919
548,544,0.02037825533983495,0.01699992657070228,0.016609042108644386,0.007590837032757
549,545,0.016687105039646145,0.010947400680019426,0.02336235210515507,0.00234786268233394
550,546,0.01813388155507684,0.013107526102530343,0.023377531963426984,0.01808087100282892
551,547,0.021347031142316772,0.013394368953182486,0.020651036555440913,0.004997006893284719
552,548,0.013050656521140565,0.01867849493910363,0.01897509710478787,0.00399123049771526
553,549,0.013137972499034513,0.00924978086382711,0.020501469169920218,0.00501366492294102
554,550,0.016585317058436924,0.008746054703044109,0.01956686421016166,0.00336031598270252
555,551,0.012685322315373861,0.009299281980789121,0.01884148330330163,0.00478678372332642
556,552,0.014277315903231464,0.00922935980509644,0.018327443320494255,0.00804173195864374
557,553,0.016862115511644307,0.008796277681512447,0.01869168627247413,0.00387149869412564
558,554,0.014145702150021944,0.008418751154167892,0.040421994495973605,0.00601687340277332
559,555,0.02882399410420779,0.026528270911971213,0.01648830888038952,0.03300546392022632
560,556,0.02611180118909878,0.006871964972538011,0.019706240694693556,0.03164624139187084
561,557,0.04182523964211713,0.013524411985070603,0.14937880785219437,0.02572926026799002
562,558,0.011329189113496202,0.012832536618976972,0.03585118698676319,0.00165754725823372
563,559,0.011539384315938048,0.007264717949915732,0.014202084829767873,0.00375760396528444
564,560,0.01032360619379635,0.007659375220577137,0.015374125548725442,0.00673696569473264
565,561,0.010791642074708896,0.008769535441906008,0.015123551720116913,0.0039344615635695
566,562,0.009908590214636977,0.008060932963229761,0.016331763681793086,0.00209507551123632
567,563,0.017775931547017777,0.008635303500765702,0.014787725876429915,0.030072992700729897
568,564,0.012372005706114462,0.006659913302123491,0.012375353529566143,0.00465740468706996
569,565,0.025867020668646174,0.007707542040803116,0.024458999614975344,0.0015439096715328402
570,566,0.012695696806914528,0.011467523175825884,0.014621524725740086,0.00419662647722346
571,567,0.013921164281550553,0.009103357300513142,0.011424339901118186,0.0034283218140857994
572,568,0.009760449023176597,0.006407448737286845,0.012274118945083543,0.00247162027463026
573,569,0.008541235637212664,0.005791764442524216,0.01120388069061097,0.00248183976655662
574,570,0.010344090187419783,0.015793668595021567,0.011218433881936643,0.0037830659587892
575,571,0.007935973580512817,0.0051146772048723445,0.011527574235895987,0.00436212819123196
576,572,0.009628101054936727,0.0068734289653206,0.010312284313375471,0.0037719732089874
577,573,0.008427942813143241,0.005319966393704038,0.010829319565666658,0.00297571816130328
578,574,0.020011323654958287,0.020089816677874732,0.009436494837910142,0.0024156598103871997
579,575,0.008468899755823486,0.007857275768957677,0.008908394857559686,0.004350219317106679
580,576,0.011287712728060941,0.007689146009855264,0.013290437522685201,0.0067721311150977
581,577,0.0073340682658943205,0.010458775365048174,0.007838254500222172,0.00234619015070138
582,578,0.007933230350616707,0.007036491285121063,0.010778124085785643,0.006807513291694079
583,579,0.008355558600447219,0.005231700536746126,0.010266185478833928,0.00200447427293062
584,580,0.011084441945818074,0.011214756688224723,0.010521907048331343,0.0050385878492437
585,581,0.017547051715305212,0.0362448106255346,0.057555249951791725,0.008361158079231719
586,582,0.006461848992365827,0.005347855589416382,0.007844849379425242,0.0049884263947394996
587,583,0.01321284642593971,0.03228090471575139,0.015602130724071343,0.00904642769139434
588,584,0.008290328488987695,0.004350765862551596,0.03790000599084064,0.004931192395910019
589,585,0.008453883716058616,0.0045891932359085775,0.008034142631060257,0.00218446798243324
590,586,0.008934800251386559,0.006626050354568177,0.011132621686441115,0.00528987332706838
591,587,0.006207312268943787,0.009456696620676419,0.007417880681346286,0.00435210809123396
592,588,0.017500954843152044,0.03246471246012374,0.011115446870155898,0.0024596814029803
593,589,0.009733808003606445,0.012328441884423825,0.009863029479975916,0.00402851844828324
594,590,0.006081772241042144,0.005248302631053553,0.007123991194005072,0.00516482341910158
595,591,0.007066520176280196,0.005287830729943782,0.007750883114595243,0.00457135313958118
596,592,0.012325889517261893,0.009239350363704896,0.017147666272741988,0.00970875744860708
597,593,0.04858384493941316,0.08477414951866848,0.13359652805442115,0.033583830296581
598,594,0.015577790346901243,0.007816573708265225,0.004931862069830271,0.00173687444527886
599,595,0.012703566832059126,0.0073569991886536295,0.009591158638305916,0.006294431051553339
600,596,0.010102306147617394,0.006005126109160426,0.0080698040029719,0.00560373346771666
601,597,0.0063955995007225295,0.00870272040288788,0.022214077385471716,0.00325423806250602
602,598,0.0059921533232783035,0.005296995441875168,0.008548999516963373,0.0055591493172438
603,599,0.01846585115730921,0.00898726979659962,0.007611160889348643,0.0036074898197678198
604,600,0.008819160305253475,0.007691232371113285,0.021634270845512976,0.0167292177323895
605,601,0.003992754720478324,0.003577734509890105,0.0029410426844796575,0.00210693595825916
606,602,0.010548364522139997,0.0037521018871139317,0.008912997375863744,0.004983317927923
607,603,0.01394165014946141,0.004542527067780171,0.005686547103745513,0.004046406497121961
608,604,0.015927548954748242,0.0055202993404049605,0.008500223548173515,0.009412618399121721
609,605,0.007699981198321607,0.006066087525742768,0.011405727138736128,0.01591583746857756
610,606,0.005454235771502474,0.004173336057891443,0.004478172377215586,0.00836281989934962
611,607,0.010719673823641897,0.003754289584906374,0.007899244600732543,0.0068017359635980995
612,608,0.004796368869878354,0.0405566459148811,0.008632176021431515,0.00614766613501344
613,609,0.011522224792420169,0.005984361560444181,0.009037052468841483,0.01278792984505154
614,610,0.012802347156861278,0.0037783900327233045,0.0071833657310579994,0.014286110987436382
615,611,0.006805182558163842,0.003503886064429131,0.004570568625773685,0.03763326714420225
616,612,0.01219784265128788,0.034829079818081865,0.005158380222207128,0.00667552277061946
617,613,0.006007277982065236,0.0028418266026642124,0.0029674591867197573,0.01010626401325208
618,614,0.008340830976143056,0.002583241613173947,0.0052021146295973,0.006364413727989239
619,615,0.006334691610083628,0.0028433327213439473,0.03603871682376628,0.00733808222296502
620,616,0.006896915961840484,0.0034729425857129514,0.002268097127037114,0.007495445782960179
621,617,0.004177667831006576,0.0030028939681214393,0.003648633107038943,0.00431063347269172
622,618,0.008515435845054146,0.005501630268815285,0.008107868013895486,0.027132038163307
623,619,0.008260329588467808,0.02353441151130929,0.007407685184084943,0.007473484513763999
624,620,0.022745323316401146,0.00833430353023768,0.05011858459124236,0.009282093791518939
625,621,0.005367819865807098,0.004250731933989491,0.020354641055573785,0.00713801725541484
626,622,0.01792763678403613,0.012089084920289268,0.007933211559560574,0.0110602653124132
627,623,0.00914891826826202,0.004083812885387854,0.012960755327737527,0.00876122239045926
628,624,0.004179009236825068,0.004716279529210258,0.0028548873836093144,0.008288915979862019
629,625,0.01175955699408548,0.00665679417310268,0.0019841069441561285,0.009473513121097099
630,626,0.004255370417599068,0.002813071475853104,0.006485203423923672,0.01884280257235972
631,627,0.01624065746575224,0.0049711052360576005,0.004192500436135372,0.020017158802057684
632,628,0.00527348490210936,0.0024131147289585507,0.0027838302525887712,0.01830836110555914
633,629,0.00512023690279901,0.0037235678335663267,0.0033174237602154716,0.02025153312213526
634,630,0.018071777799241268,0.002676532949092406,0.008701065359773755,0.09736109112696936
635,631,0.010693962350613246,0.007054866304710779,0.003712902894912143,0.02053575897687744
636,632,0.014123613341895653,0.008116770623797238,0.015304769491168626,0.0337519606218801
637,633,0.0062476501817083745,0.0036179071381457917,0.0030748006169062144,0.006246987454824
638,634,0.00816788329905556,0.008233706790461703,0.025708838004128844,0.021590049627871238
639,635,0.006864671609618335,0.004814267827339505,0.005884473940949871,0.01896171710879078
640,636,0.022152547893920956,0.03915942331029847,0.019955425863147587,0.02883458866411724
641,637,0.00755446832648928,0.004682889356516702,0.005640468122945343,0.02086620992390024
642,638,0.006570279080344188,0.017966275528183993,0.004466042581549815,0.023733972924256178
643,639,0.006985109633056905,0.0037831330929376543,0.0054673567508226,0.019856316708569882
644,640,0.01191276744274716,0.0222470467098721,0.012854120777506299,0.02345668664192318
645,641,0.013498335819224957,0.005647304301807273,0.0055098901389418285,0.02140135159417166
646,642,0.005310350852131809,0.002873379814506777,0.004233482957681771,0.016216146446585318
647,643,0.015141619039775006,0.00986380619898253,0.0059290245750914005,0.0185286549094361
648,644,0.012840275916238583,0.009877864625954762,0.011595347408218614,0.0259455154905047
649,645,0.007881420644089117,0.0037563494048578265,0.0041356480653002,0.02249105006736384
650,646,0.009238723229264521,0.003673126874683907,0.003699561792150857,0.0181496943402986
651,647,0.006569036443109531,0.003920372130977894,0.022132783013116743,0.02079680711164814
652,648,0.012182406166363704,0.00670577154709566,0.028628001140282886,0.017833538771828118
653,649,0.020564976036560278,0.014296302765595206,0.005686914466558758,0.01792449442099284
654,650,0.0254467653068813,0.011240301363483465,0.006523366622383271,0.019553117276963843
655,651,0.01598884408399852,0.019649767943853452,0.020400244594066017,0.0242518730381978
656,652,0.007691092362535986,0.006013493830933727,0.004826530521629272,0.02139717184042622
657,653,0.007800988028940908,0.005084365259329425,0.008098095100967286,0.02097044836539332
658,654,0.0058293275343315205,0.0069699599229693055,0.018497023590537245,0.06187754603662713
659,655,0.01687710373133527,0.013830313539760492,0.01340631683635167,0.025022312373225063
660,656,0.008381214996161627,0.006596807588745916,0.0025706511280354856,0.017533984312492777
661,657,0.006254825201612925,0.005654700036720582,0.002412173829513071,0.01632159132536652
662,658,0.0065933376882773105,0.008275097519392406,0.007594792403713214,0.02030660784190008
663,659,0.006312838059211912,0.00573239120933989,0.011872968776859628,0.021408130258417857
664,660,0.013226862208181976,0.012952491585526457,0.019791268408407142,0.04939662223173247
665,661,0.014399560833087183,0.050657477923286356,0.0065221560580470865,0.021721166550013278
666,662,0.020875833036845603,0.005232939143390704,0.026638839062556912,0.01611837058069832
667,663,0.010110740327169817,0.007292555317640339,0.004082030118731043,0.01713232531005326
668,664,0.008382214561581613,0.005404871234307416,0.013888695096185844,0.016215231659740346
669,665,0.007198736286641253,0.008644242940337906,0.0013041468110749426,0.016106352487475502
670,666,0.009001809220714986,0.006271061490769487,0.0025455430622058576,0.020282166924569384
671,667,0.014522329058811068,0.013298158022855366,0.0042413095957766715,0.01990200794236178
672,668,0.02232481576014115,0.02293160138018783,0.0023271229676962717,0.025393480539475266
673,669,0.020971048004807508,0.011645864490737312,0.033390180902452285,0.022326079288700902
674,670,0.011048631400997145,0.0078503757857049,0.0074225672614997565,0.020701442311603258
675,671,0.01198893550509225,0.004826387282045836,0.0032715496612699857,0.0164271094271378
676,672,0.00917664468961511,0.007079605851425312,0.004570173294684815,0.016088694071694762
677,673,0.010792643263041472,0.01094627525514777,0.004879916769731686,0.0161004675733998
678,674,0.01073242703030983,0.0059163876764092545,0.005749042240733771,0.019749984471997082
679,675,0.00809797541701955,0.00502681557594826,0.0017634193355575427,0.01430581613508436
680,676,0.009395201896990212,0.005091196252004785,0.0034597112068198575,0.01696584551277774
681,677,0.00597015995875527,0.003488858266424548,0.0019857466624980573,0.00687571181996764
682,678,0.010807722888783091,0.006011331049528289,0.0026480407843542855,0.015121341098931379
683,679,0.02315258001190111,0.011573996461602037,0.007573976134956329,0.016520847332219757
684,680,0.01433716342165358,0.0065543182055197505,0.003052594979497771,0.01847609447543376
685,681,0.007887737167598363,0.003993850672372888,0.002281986539153571,0.01301740522812584
686,682,0.028697525738657765,0.0046952119881117724,0.0014393077871343,0.01262175358489696
687,683,0.004946701352529354,0.026059796626675045,0.0012745609463650429,0.00463556257343974
688,684,0.009338189213289294,0.005534442819683011,0.0010267538585205286,0.039975696971744336
689,685,0.014770551274262099,0.005797927767968744,0.005815029267882929,0.017552061628752478
690,686,0.011052082726976241,0.003861905603854425,0.0018196229264684572,0.0142928966908439
691,687,0.026299866401194603,0.03219697241179226,0.027084225314436616,0.02205589396373252
692,688,0.01513450094803152,0.01029741425429879,0.0026255228281976857,0.015079542060812759
693,689,0.020892561929936267,0.005214188919805649,0.0023964661875430712,0.014097183484104879
694,690,0.014343708868521479,0.010811653368758598,0.018633596852611616,0.02217227261189382
695,691,0.019470137234580086,0.026426999489893143,0.005198159465690058,0.017980172421016342
696,692,0.02353282044313896,0.012534983903184364,0.1138742045887309,0.029623876521355744
697,693,0.00947632859977642,0.01345681379440036,0.0031328592377655,0.015482854719495799
698,694,0.01944143617760796,0.007182969121755,0.0024790079524328575,0.016679743904531842
699,695,0.00935899069322934,0.005563162821261274,0.0031255516929061286,0.018473296134220298
700,696,0.019130399529689698,0.03379122212695749,0.04954033096575752,0.01450499054371708
701,697,0.007717559749963558,0.009225205053616481,0.0038185774443202994,0.012399456892322438
702,698,0.023889557014872657,0.010530536962249301,0.0243961921941315,0.029950845937047138
703,699,0.01750625905847177,0.043085090973110564,0.0031561056485491287,0.0072314458271306
704,700,0.0449301955134706,0.01842213976329625,0.02145148935228484,0.01168278614307926
705,701,0.04276996736581874,0.05414208106141427,0.004743296841458529,0.01498737191254184
706,702,0.04865714375788388,0.021505871790392404,0.0139810479502598,0.0111480614052857
707,703,0.054634640234053,0.019358836835624855,0.004148506534536486,0.014951360730039739
708,704,0.039678367792803246,0.015062110345815278,0.004181374725710342,0.0273411118197281
709,705,0.062345388470079026,0.026352632211693476,0.05924916848974064,0.04342960436762878
710,706,0.03594957968014604,0.0149557672235359,0.0034147489213755,0.012784439814474082
711,707,0.03466174057802476,0.024779667324211337,0.0058095583462520715,0.011231293134703179
712,708,0.035838381108858834,0.02121584025776536,0.003954618418995857,0.01251205678469576
713,709,0.034680586306001626,0.01270271362143073,0.0026988697406982714,0.010749490382746899
714,710,0.032617914325987866,0.013788656269534428,0.0037539157513359427,0.01117712153075978
715,711,0.0301668006956429,0.012961968563589357,0.0038508256003262,0.0166934106641788
716,712,0.027994866796426147,0.012530201690776541,0.004392531952102629,0.012544187159273138
717,713,0.029577404042138048,0.014621921694675348,0.006025144831519142,0.01292921530329226
718,714,0.03063670727545007,0.01349697734364665,0.005485530294544443,0.01090114315062978
719,715,0.036860433003192916,0.015075935867939715,0.004261259871512742,0.01007346681342842
720,716,0.031873828514972946,0.012025431095069638,0.003923425730757114,0.011961754663761702
721,717,0.027548231847086827,0.014557632444376193,0.0066919568605743295,0.012470405671576
722,718,0.025214956219101952,0.014899185709307664,0.004515866751774529,0.008995166902857399
723,719,0.028591147392352013,0.016003005667083164,0.005025629091135514,0.011014152813340379
724,720,0.02759625375125701,0.01748393450999163,0.006819530567064771,0.012341957689444839
725,721,0.029574300649183354,0.01769461426385402,0.006771259119287629,0.010225051410270782
726,722,0.024280767596995954,0.01403618727271909,0.003314412941855057,0.008471765733542561
727,723,0.04643677033479743,0.08230861994549399,0.004804809666703886,0.006886725032204799
728,724,0.027161404204753572,0.019468372149232225,0.004959394023340885,0.00438100800961454
729,725,0.023886760141682797,0.01752805314634552,0.004953431145812443,0.004088304321633701
730,726,0.025248019308604763,0.03358662249524732,0.0024278394751709714,0.0048303915279304
731,727,0.031020493714268287,0.015166123818763491,0.011045649472833801,0.011676502425496421
732,728,0.023164614674823388,0.013049524915218446,0.0038041206509551286,0.005542801389127859
733,729,0.036193268499248,0.01212739177296943,0.007768112822353414,0.07176890460445695
734,730,0.029237292459791057,0.015482409728698594,0.006942198709476285,0.00895566243313
735,731,0.023831331988130092,0.012633534551613737,0.0033472068734819284,0.01274068450504678
736,732,0.028482567947280924,0.016986691431726327,0.0247875810778131,0.00232239769227004
737,733,0.02808272421241441,0.012498277275638132,0.023472443570768543,0.003085664862968
738,734,0.03007000100988098,0.013491876991243552,0.005657039261009529,0.00387623099417862
739,735,0.022473074850320476,0.0148318503194135,0.0054262799417797,0.03183913603789268
740,736,0.023728370504805123,0.026337100634845848,0.013051291114904811,0.006250144138137719
741,737,0.02250728039455859,0.01837389052491551,0.005506009177593728,0.007189318818399119
742,738,0.018510755182186794,0.012966293231405673,0.004158550412533242,0.0038439690618039405
743,739,0.039816038131256205,0.015196694935332917,0.08115980566600921,0.207730522620483
744,740,0.016417915655726256,0.010516031415695265,0.005137136035477657,0.01038160211625574
745,741,0.04044315432545556,0.02721315111090465,0.03682488595895574,0.011980468905492361
746,742,0.027856124540080688,0.011631661471467785,0.008169798263748545,0.00831375447275366
747,743,0.0489445995037694,0.022544627444904822,0.01852464679449769,0.007470835129482279
748,744,0.028670716512089373,0.019039974605690447,0.014195494631882143,0.00842714762047924
749,745,0.034358199190914984,0.02201077873751762,0.016513697894089144,0.010692588843904541
750,746,0.0418367639533938,0.08519001130416566,0.016497380700700927,0.008457703182066902
751,747,0.025170468067746487,0.020179981908000435,0.017140527766144928,0.009730216732263798
752,748,0.02597249055818522,0.020743471022953774,0.014680627975323414,0.008076612515548821
753,749,0.02663273227292763,0.01779628350913895,0.015332579596095243,0.011658559808914259
754,750,0.02849365134884994,0.018343207290295725,0.012491099876605155,0.00870644244255964
755,751,0.03484726720664038,0.020705136989541836,0.0276729920016706,0.00775062940675924
756,752,0.04477068207436893,0.01992371722624384,0.0634671579953406,0.01268191864121408
757,753,0.04173505233031083,0.02444238529124854,0.015463256400602815,0.0097734728404506
758,754,0.06383148621012721,0.024051590979535856,0.1679932118080663,0.20583165913037987
759,755,0.08426876076336628,0.021907676504992764,0.059368404602568696,0.00852575492475414
760,756,0.02162921951760157,0.018370666376823115,0.014689427816412444,0.07241280567720833
761,757,0.023526864205895837,0.02610167601211631,0.012556936802762802,0.00696982970042588
762,758,0.028978401374134058,0.07032056384349936,0.011554815977217102,0.005138949573064761
763,759,0.045977386161933954,0.022099788603829832,0.02427206391496757,0.007379685724418741
764,760,0.054407516410314535,0.05744755677785728,0.02837817580858404,0.007527394035729541
765,761,0.020008547967277183,0.02534119255718079,0.016209060333847797,0.00569857707684262
766,762,0.04317803037673425,0.02488543790295223,0.014437279647338284,0.00782361869224504
767,763,0.018986314112370846,0.027008741494414734,0.011503809234991273,0.00524767942769952
768,764,0.020278830721108355,0.025703233337788834,0.021092893441282384,0.007702075248983661
769,765,0.01836248821189851,0.016946582918238487,0.012938005318890214,0.0065487645646861
770,766,0.01934101044139579,0.027668745172858483,0.015684866930095014,0.00796122483244266
771,767,0.0192510779560852,0.02430666896111569,0.011806588951218241,0.00740739121968406
772,768,0.019185971757575707,0.015418391056595026,0.012147227979874572,0.005415613264698721
773,769,0.018348995066392336,0.016114825410574258,0.011068372094224871,0.00931898216964308
774,770,0.017746283707573446,0.03541182836841604,0.021729883909555874,0.00726058645160166
775,771,0.01814197144103797,0.01587110024225763,0.020988456135595145,0.00956538110294536
776,772,0.026038375161699344,0.01673273351313118,0.014119062970188542,0.00982304726484314
777,773,0.022386738622003362,0.027006754217099263,0.013794172322100026,0.00669420869231206
778,774,0.021163801274096804,0.01885861575554303,0.013216434991826755,0.00794873629379732
779,775,0.0207061891714515,0.01770345119737553,0.01672370016390416,0.0077081460282857
780,776,0.026593174957093436,0.01639298246633599,0.04381283989593836,0.00844732303966308
781,777,0.023226813792247353,0.015047189851503488,0.014025516518164501,0.007337700859229119
782,778,0.033883803925939725,0.013858073467444885,0.011860900802071988,0.00628526272246866
783,779,0.02159139443820146,0.053543938252601356,0.029259460973285117,0.0071802248727034605
784,780,0.021783578174116067,0.01403468772430344,0.013024499345174814,0.009552760589206063
785,781,0.021085196616147918,0.015093949795655412,0.0165129214908151,0.00795675239603428
786,782,0.025143899552711874,0.04422290005561757,0.0150296824826266,0.03347143797710768
787,783,0.02552415629380143,0.02772611014652616,0.02110908364420504,0.053478435224283506
788,784,0.01819043658634046,0.022605914803263627,0.019753262345091997,0.013625470867369979
789,785,0.025116621526787355,0.027869696062899636,0.012383520330316615,0.00612388464694304
790,786,0.017053570224221708,0.015232590877418557,0.0185547540387233,0.006633848735404081
791,787,0.13571981115937912,0.1700276403354839,0.012229775784449042,0.005713963313543119
792,788,0.024294456919193012,0.059733596001955463,0.01260784935870527,0.00548007979233264
793,789,0.005710010129690381,0.0047651175724385715,0.016720081747456313,0.00943248269045324
794,790,0.035178021518472144,0.016820850807926124,0.014596965084128444,0.0070735033799263
795,791,0.06820901228226024,0.1253305307631895,0.09098736119556308,0.1904192094350826
796,792,0.08253357529997794,0.0771927697230024,0.014316620919692628,0.00565225463274608
797,793,0.10210500233963339,0.025490878614741416,0.2375415506949469,0.3659832506985179
798,794,0.016793454632567952,0.011036999957997843,0.010602046390274957,0.005668702615354041
799,795,0.01322276334992501,0.011538875224204973,0.011525538346622883,0.004803456157419081
800,796,0.013873532130569285,0.04865846692466177,0.021299516558492885,0.0067182280335273195
801,797,0.017593240858159928,0.011676067972525118,0.010511426928245915,0.00651772001371494
802,798,0.013554606075052336,0.010489404317333374,0.008969674233587143,0.006781850347202459
803,799,0.014837185554984764,0.011115482168616565,0.00873963525747183,0.00544682793127668
804,800,0.014210621219434344,0.010835278955340115,0.009780370797691156,0.02687236833709308
805,801,0.020978950738766128,0.025899923146620107,0.009944119971340815,0.00417232601239476
806,802,0.014891681305685682,0.012083851805467448,0.010786266566534728,0.00625804670289588
807,803,0.014975165688531071,0.010760733063307982,0.009432031131556915,0.006640191731638219
808,804,0.04041649037402881,0.016526529816110906,0.01266731345746597,0.00640887701559504
809,805,0.016892864669776114,0.010493001375518814,0.009195628149823014,0.00852774133262922
810,806,0.01886176475599489,0.009091880905162534,0.010286726330594373,0.00848078050162528
811,807,0.014478925067951422,0.013056314297565283,0.014101335199218985,0.00500820099044288
812,808,0.04304075959535486,0.010137407816158734,0.04959882474179091,0.06872996394194021
813,809,0.01817432190068561,0.019188265112819323,0.008324304433169814,0.00503616167415178
814,810,0.014097587218889897,0.008635591654734555,0.0072752747473022435,0.00487041543765444
815,811,0.01487867758300203,0.02032028548533123,0.0086906973187781,0.0065377491949068604
816,812,0.02571118591170176,0.013761978696482192,0.006963957165814784,0.0026829612353526998
817,813,0.011513233440625546,0.00736617110255155,0.0066189015162944,0.00235086411556996
818,814,0.011492155005892044,0.008042545261392227,0.009318701265906129,0.00336982643882596
819,815,0.014052740447150512,0.007010305624719481,0.007375541052539272,0.00191192414827934
820,816,0.011057339813718828,0.016440820562271394,0.007408834042709159,0.00543212526107026
821,817,0.02919802534057951,0.02743029639654618,0.012621103488130314,0.0024228057121522
822,818,0.014514092408354566,0.017799317457539224,0.008845492423130586,0.00389199663818646
823,819,0.012680093563369025,0.009750354631116093,0.0122636162911954,0.00291357598263552
824,820,0.010648450961094062,0.010076437648432426,0.007334833962030043,0.00226169248701262
825,821,0.015573035712133067,0.013085973660526749,0.008450711146196985,0.00298045562828698
826,822,0.016564252560610986,0.04703691906338606,0.006724757255390314,0.0035401413641521205
827,823,0.011818268688731044,0.011461269718807284,0.008039097472762213,0.004420027085507379
828,824,0.016000219647257216,0.011685230225736698,0.008196406778347043,0.0030840245741482002
829,825,0.013494736716645033,0.005895629828393264,0.004058749263473329,0.00128051628253068
830,826,0.015115138443555099,0.010419259355399765,0.007600112507701414,0.00426009806505468
831,827,0.013941997230994619,0.01073378748648356,0.01425264570482794,0.03266559093500284
832,828,0.01859109869497069,0.0189585595983358,0.030429682781831755,0.00432605124455402
833,829,0.020189244728608287,0.01238017319798215,0.011940551054853943,0.00581180738552962
834,830,0.008702719271049417,0.010366632133997144,0.006238408924156015,0.00180358970954586
835,831,0.0387798308836581,0.021584407616706693,0.025625718014329214,0.20774788510516204
836,832,0.012052428930772128,0.026812006337747538,0.006021568771602699,0.0027420500487891197
837,833,0.010212029846641114,0.011857812052105678,0.0076123132713445145,0.0012319835277968202
838,834,0.017965901450954908,0.009731282198464964,0.005691823225492857,0.20420481941919646
839,835,0.026990943000151014,0.012778140918489235,0.015279881561204614,0.005950991885468719
840,836,0.048261741900989134,0.019783888207364812,0.03794899357606232,0.23198780229376345
841,837,0.010057985895489858,0.022509014824448094,0.030289560347872228,0.00478847077424616
842,838,0.007174510455701632,0.020268918942949694,0.02252240383580145,0.0026099511981147196
843,839,0.013953588787195707,0.013001602376126773,0.07275987202338924,0.006125299944108761
844,840,0.007946814847571922,0.008607806521570149,0.010267108370281657,0.00361559172047362
845,841,0.0060682054570811925,0.006573876179407318,0.010447890474493115,0.0024912149377248
846,842,0.012782913726815785,0.005642198342578542,0.007301304665719728,0.0037312991986706598
847,843,0.002639332269139657,0.004396546697478961,0.0018645643430496715,0.00156137771781082
848,844,0.00897604865328349,0.004766940367355362,0.002644541309828043,0.00103092783505154
849,845,0.003881337405498283,0.006724662503968211,0.0055440439597807005,0.00212077211178332
850,846,0.005293849934559083,0.004580225477984221,0.0028366755882398287,0.00109890109890108
851,847,0.03776451687505384,0.0037481865547107957,0.0007675088773186143,0.0
852,848,0.00623850916635004,0.0051141598644476455,0.002008945722326686,0.0018691588785046402
853,849,0.003397595348800868,0.004712536703505066,0.0013518792795401715,0.0029409636062861797
854,850,0.009179832078658218,0.006536015835873673,0.0016368995296863287,0.00191728858285572
855,851,0.016107256005345325,0.014144900870905258,0.01501126102172883,0.00340607210626184
856,852,0.006546756581514888,0.004732754598844026,0.0027876339557179287,0.008155941603458079
857,853,0.007428393399992094,0.027183698454741795,0.0003562522265764143,0.0007142857142857001
858,854,0.015694659881103773,0.00534627661899217,0.0003092145949288714,0.00216101913456082
859,855,0.01279342751022315,0.015787992644820323,0.004900992431973757,0.035920403234681784
860,856,0.035327015759216755,0.010132414268957944,0.0006663582822523,0.00244897959183672
