,HXB2_pos,Control,VRC07
0,1,0.0017353247024881667,0.008293023194434465
1,2,0.0052535428939935,0.0027336807603726
2,3,0.0031457055438352333,0.0016056745586033167
3,4,0.002120103805319767,0.01896597880112725
4,4a,0.0035736704102248334,0.0023439366366865165
5,4b,0.0035646893466983005,0.001624892964056
6,4c,0.002018311328243567,0.0005975017674158
7,5,0.0014352115439603334,0.0007967105948305166
8,6,0.0015254297837919,0.0025871347974717167
9,7,0.0028953084777262332,0.0011603798872264668
10,8,0.001874877200588433,0.0011434692616535333
11,9,0.0024535404300391334,0.015151429464098316
12,10,0.0049671479572914,0.00258022266223845
13,11,0.0025458652625815334,0.0016908818578811502
14,12,0.002318724694948933,0.007373958156276601
15,13,0.0,0.0
16,14,0.0,0.0
17,15,0.0,0.0
18,16,0.0,0.0
19,17,0.0024887461550274002,0.0010656900116509833
20,18,0.0031604558892502333,0.0023009789315834666
21,19,0.0027128999621044334,0.00095698601723495
22,20,0.0014730485160075668,0.002719976923925117
23,21,0.0035810225939098667,0.0020834093128541497
24,22,0.0032493031822591,0.0023087211348528664
25,23,0.002304012290476133,0.002313846551136183
26,24,0.0727833394833252,0.0013578806899929333
27,25,0.0026020793323444993,0.0008583648052190667
28,26,0.0024334534949427664,0.0008203436544168833
29,27,0.0044233358878404995,0.0017309015876554666
30,28,0.03517835191609226,0.0017176947717346496
31,29,0.0019340656635513666,0.0010462798510859166
32,30,0.002343144891070367,0.030322368327850874
33,31,0.0031444534770784,0.03480775287916849
34,32,0.0018107773273150333,0.0007552892474451334
35,33,0.11495394223846227,0.0008348032603007575
36,34,0.20685071260243026,0.0009984469706521687
37,35,0.004191762667747033,0.0016748976242869755
38,36,0.0029530325397758334,0.0015290940982118084
39,37,0.0023285690580248,0.0007340010479882076
40,38,0.0029371400980353997,0.0011033786821612493
41,39,0.0024611571948640384,0.0010759336597675772
42,40,0.0013793693010256281,0.0010594538757943254
43,41,0.003115461542916564,0.0031184835737888715
44,42,0.0017326200770611936,0.0858136868952461
45,43,0.003906773587785395,0.0036758605724337497
46,44,0.002693629858336032,0.0022353537509230627
47,45,0.0032185962557483494,0.0012000988228163876
48,46,0.0016958058900522332,0.000981545401623965
49,47,0.0016887095259045142,0.0010839599555369946
50,48,0.001873061303908973,0.0013342755958091152
51,49,0.002978259304632377,0.0026913824409605883
52,50,0.0030759792275794648,0.0015399148948559852
53,51,0.005082365977889193,0.0017544645838797341
54,52,0.0028871701729930423,0.001434612551819858
55,53,0.005241945219837984,0.002063870887171036
56,54,0.0033778814229987668,0.005823691339948288
57,55,0.0022186665877656836,0.03153218965588119
58,56,0.0022864863285940286,0.0011624079590970763
59,57,0.001500718222535655,0.0010736692834003782
60,58,0.001743833887295919,0.0013443695986463384
61,59,0.0020915863240528057,0.0012654849017306677
62,60,0.0019747164699372155,0.0016305924728398375
63,61,0.0017358619406127149,0.003143886302377018
64,62,0.0018432021713962305,0.0017866565442442753
65,63,0.0024149029015951553,0.0009073516522912016
66,64,0.002866184529422641,0.0024376805977579987
67,65,0.0014767912335830633,0.001282596726882149
68,66,0.0049388989128625336,0.001570664912640949
69,67,0.003147692413962082,0.0010726354529690756
70,68,0.007361225647782278,0.00393927861594053
71,69,0.006058109140905751,0.0036233081920292102
72,70,0.005851059312192633,0.0029357081519057796
73,71,0.005276847287436086,0.0027836288875560905
74,72,0.0015606676504692234,0.0012791400031601037
75,73,0.005173747315482352,0.0025065348093848564
76,74,0.0032491154299556656,0.0015393399868790711
77,75,0.002590893683748474,0.0011635286218263053
78,76,0.008058707619003715,0.004265682663906223
79,77,0.0023542646139230665,0.0013095629630963997
80,78,0.003385870503284654,0.0018899778178607773
81,79,0.007720994176416675,0.0034533355241132516
82,80,0.0038038933128929546,0.002426418767472697
83,81,0.004953003876143058,0.0191232941173717
84,82,0.004085919242583245,0.002135711271348807
85,83,0.003648217151837776,0.002365785388324255
86,84,0.003191272704401746,0.0016573819682527552
87,85,0.0018918246778324443,0.001547480140861048
88,86,0.00527661023316346,0.003883935791781975
89,87,0.0028134798305023707,0.0026742488954224824
90,88,0.0023205116709168806,0.0014035900541374611
91,89,0.0018706124573362303,0.0012700163958409866
92,90,0.002659367493336554,0.001234233612083018
93,91,0.002525931364097347,0.002966919564210714
94,92,0.0039062213654223058,0.003080064154376792
95,93,0.005792269560292717,0.002596109714195914
96,94,0.002088784246960413,0.001286401582666736
97,95,0.002813452198517319,0.09600028094387257
98,96,0.003968065347404076,0.001947595483378754
99,97,0.0022820327214838213,0.0012704840609166817
100,98,0.002233539859261062,0.0013223478591041751
101,99,0.0015713801705651135,0.0014121343300933867
102,100,0.0019691592601788883,0.0016185218100839072
103,101,0.0019545160216672,0.0028168402148852265
104,102,0.0025928153082764127,0.0015256540738518237
105,103,0.002872454243052695,0.002236239551856628
106,104,0.0021808994036807048,0.0013346542790264732
107,105,0.0025431834369534934,0.0019495288616184548
108,106,0.0026942551188415013,0.006357019689663229
109,107,0.0026197812777357644,0.0020286170852462943
110,108,0.0020514671780335596,0.0015194879176353205
111,109,0.0025515577511998283,0.006957423504973978
112,110,0.0017845488105302123,0.0011679187498754558
113,111,0.003287795835239117,0.0038763396278763103
114,112,0.0030691008366803426,0.001781862860184427
115,113,0.0035136516458348544,0.0020373340321497317
116,114,0.003019741442061193,0.0015749793855540082
117,115,0.001698985423704649,0.004405248717882489
118,116,0.002791876721397824,0.1033261885113976
119,117,0.001955871458870408,0.0015186102959677862
120,118,0.004365625890971495,0.0052206607232426075
121,119,0.0023973279362638172,0.0015934467289799384
122,120,0.0019062844478858068,0.0011294300205638072
123,121,0.0020857330754098,0.026500971222705005
124,122,0.002196325291315005,0.0012939545565358562
125,123,0.0034977251342774617,0.002262883843151731
126,124,0.0057360639012000005,0.003594320269258291
127,125,0.035840623834525916,0.0018158609367260965
128,126,0.004017065850394512,0.002785401556214089
129,127,0.002170321651120869,0.0012042892802731709
130,128,0.002248754889381259,0.006646112578884772
131,129,0.003156037535221948,0.001729195337144648
132,130,0.002765652783996786,0.12350191220209765
133,131,0.0029721839840382205,0.0016644317020397326
134,132,0.0026973146955685157,0.0014362059799254115
135,133,0.0031963812832814897,0.0012543141934823416
136,134,0.002604061406139048,0.0017977230032711088
137,135,0.0,0.0
138,136,0.00206749788841653,0.0013501799334175613
139,137,0.0022641433825979947,0.004631274764915701
140,138,0.0018866281882686969,0.003997938655355683
141,139,0.004517557820072017,0.021803292103295974
142,140,0.002852468091459535,0.02290922940670763
143,141,0.00220852267905624,0.0014050264851853524
144,142,0.0017841560765665136,0.0015207180287814062
145,143,0.001570656334186021,0.0011072899728842489
146,144,0.0024927763875257102,0.0014121948835171458
147,145,0.0021626331934935525,0.0011393878142233677
148,146,0.004250950788138481,0.0023186955060989314
149,147,0.0019233855644354468,0.001225236473791271
150,148,0.0,0.0
151,149,0.002365834087084499,0.001668291436318075
152,150,0.00291789875615145,0.0016483192704095217
153,151,0.13093041127363306,0.019128861200223543
154,152,0.0029713081433423083,0.0020868894746223507
155,153,0.002649083953340175,0.001474949306939515
156,154,0.03201430699910396,0.00466480070449786
157,155,0.0021776231095552373,0.0009879424364448975
158,156,0.002786796905187322,0.0013787614118136945
159,157,0.002611671362254757,0.004804361026268882
160,158,0.00255579322337346,0.001529558287802821
161,159,0.003546662822966451,0.001912865799864537
162,160,0.07593839608549662,0.01786306115147976
163,161,0.002978431201540215,0.20695483932116
164,162,0.13218901635939212,0.2274184115627195
165,163,0.0021466904795104116,0.018887848478402507
166,164,0.002521290554591017,0.01660716620526779
167,165,0.30200738657721815,0.15849241900664668
168,166,0.13082101280555897,0.04474762554874066
169,167,0.6033751132916284,0.5013404544055979
170,168,0.0018142000989552725,0.0009974435854985329
171,169,0.003030638251755903,0.0015370084635470843
172,170,0.002220418397514355,0.0009413591429028579
173,171,0.002623168906429019,0.0008766814620481027
174,172,0.0015851792443235028,0.1675885458333721
175,173,0.0012279556915407335,0.0009293843931763723
176,174,0.0020753613653241862,0.0012004922493683017
177,175,0.0024149758358078233,0.0013042545345737446
178,176,0.002519616331631623,0.0009745773526842207
179,177,0.001460658205877103,0.33530941450183915
180,178,0.0017244326921693545,0.005885076725707107
181,179,0.0014052288635207366,0.0007491125204448643
182,180,0.0030487288572774354,0.0015142416087676209
183,181,0.0021176418191070473,0.11375082918689104
184,182,0.0015657362692712293,0.0011466516151904197
185,183,0.0040046292282733004,0.0020453882299577212
186,184,0.0022322433391407997,0.0008842553693771291
187,185,0.0018351657262953664,0.0014838274201627885
188,186,0.0037527798637659996,0.001396915180229448
189,187,0.05027599858289297,0.033613901304021185
190,187a,0.0020206801977688304,0.02816369227429295
191,188,0.0017391153379134666,0.021934848530413036
192,189,0.003464893204333866,0.002492246618757651
193,190,0.0027388954098762006,0.12955988514297703
194,191,0.002805869543743685,0.001006510538286331
195,192,0.002959979889018933,0.0010823693117779556
196,193,0.0025428311104129754,0.0010628108277545448
197,194,0.001091368429490546,0.0006911336290754196
198,195,0.0020983097431027833,0.01173844215153674
199,196,0.0022401603786057996,0.0016887754822727328
200,197,0.001963981052934187,0.0010716807104797334
201,198,0.003075104325839858,0.0014500853803322926
202,199,0.003410790810937638,0.0023561097119705744
203,200,0.002486563701047695,0.0012741641652550752
204,201,0.001949392219233236,0.10960064750720971
205,202,0.20893229644933395,0.001089916121682909
206,203,0.002728459363196754,0.23257511436751765
207,204,0.003422947583659713,0.022906105311999894
208,205,0.0032110535469637275,0.0012391833597084556
209,206,0.003067249493955935,0.005381841501157412
210,207,0.0030340489743000947,0.0013763154598038685
211,208,0.19849066716616845,0.19476448249241543
212,209,0.0032114878270713097,0.0016172817415462855
213,210,0.0025984180694268075,0.0013183350136189433
214,211,0.009203969127141139,0.0029662563116266065
215,212,0.004277900695392868,0.002169547998760987
216,213,0.0033513256547874123,0.0017995178362113413
217,214,0.005286928214788029,0.0026952964399401275
218,215,0.0027376490125005704,0.0016312060122199315
219,216,0.0037015948884245196,0.0016987133114399924
220,217,0.0036970357614353575,0.001718534581993972
221,218,0.005391991311646151,0.0053386639723494575
222,219,0.007191828517644228,0.006114267763914027
223,220,0.00594413553141126,0.005298038690847558
224,221,0.0035117877253262528,0.0019521327505662627
225,222,0.0035476737649639167,0.002787814244903132
226,223,0.0037507594831438337,0.0015499829922936074
227,224,0.06823545508586708,0.0033470922297477008
228,225,0.0020841665659411617,0.003639561823944666
229,226,0.0029725933267472754,0.00143758023996904
230,227,0.002237241231298569,0.0010516979153018624
231,228,0.0028846702514173476,0.0026161222929214963
232,229,0.0020918600324882717,0.0008558701427270546
233,230,0.08158104668179679,0.243344386524184
234,231,0.002590534193847473,0.0011433677682326593
235,232,0.0029664447159111597,0.0013139009401953055
236,233,0.0046516737487995174,0.0021686728593733845
237,234,0.0030347747584055862,0.0014144458665415868
238,235,0.00314347857009326,0.0015287788393115497
239,236,0.0023680152650471815,0.0017389218954728361
240,237,0.0029570815787768176,0.0048928607803122425
241,238,0.004285429976364108,0.002944373504234446
242,239,0.0021979743749099634,0.0015652800933169345
243,240,0.002199168922911776,0.0010473083208128928
244,241,0.00381470085806705,0.0015402117581456902
245,242,0.005226984613569298,0.005127474705492827
246,243,0.013908488371675153,0.0024520965999495475
247,244,0.005381465981691409,0.003357923773988338
248,245,0.002680434984729107,0.001550360247962789
249,246,0.004152534092037148,0.002049807206242702
250,247,0.0037596189218146,0.001349648908565434
251,248,0.00545759472162456,0.0034812451950761714
252,249,0.0051718706902496615,0.0019661090074577815
253,250,0.0037080217754818646,0.0018599131004762813
254,251,0.003505478752186302,0.0015972392083216456
255,252,0.002850131071125965,0.006555980375852584
256,253,0.007813325249083262,0.0035232514327331954
257,254,0.0021030075491898,0.0008759341549652923
258,255,0.0024409674149794723,0.058367289126121574
259,256,0.004295198853029928,0.0017138601366937605
260,257,0.002850468325039253,0.000888178981957994
261,258,0.0037976097854455133,0.0017957899182960203
262,259,0.0031615131083742045,0.0011516709178808087
263,260,0.0027154657297509864,0.04342612867584853
264,261,0.003537518272157215,0.0015900227664327575
265,262,0.003240572153655131,0.0013477982174823827
266,263,0.0038382661883959407,0.002921761783613874
267,264,0.003339299311198637,0.002184927576787011
268,265,0.003796928788834038,0.0016466488107705626
269,266,0.002820848829925858,0.0013490426560899562
270,267,0.002353974908104452,0.0010777015242516925
271,268,0.004880898280755797,0.0022758304037434705
272,269,0.002628054840240032,0.031063989902815198
273,270,0.003976598984518907,0.0069607423487432285
274,271,0.002206468407251068,0.001346215510534556
275,272,0.0024814762747584476,0.00207509526860644
276,273,0.0022954001638815073,0.001066086868430213
277,274,0.0030744819028066346,0.0014004036088342987
278,275,0.003661873248413654,0.0028336229477913
279,276,0.002607833131391888,0.5252254077837061
280,277,0.003649535868095736,0.0015786608427641377
281,278,0.1407461848000514,0.050966844844536764
282,279,0.14351239532297153,0.9699183898432908
283,280,0.0019064424387960656,0.001031284963040601
284,281,0.003468379599626429,0.0014883230459562474
285,282,0.0022945546275435222,0.0011715308101965176
286,283,0.0032366127578674457,0.02655296721034532
287,284,0.001720653080467707,0.0007705741161554991
288,285,0.002363401502571613,0.0011030301996188226
289,286,0.0025331802098540073,0.0011497152463209287
290,287,0.0024980788984958627,0.029338993558459064
291,288,0.003853709439613951,0.002122721486357528
292,289,0.002450892468305106,0.022413840025097307
293,290,0.0015706926854030495,0.002401606949779492
294,291,0.0034363921027302947,0.002305521128825398
295,292,0.002535313530481799,0.0011082337268153845
296,293,0.002110125029996196,0.0011056167950555106
297,294,0.002378985630731217,0.0013268632972807857
298,295,0.0023901652775325773,0.0011244291892785645
299,296,0.003190082921324644,0.00209223642331974
300,297,0.0026258780784804837,0.08491506639070892
301,298,0.0034150382656373984,0.0019277110668761818
302,299,0.008152472403741316,0.00737145718308864
303,300,0.22502793482251401,0.1812626842236656
304,301,0.0043250762318064176,0.0018246717591223578
305,302,0.001991516100685421,0.0013917361137942557
306,303,0.002178196091321947,0.001399146881731128
307,304,0.0020157988179201045,0.0009171879755697063
308,305,0.0019956749517373498,0.0009456519291274781
309,306,0.21108325185339405,0.1499858922025063
310,307,0.00234748157892592,0.0009166346271225635
311,308,0.003026676095187314,0.0014705020296679188
312,309,0.15282141437895422,0.1682732230655541
313,310,0.0,0.0
314,311,0.0,0.0
315,312,0.003840901092214112,0.0016268592279600922
316,313,0.0056211577375638345,0.002595393716220331
317,314,0.0039115883773610405,0.0014926647739263443
318,315,0.0029660215450239284,0.0011685333367214609
319,316,0.0031346967227294893,0.0012140343737122683
320,317,0.2593939410539318,0.15160376639350195
321,318,0.0030927157584683253,0.0015852917108006462
322,319,0.002942330424035332,0.12137108784856529
323,320,0.002733144632747999,0.0011099440268888935
324,321,0.0034558039750713985,0.0012962951722405446
325,322,0.0032582023568882815,0.001448601017009449
326,322a,0.0020367915152511413,0.0008766364165730992
327,323,0.002172633839219764,0.0010783874060606034
328,324,0.0036754392734483165,0.0018519867587842762
329,325,0.0032741604894391636,0.0014065052402451805
330,326,0.0024100629355540033,0.0010288919831265416
331,327,0.0027331967200771396,0.0025908491741915463
332,328,0.002627963630156971,0.0016070284228256316
333,329,0.0030802162087641273,0.0026949060567915168
334,330,0.004495589470094193,0.0016550755179291642
335,331,0.0031407301127019337,0.0016200445662468408
336,332,0.0027367492971564727,0.0012843267256064618
337,333,0.0027931310488413337,0.0014109513341119002
338,334,0.003198663235723015,0.0010699332313282852
339,335,0.00228921349908257,0.02132452574167435
340,336,0.003935237528226097,0.0036151792401135155
341,337,0.004542906568631854,0.00244527987201018
342,338,0.004154771092825537,0.0015660043768861447
343,339,0.7462890198355265,0.6073928490893045
344,340,0.0032322473359854774,0.0019634343353978094
345,341,0.03100703385533516,0.018635503267417048
346,342,0.0031010740934931664,0.010276249963879684
347,343,0.0025722083171071004,0.0010638563082598427
348,344,0.003256380496556667,0.006814095398633712
349,345,0.0029935248888949663,0.0021012692485679074
350,346,0.003051534006125233,0.0015767587363029667
351,347,0.0037082437943654336,0.053983411139166215
352,348,0.0020284725539983666,0.0008968255951346385
353,349,0.0029583412895853338,0.0012373310767670987
354,350,0.0018768690825823667,0.0016985039408252101
355,351,0.003009176025282234,0.0010267622845570351
356,352,0.004399048415986,0.003293531086589901
357,353,0.006334478413558466,0.024882455857160937
358,354,0.0,0.0
359,355,0.0030155233655920002,0.0010439122737188188
360,356,0.0023591787323778,0.0009864553778938506
361,357,0.002474285736383566,0.0011812235257679833
362,358,0.0028644643251131002,0.01122176066881236
363,359,0.002238150105802333,0.021643361456125082
364,360,0.0030938248235657,0.0016066125146372795
365,361,0.0033255214450199333,0.0016627738050768036
366,362,0.0025454444974406,0.0014304772358785319
367,363,0.0030239955093071327,0.02359109078997063
368,364,0.004520847579092533,0.004994099507304748
369,365,0.0030192792720297656,0.001349358001542105
370,366,0.0029856640620717335,0.00238808744571731
371,367,0.004272234723356066,0.0017288173923671222
372,368,0.0025968560255383998,0.00113207069909421
373,369,0.003682614023839034,0.007545563062919013
374,370,0.002784300480771367,0.001123349116529164
375,371,0.0032146563433059997,0.001558476938416592
376,372,0.0024540880412689666,0.0010104493216485163
377,373,0.0023721087454382,0.0008713266310188126
378,374,0.005277161904848801,0.001786244634588853
379,375,0.0038565902387039663,0.0013270408601950218
380,376,0.003785749943328033,0.001401179836098455
381,377,0.0030232564003616,0.0010624130121062363
382,378,0.0039024640996091,0.003502924980411868
383,379,0.0033435214162265666,0.0014524889824927634
384,380,0.0041229295406083,0.0027883749685353398
385,381,0.003131109792155267,0.001629228577780476
386,382,0.002928117635887467,0.00412328938109656
387,383,0.0032315169917511003,0.001692653803323252
388,384,0.0019349849713414,0.0013242649100052488
389,385,0.002026906557532467,0.0010111046627052612
390,386,0.10291619782580738,0.36150807872199303
391,387,0.002960976706452867,0.0014935842191437932
392,388,0.0044905081464097,0.0017088711754583215
393,389,0.0035875813817046,0.0020101729923908598
394,390,0.0025255601353514996,0.17212130304412393
395,391,0.004582503333288767,0.0016835914269571941
396,392,0.07485998063964819,0.0011716185979717061
397,393,0.0022236825240151996,0.013007550388957302
398,394,0.0035855902825508673,0.14936420225485378
399,395,0.0035221176447620996,0.003163175759738646
400,396,0.0026090907165241,0.0010454577938926034
401,397,0.03581449335137124,0.003127168338135142
402,398,0.0,0.0
403,399,0.0,0.0
404,400,0.0,0.0
405,401,0.0,0.0
406,402,0.0032072485151834,0.001324151748188186
407,403,0.0019135991387597999,0.0010442653626775602
408,404,0.003269073544072734,0.01996362412637616
409,405,0.0032909746414476666,0.0024902335706872237
410,406,0.002940893125070667,0.0015510586931644288
411,407,0.004582070589296166,0.17868958015303657
412,408,0.003465947980152733,0.001462336373774808
413,409,0.0022276007197585,0.01822712948191175
414,410,0.004454682128369134,0.09907165839247543
415,411,0.38262863525447777,0.2789161824669212
416,412,0.0041804178459260675,0.0015159527057006655
417,413,0.0038646708933596004,0.16787419569814438
418,414,0.0022819423736045665,0.0027261267171324235
419,415,0.02095142208050014,0.0010327363184280873
420,416,0.0036601417036674667,0.002166890456037829
421,417,0.0040247947661757,0.0038531877040018135
422,418,0.001998274795605933,0.0024706476144252813
423,419,0.0018574165459568,0.0007325263868067106
424,420,0.0018367819027456666,0.0022780202777696414
425,421,0.0020077011993085664,0.001363975206074479
426,422,0.0013177056180758001,0.00148455459442472
427,423,0.041706367001638635,0.0013172911277466606
428,424,0.0014314846784691,0.0006427256147398836
429,425,0.19224818290505746,0.0014273351011201351
430,426,0.0032563969545848,0.0012281798296039093
431,427,0.0035872295191095335,0.001796417604470921
432,428,0.002992733839651066,0.16744184400227177
433,429,0.0015412485920345003,0.47005622157430643
434,430,0.0023087319823129667,0.0014602999523033412
435,431,0.0035504783912642334,0.0034731253387970096
436,432,0.0022884186105298,0.0012289359631272412
437,433,0.0022473174858389003,0.004236207454669421
438,434,0.1623114573443398,0.045485032548052674
439,435,0.002736988098966533,0.0012139746028014377
440,436,0.0033255381700323335,0.0013099034904623607
441,437,0.17130151864412071,0.001858563992411771
442,438,0.005684618001834333,0.0024307334605433223
443,439,0.0029917701290196664,0.0018631072947853217
444,440,0.0023368457043281667,0.011483306320255467
445,441,0.0031188927111603336,0.0013836552056992934
446,442,0.0027195482212217003,0.0034128225184182084
447,443,0.0021422279765153664,0.001349656422371152
448,444,0.0019826990513513334,0.01567760107920249
449,445,0.0031323057212088667,0.0031225984189206892
450,446,0.0026550158040502332,0.001132380485277252
451,447,0.0022684079298021,0.0026142274166633286
452,448,0.0016278858026509,0.007756917359149469
453,449,0.0023447397445733,0.0015417147986567766
454,450,0.0014923213296970665,0.0014272337557192103
455,451,0.13326620951126758,0.00225904807358429
456,452,0.003393250730130933,0.0014281257314061923
457,453,0.07923220585608516,0.0015770134751373144
458,454,0.0033733646666988665,0.0014184729101769406
459,455,0.0024168263250552,0.009119760665374609
460,456,0.003791660820931367,0.005202736643903249
461,457,0.0032241793420285,0.0028739170809737626
462,458,0.004122761979531167,0.1684211733429065
463,459,0.004313683481271767,0.090170034935002
464,460,0.0030108959432853673,0.0008453366833786728
465,461,0.005403638852537833,0.04985405693462514
466,462,0.0042301813916712,0.004644912682701714
467,463,0.17179731843346308,0.09893858904552096
468,464,0.0037894959143184997,0.0020535048484140134
469,465,0.006532393127577133,0.004010169351862777
470,466,0.04234116609576664,0.0016437038653704886
471,467,0.005969649097436635,0.0031364074663335164
472,468,0.004813297376305534,0.001852831289048964
473,469,0.003582237452776267,0.0011870445721132712
474,470,0.0068115905337086,0.0021927000082276353
475,471,0.004274183622060033,0.0010973548468737326
476,472,0.0038886100993252002,0.0014136192068519037
477,473,0.0040090527361579,0.0012065353958428462
478,474,0.004623434047497966,0.09906693226265514
479,475,0.0042130988535624666,0.0012523621975277354
480,476,0.004843459021033767,0.023846123232367688
481,477,0.006597951963576334,0.0029334359019218426
482,478,0.006307799300465534,0.0021598500914968588
483,479,0.005952134934500433,0.00156951939847675
484,480,0.0038899394711385,0.0013779864435129667
485,481,0.004737479889877133,0.0015813086705053169
486,482,0.0037577682498557,0.00598443817217445
487,483,0.005871869096181267,0.0031963218124274
488,484,0.004007731710403301,0.0010667606838840832
489,485,0.0042759069941615,0.00728479030903385
490,486,0.005340590767803434,0.0019245617457590866
491,487,0.035366423257318896,0.0009777714865406334
492,488,0.005627369438959401,0.0022648599461199165
493,489,0.0046166993819825005,0.0011530990527682833
494,490,0.002658947164145,0.00151910414890705
495,491,0.0071265624884999,0.0022191645333841828
496,492,0.0045024654482325,0.002142361187778616
497,493,0.006087286502490467,0.00219957955118585
498,494,0.0059560761341859,0.0019327162431932035
499,495,0.0053244544589734,0.0015208437065865332
500,496,0.004578320495402834,0.0010339322208942838
501,497,0.004484343677571466,0.0019486533694666023
502,498,0.007998409388667268,0.0032585767262109273
503,499,0.007099055900674367,0.0026029174395003876
504,500,0.0035326476842759,0.0012666490600385524
505,501,0.0050268123955543,0.0018316847768956328
506,502,0.0032855167683996335,0.038493894661699855
507,503,0.005058037511620133,0.0019696330876416766
508,504,0.004809950248571601,0.001963837306416266
509,505,0.0055242113585555665,0.0030506463349241264
510,506,0.038872382756269266,0.0032460411694366577
511,507,0.03565737982829136,0.25050352037829177
512,508,0.0041941601036643,0.006403705609110547
513,509,0.004015231421866633,0.012277674102425803
514,510,0.0019374274321041001,0.003155805260893489
515,511,0.004473472182122433,0.007732186306377225
516,512,0.0045150880984558325,0.007581393175356942
517,513,0.007026823348760734,0.030066108928497315
518,514,0.005065634200047867,0.00785221157290248
519,515,0.0296533535105192,0.008213510486054666
520,516,0.010061311270479633,0.010270134295303058
521,517,0.004874188211164934,0.006991806917972285
522,518,0.00543383942154,0.008204739691669674
523,519,0.0052287873311663,0.0070430358543306145
524,520,0.0058868028568116,0.007141923719751613
525,521,0.004103752823876667,0.006151418196309397
526,522,0.005772521250700033,0.007099243248689506
527,523,0.041375044283429134,0.015170670893003339
528,524,0.006154718607785533,0.00734097500217356
529,525,0.0044101806258869,0.007942587294565139
530,526,0.004012628537968833,0.0067168294453130006
531,527,0.003163057592439967,0.006172580692198657
532,528,0.005956842086569101,0.007006896771317675
533,529,0.005685528334944999,0.0064546335805203215
534,530,0.005346418278832266,0.006197775844559349
535,531,0.006899041487114567,0.008146638814970799
536,532,0.004116268127559734,0.006054375842529915
537,533,0.0041572196343100006,0.0058865248288146295
538,534,0.0065351709333739336,0.007486871355165984
539,535,0.003692200267644499,0.005417025013594438
540,536,0.004519760401602466,0.006168147158880164
541,537,0.004438252782716633,0.006841758234786517
542,538,0.004621353863561399,0.0055825721530480535
543,539,0.003790242262956033,0.005840321712377756
544,540,0.09496629753670015,0.020756320983627764
545,541,0.22117832690050387,0.0062343729439380685
546,542,0.004090165604133067,0.017956742527255327
547,543,0.008302007083371933,0.007004310762264468
548,544,0.005714332340725133,0.03365118313755371
549,545,0.005496212361235233,0.005709573140137889
550,546,0.00659554148332681,0.007469142593093901
551,547,0.005720786674190999,0.0052348258545723125
552,548,0.0046918758146532675,0.004933468364919264
553,549,0.0056515659859052905,0.004210515693459292
554,550,0.005294768962502057,0.00445699808454487
555,551,0.0062498742127237005,0.004911264651651004
556,552,0.005621933803590166,0.005200158418423616
557,553,0.004998992572213267,0.004344018277798995
558,554,0.005278789099269933,0.0039900944018872175
559,555,0.004784230927634834,0.0036479981697659933
560,556,0.003870833211946466,0.0036138236999582168
561,557,0.0048585694792241995,0.020721225619310467
562,558,0.0044677983217835445,0.02627575854380755
563,559,0.0035668643010386167,0.004318981709591403
564,560,0.004879536950357422,0.0049210736696687395
565,561,0.003481815162422789,0.004089067376696294
566,562,0.004948053938470863,0.003762255257795749
567,563,0.003057384031870089,0.002782089903624071
568,564,0.003540146248746517,0.005163312186889586
569,565,0.0030663356156814883,0.0039547724355868995
570,566,0.003695844854268627,0.003575299834792227
571,567,0.003828230155295342,0.003177243273477909
572,568,0.004050562526446967,0.0032749313789612274
573,569,0.0029510651440493524,0.0032949607074977106
574,570,0.00422896997082063,0.00302773260150923
575,571,0.00334350594453253,0.0028043567266114256
576,572,0.0035379627775128436,0.0030652406523799716
577,573,0.0023712719524127584,0.0024134753584529626
578,574,0.0026834612847515416,0.0028284651231589887
579,575,0.00218101816355822,0.0026777884239709976
580,576,0.00575403590683013,0.005071673952683182
581,577,0.0030518484550804297,0.002751839979848093
582,578,0.005025863527484534,0.003751250357903905
583,579,0.0036497102101528925,0.0029028092593185125
584,580,0.0035575084028576487,0.0032584694333042106
585,581,0.004226253304636465,0.0037501658297853253
586,582,0.003302372787911007,0.003581589320992696
587,583,0.003301054488180016,0.10111342466462733
588,584,0.0046831751608804335,0.0027805244802880753
589,585,0.0024187480332041036,0.0021563328365285755
590,586,0.004781256707769373,0.003656672628067793
591,587,0.0029117622804065136,0.002607656987305533
592,588,0.0029598195208468017,0.024579053035840272
593,589,0.0035137915362085997,0.0039377990284076335
594,590,0.004137817157630713,0.003951729273486519
595,591,0.003008446857939844,0.002733074223424413
596,592,0.009084018370992639,0.004512015791228245
597,593,0.00398249432193997,0.0030468002475449924
598,594,0.04133011264005199,0.008190680629472416
599,595,0.006393093807803993,0.004536430748434755
600,596,0.005085420336958018,0.004718096827526722
601,597,0.003507055802034749,0.0026743780129115284
602,598,0.003037942028384797,0.0024715882328853163
603,599,0.004931746142445298,0.0033617195858432498
604,600,0.003833563439638832,0.002447841973678628
605,601,0.0037408000866857643,0.0021200221615421872
606,602,0.003832277024802197,0.0020566222517560072
607,603,0.004011566033192191,0.0024004373029836517
608,604,0.0034750592360643946,0.002548111008855009
609,605,0.0050781993741538,0.0035097502432763065
610,606,0.003272515324391996,0.0027902919962015283
611,607,0.003734633254214095,0.002973750350874994
612,608,0.0035742983510827346,0.1584406620419284
613,609,0.006820259977859482,0.004086292661442133
614,610,0.004123977990892709,0.002026551839972718
615,611,0.0045883831631840545,0.001861240929312575
616,612,0.003837468303717064,0.0029222544634213
617,613,0.0029859969014645904,0.0019070813629617272
618,614,0.0031723861367270343,0.0014881476948761878
619,615,0.003433527098047461,0.0017769545185219715
620,616,0.0026151529415468578,0.0013276317009943185
621,617,0.0032103661494542043,0.001399853663607613
622,618,0.0055928589475375,0.0019823785580544207
623,619,0.04682422179944263,0.021591209430932994
624,620,0.004111203881493773,0.0018167272461187749
625,621,0.003776001141756825,0.0016651298704623504
626,622,0.004916497824406559,0.005891478775505304
627,623,0.003696360224789785,0.0020575099953189092
628,624,0.0030145453283891054,0.01038375084918538
629,625,0.0025107748868025016,0.001473270270086867
630,626,0.005831701998004836,0.0017849016772612278
631,627,0.005008948828125869,0.0024683114665005803
632,628,0.0034359862496901403,0.0015802985938594
633,629,0.005088014902654283,0.0017987646144525678
634,630,0.004686835148498466,0.0016402899743842509
635,631,0.006566908037768274,0.004041083018273641
636,632,0.004731076261553796,0.003545403728702733
637,633,0.0027074829517775667,0.0013910637414792776
638,634,0.0028923186387223945,0.001117942285115264
639,635,0.004325259534540215,0.0024040674971891494
640,636,0.0031246323037309063,0.0016595923798978496
641,637,0.0037974190227722773,0.0017782725225344521
642,638,0.004571336060980755,0.0016896108036053568
643,639,0.003715774663836056,0.002079010306118135
644,640,0.004424833895072116,0.0028373094948757763
645,641,0.005034035215716369,0.0026708084020327814
646,642,0.002366541363959455,0.0017134125881011946
647,643,0.003548973968567919,0.0034193800763837557
648,644,0.008491991820773728,0.007894205794493969
649,645,0.003425924993135247,0.0020823157202971097
650,646,0.0033225808364770962,0.0017825201144403907
651,647,0.003237908514172096,0.002564821257143406
652,648,0.002184944870531898,0.011679009733906176
653,649,0.004370158831511894,0.002638226898590387
654,650,0.003255427411208164,0.029183917439767035
655,651,0.07018473246434656,0.030610524821635343
656,652,0.003898420784929796,0.006066871262926991
657,653,0.003989119959316229,0.0017564800094327809
658,654,0.0030570239649179336,0.007931321639511256
659,655,0.003400750710182142,0.0060608614264643385
660,656,0.003079506978777197,0.0024468493768413104
661,657,0.003000690328142428,0.0016041321991778809
662,658,0.004152544858573903,0.002128988753258401
663,659,0.003360331651023235,0.0025276240949897
664,660,0.005146867115006602,0.029467849832414253
665,661,0.006356037507591089,0.00431225945519245
666,662,0.0030171418242547756,0.0027572793495205163
667,663,0.0035332107588920444,0.0029459480142858306
668,664,0.0027322106066873294,0.0023857299407040794
669,665,0.0034558266796054457,0.003111159535629261
670,666,0.0038456311544446003,0.003088469781470168
671,667,0.006282268487432304,0.02751336285245123
672,668,0.00455397561723658,0.020972040163137654
673,669,0.004732984279065685,0.003280138876437728
674,670,0.004745165081570497,0.0033340362750376553
675,671,0.002599446362804781,0.0024993671161381917
676,672,0.0027587129488590256,0.004404864316619766
677,673,0.004107939276004667,0.022763627244630772
678,674,0.0032307216423087524,0.002991957856832872
679,675,0.0017416719240740959,0.0023471952154753783
680,676,0.0026013116379979447,0.00303276543825132
681,677,0.0021771806575858303,0.0028622808442467147
682,678,0.0034434707885688458,0.0034319738665872174
683,679,0.005569692918477033,0.017901310310826903
684,680,0.004124870285147933,0.004795774971746853
685,681,0.0024064997015708,0.003292023631144848
686,682,0.17934743141247045,0.002636587346390102
687,683,0.0028760737245361575,0.021627569488555286
688,684,0.002525098577408633,0.0013361629282832113
689,685,0.004096751038832967,0.001684794488906934
690,686,0.0021982650701169336,0.0010477981706799864
691,687,0.002227421314927067,0.0522766394715659
692,688,0.0025224969602622663,0.0026901719051245125
693,689,0.002044926257386833,0.003445024376463008
694,690,0.0037858074542478,0.027903111556989064
695,691,0.003129883692068933,0.028785483658439685
696,692,0.0032291727790128002,0.010471453469447705
697,693,0.0030736923211078003,0.020711579216136422
698,694,0.003623204362487867,0.008196436713199319
699,695,0.0024877046449609,0.002791049876436914
700,696,0.0023581685127132,0.07729198388629047
701,697,0.0021091040317765004,0.00109243902531115
702,698,0.02535699596223547,0.005851700825780167
703,699,0.026650711550321497,0.0027092223806990338
704,700,0.0696628279664264,0.005418154275244817
705,701,0.06807493251534982,0.0052047292904299335
706,702,0.06573073874205622,0.004981464869514811
707,703,0.064278004261784,0.005401780822110633
708,704,0.062226800871897185,0.004779988225738165
709,705,0.09659225674838466,0.005193760970816138
710,706,0.0585785457228481,0.005158833901057416
711,707,0.057801714998314754,0.006909307903043034
712,708,0.05396153913418366,0.0048699946379765335
713,709,0.050753793367807325,0.004674220419145634
714,710,0.05158705347187662,0.005978625604724002
715,711,0.05062635255917408,0.004615022943719667
716,712,0.04696451112455403,0.005202931047141139
717,713,0.04850238858644116,0.007551277843962773
718,714,0.04664888278186671,0.006802282129113034
719,715,0.04492591671904247,0.0038981361912252266
720,716,0.08592543442533151,0.0038727233966943295
721,717,0.04472769434005777,0.004935443663645284
722,718,0.04269114268903418,0.003624053637481031
723,719,0.0441318962480625,0.00506759624169195
724,720,0.043926702150562255,0.005290860275072029
725,721,0.044386115996017494,0.005819550138664272
726,722,0.0404958299921063,0.004575130241625411
727,723,0.03950921643742467,0.0069180449812716255
728,724,0.037292127347295506,0.003518455118235697
729,725,0.03903989022111757,0.004314280593609439
730,726,0.037221622186453966,0.004511227808513971
731,727,0.04031245616801819,0.0062187956793587525
732,728,0.036896719825489546,0.004036741269429694
733,729,0.03625095960280638,0.003949089680201306
734,730,0.03716267641912752,0.005444663291379896
735,731,0.033739386854455655,0.004786750347897844
736,732,0.03186947757054621,0.0034762840490290786
737,733,0.032330973157043065,0.003783746623428386
738,734,0.031435332712800204,0.004213036956706122
739,735,0.031061976410159543,0.00382054514637261
740,736,0.03147680549140193,0.003440510784887596
741,737,0.030945398147816057,0.011130299998950797
742,738,0.03028920812181031,0.0036585570552983273
743,739,0.01978487693104372,0.0021178283265155225
744,740,0.021598104716585926,0.0031355930688891764
745,741,0.0275951718742094,0.006138642065189808
746,742,0.020723564099565217,0.0040319142378600235
747,743,0.028809086767084095,0.009391632622571096
748,744,0.033974186999526874,0.00941772155403729
749,745,0.03003276960763263,0.013484946760010372
750,746,0.06141850268650275,0.19525277394959753
751,747,0.027977009331318817,0.010155022802710098
752,748,0.026768792457307487,0.019888679089442304
753,749,0.026021457269875724,0.008852065399234128
754,750,0.025857999576250366,0.009342787871447345
755,751,0.025408595525392454,0.009815309146952616
756,752,0.02699376377023418,0.010064581959395559
757,753,0.024231754277076394,0.00905202043257905
758,754,0.023744995243157235,0.030151256964337167
759,755,0.025445173676886194,0.01905625183543802
760,756,0.023277821513911175,0.008717235857262461
761,757,0.021499719935197,0.03742023052208395
762,758,0.021140790592664334,0.009095722079757021
763,759,0.29788907832975564,0.030051598749316982
764,760,0.3883605163288529,0.14962335254391
765,761,0.01851578169552502,0.008564382709216712
766,762,0.15554295620804998,0.010000937767472835
767,763,0.017978417848781927,0.008715431644399977
768,764,0.08292336304354592,0.03319956614446002
769,765,0.08980105568849588,0.008887324580278444
770,766,0.019607595497404644,0.0417444289470183
771,767,0.017092304699449855,0.034198882632386816
772,768,0.017418488814042465,0.008437055540567144
773,769,0.01724216825601558,0.009170497557159058
774,770,0.016176738463665474,0.008647496802646495
775,771,0.016584088557019015,0.008624156809994982
776,772,0.01702494669900573,0.008077703059398032
777,773,0.015533970971362469,0.008395707266230672
778,774,0.017366022916072418,0.01027427753261146
779,775,0.01727261971816198,0.010649643309763644
780,776,0.015534825370769827,0.009549789004971129
781,777,0.015960451471118537,0.009021700143446602
782,778,0.014146771502431956,0.00850178121165175
783,779,0.013404179352401919,0.008128345481040201
784,780,0.014075074661758566,0.010035925794546395
785,781,0.014169137221075044,0.008714298131847806
786,782,0.013455679759694632,0.13285479798666416
787,783,0.01370958019391952,0.05838901624384032
788,784,0.013642681275480593,0.017446831783792638
789,785,0.012653442188346102,0.00673419278057174
790,786,0.012403581639560188,0.006918845311462888
791,787,0.2128192295655627,0.27916440910729007
792,788,0.07700814661667015,0.07056890668577692
793,789,0.004654162150752948,0.003295132572526463
794,790,0.17337854702472277,0.009014786111460518
795,791,0.009868044145719986,0.22626264032087773
796,792,0.24738675805417973,0.0970111640072588
797,793,0.00852184814364877,0.007161387188762222
798,794,0.008588515125077857,0.006603326614263815
799,795,0.006966470372580803,0.008046560820220566
800,796,0.007378424348955743,0.006701056604042752
801,797,0.007212717139416433,0.007115763157024576
802,798,0.006920383436643836,0.00740860676833237
803,799,0.00682217626168513,0.008507080260331942
804,800,0.006598212601313258,0.006373126730157587
805,801,0.005868290218770555,0.01650258913992678
806,802,0.008649636515568009,0.0070196960650721115
807,803,0.007783587024476088,0.007772117789042137
808,804,0.17422051337450975,0.00785760896729586
809,805,0.005828696581394489,0.006364546432288611
810,806,0.005319902473859604,0.006349983834907702
811,807,0.0059711980089168625,0.005909541124282123
812,808,0.005432909818960701,0.006558983976176352
813,809,0.006108957393054465,0.02533314829412696
814,810,0.005735456074906783,0.0065096938083885605
815,811,0.007527337862796831,0.027684469972161233
816,812,0.005658466329830994,0.0194184972669615
817,813,0.004979859354326386,0.0036368788464631683
818,814,0.03468098943915741,0.00483377983481448
819,815,0.004970527788183122,0.003941406299371134
820,816,0.004829864167922283,0.003971207203338774
821,817,0.0062762086669343525,0.0047648897922257195
822,818,0.004934992569277712,0.03096030498698715
823,819,0.0047333612257938655,0.00380501518099106
824,820,0.004628166789092281,0.0035500784398244923
825,821,0.004850581406982264,0.0042441609910065115
826,822,0.003999075296390672,0.005708029908232037
827,823,0.004880404721104679,0.0035095680323073536
828,824,0.004324307861693872,0.0033822885785275776
829,825,0.003138669328762727,0.0021098073811624874
830,826,0.005574785753504426,0.003954473570817717
831,827,0.004707243221619571,0.0038281295087423087
832,828,0.004089795245217572,0.003391734090618959
833,829,0.07724405729286749,0.005495856383538113
834,830,0.003468368029548931,0.003909820842549392
835,831,0.0034579440358985,0.0031262640091249063
836,832,0.002975285268180233,0.002894683833615153
837,833,0.0028338641190067794,0.006169966026199683
838,834,0.0032829258817687985,0.006298161849372812
839,835,0.18131306320856747,0.005940091321300028
840,836,0.16202954620403454,0.009760805564814101
841,837,0.0032487348156541337,0.0030723278918259496
842,838,0.003826743034434233,0.04670603649330386
843,839,0.0032977518104272334,0.002798636737993633
844,840,0.003940546086501,0.002317180581258167
845,841,0.0034490395441326674,0.0017129569683138998
846,842,0.0021748089954739336,0.002140329422118767
847,843,0.0013129804846392,0.00087524991373105
848,844,0.002349645490627333,0.0015952724685579167
849,845,0.0024226309422722666,0.0010925269996889834
850,846,0.0020277381966061,0.0011820218948718998
851,847,0.33449383194538385,0.0008672798811393666
852,848,0.0023691687858443996,0.0024051392557713335
853,849,0.0020102854111654998,0.0012771357094242
854,850,0.0027292986303901665,0.0015958090179408332
855,851,0.003885644185807767,0.0015735886227338503
856,852,0.003041054676293167,0.002385005281073117
857,853,0.08629516504455736,0.0973726104520479
858,854,0.09496342827738363,0.00310568191730945
859,855,0.0060318529697692,0.03128191706947378
860,856,0.3161729156164578,0.025619350485100185
