,HXB2_pos,Control,VRC07,PGDM1400,N6,VRC13
0,1,0.0049638788300866,0.00816588219274165,0.0024759474835258765,0.007474990521916,0.007320389635393167
1,2,0.013693024996770166,0.005541246877557597,0.0020952367667583034,0.00819446401129266,0.0080461076231427
2,3,0.012343963564306337,0.01077719557978134,0.0027292415657849496,0.02227906745743207,0.03784408118189008
3,4,0.011737790355156154,0.007693615519781682,0.0020553444496686016,0.04083400207932632,0.02504263848679116
4,4a,0.0044189961898259906,0.013534566403316451,0.0030715502144749367,0.008935274424187538,0.00828315759129179
5,4b,0.00505951827152336,0.009466689363201056,0.025931376800283224,0.013799556134706629,0.013300940542920421
6,4c,0.004550624310608264,0.019906523429870083,0.001908030762945173,0.007461983273383134,0.008058947624280735
7,5,0.005982806666735589,0.007786641690860434,0.0027791251282393847,0.025142053413853123,0.007606002062359378
8,6,0.0039044820385980483,0.007184567761971821,0.023706395622556296,0.006815009140637326,0.010142713699330844
9,7,0.004613722943716903,0.007226560023174381,0.0031010042228954036,0.008888111493337115,0.007176628068317766
10,8,0.00643212624206657,0.007491960819593983,0.052046700714048266,0.012595093661675905,0.02492673231776433
11,9,0.00605020451642054,0.010462777398956074,0.005167244952757761,0.007418120917533381,0.008051009449599312
12,10,0.015181995071981685,0.01327938028445245,0.005870019714014199,0.007335746709503299,0.006243017990139711
13,11,0.0038558427148123998,0.007037697224696303,0.003207209733406651,0.006490015064489689,0.008301906699194478
14,12,0.01951926575826784,0.01377437477037564,0.02089796863727032,0.00931430956394775,0.008076133983000512
15,13,0.0,0.0,0.0,0.0,0.0
16,14,0.0,0.0,0.0,0.0,0.0
17,15,0.0,0.0,0.0,0.0,0.0
18,16,0.0,0.0,0.0,0.0,0.0
19,17,0.008499967865452025,0.007293172032980455,0.04297181858660266,0.005717057569417477,0.04187487422480298
20,18,0.07407731012994904,0.028769358784118113,0.03605149617414018,0.0592917836314666,0.03601558495242929
21,19,0.003401237933393665,0.006124534018349594,0.0020989101871224094,0.005015855337065398,0.0058416656816118115
22,20,0.0034399310679339495,0.006070106627223683,0.045851883766984396,0.014791076794288064,0.11092570163191828
23,21,0.0054141904944324405,0.007306885452287124,0.0036419714041650733,0.006674088741402674,0.006649937674244411
24,22,0.006929298359027715,0.009751159732925068,0.005054165274250361,0.007241351603275556,0.009064653334118933
25,23,0.005726413417609995,0.012940378582973663,0.0028565643815886108,0.019718055539930952,0.010706825422216444
26,24,0.004952085505757819,0.004319975623295675,0.0028506898122678407,0.00562165246785165,0.004782521795555944
27,25,0.007596272990573056,0.009527282382803983,0.0030744317619540076,0.022310338478217905,0.011679986454850374
28,26,0.00383895328873928,0.005423511105262977,0.0022791851312222314,0.006608754173825059,0.005021470760895154
29,27,0.005893296858408203,0.006422555206096262,0.0086777443548077,0.0066231007680227156,0.004935651224742311
30,28,0.004899098067487705,0.007013600427850415,0.0018733331752448644,0.00421031710167713,0.004680525773304268
31,29,0.004195061791645864,0.00710957939591307,0.007243605894631432,0.008066232114682588,0.014418585027239885
32,30,0.004536176574412073,0.006875589976184631,0.002452985222921986,0.006983618896360727,0.004952436378398056
33,31,0.003973128109181016,0.005432081034168808,0.0025771500252856354,0.006045109517543915,0.005328705442393603
34,32,0.008600482507324038,0.009310423002323756,0.0014598182242295786,0.008189192902473896,0.00600206737835867
35,33,0.008090159268536751,0.005291741157010954,0.0015383335147767575,0.00543153992610697,0.004598494815535296
36,34,0.005179650747047209,0.008947586044077721,0.003228897743229987,0.008889071371191408,0.00656713712504974
37,35,0.004591495654446307,0.010159371997943673,0.003412014123193305,0.007312950689847027,0.007805991965075035
38,36,0.0052690523116546446,0.011205715787936782,0.002861020563181103,0.007129262774309767,0.00676891178616644
39,37,0.0034877447927581713,0.010703849935833478,0.006619888051718863,0.0069224939534822255,0.005130603869517107
40,38,0.00505030256846591,0.008481486704865164,0.01717236854405856,0.010264444445757411,0.007261316515468932
41,39,0.003920625159790152,0.008097562062486366,0.0023242410708563307,0.006570236655449431,0.004301022096400116
42,40,0.002704705351613034,0.005962714034621451,0.0017665597300358944,0.005077088702543613,0.003400302988952449
43,41,0.003615013352949477,0.014047004947852458,0.022079980972306033,0.004777301794613408,0.008410843634121954
44,42,0.0039281027380318285,0.010171083562543919,0.001780078832214806,0.007207604758656739,0.009694864244885101
45,43,0.007492056254126466,0.011419931585904939,0.003833629228777565,0.00767318761619174,0.00605627425959968
46,44,0.004359998690467885,0.006678528783652599,0.002732946186988845,0.007129103558566326,0.006397508174300316
47,45,0.004673437912496437,0.010118516052906193,0.007062922637912879,0.0076451454081082615,0.0066574994307545534
48,46,0.0030132560957855602,0.006282207438370745,0.0023246672016945173,0.005516823618674289,0.0037033054015802166
49,47,0.003703056315483559,0.005863797454725828,0.0018738818284341249,0.0057235071203301045,0.00363487925210003
50,48,0.004014694670767453,0.008033750553146795,0.002275073775955149,0.005873023757882543,0.004716100295768738
51,49,0.01119301712258678,0.044889457304444706,0.008435115940559615,0.026870491970187437,0.006539099335775915
52,50,0.005171725913335849,0.011970804409014253,0.018493891807199327,0.010725529175975369,0.0059247188574685795
53,51,0.004266215021061525,0.007866074470441766,0.002247779173844194,0.005630424652277204,0.004649166611921791
54,52,0.00409460923727725,0.006703288802716093,0.002231474664036267,0.010713319378842484,0.0033072350443608535
55,53,0.004698926201174576,0.006653255574235906,0.0026167528230118943,0.00639254907300511,0.03389600062024981
56,54,0.0038637012228905734,0.04179297621707325,0.0024643341260432512,0.00684852902607997,0.004663570691770238
57,55,0.010116169273160423,0.007844884475133932,0.006213261135122022,0.00598524098612174,0.0042697852037767905
58,56,0.003979621684020304,0.007050601185126016,0.002520205424891718,0.005966688628183173,0.0040748388532699424
59,57,0.00853038556183911,0.008808334906755312,0.009118965162360855,0.006706457421747332,0.004027510985189282
60,58,0.0030617809485012954,0.006474975831329911,0.009183678198417125,0.004405088268863709,0.003997853633568812
61,59,0.002833252569657218,0.006822374537934627,0.0019497047230841549,0.0047032193828305865,0.00322758402759214
62,60,0.003151518430754278,0.007331355861848936,0.005175723501209494,0.004859933627131912,0.0025347718988804114
63,61,0.004456997102565499,0.007787092351492602,0.008408491687670744,0.0053845958911264745,0.003434237416520282
64,62,0.0036327701082595728,0.007829471579839917,0.0026952315076263244,0.009551802968220734,0.006677941808612195
65,63,0.003987566299189997,0.007800000297325092,0.008908823287472405,0.005573123145805415,0.005166722338552717
66,64,0.0043473313034869485,0.008629721214021913,0.0024468364633676736,0.0056509429031129255,0.005246400068777928
67,65,0.029851647493655473,0.010278960661922729,0.03683158275266153,0.0061696966039645725,0.021086856303597107
68,66,0.004564533645370016,0.007085741939686984,0.008567207799878705,0.008688159322705386,0.0025344419128963346
69,67,0.004800316900190405,0.01633516985926571,0.006128895954866799,0.0051021067434965485,0.0025334614640899473
70,68,0.01222889631548543,0.007685285820711324,0.007159179646580853,0.009805808746205773,0.0035233606560626783
71,69,0.006582005783552557,0.009677118217552896,0.008017755041360711,0.006200615192707252,0.010084610335561925
72,70,0.008062325693157986,0.012062337070889686,0.009330600160901847,0.007938327723270746,0.00789197948437938
73,71,0.0076014482425067215,0.009006378034472934,0.014329033986992734,0.009208521416026079,0.004828871051583528
74,72,0.006535534929023177,0.007106390321580821,0.005217779734337012,0.005000241701878163,0.00398920553228498
75,73,0.006248641377370625,0.009667682770979702,0.011846298369469772,0.007038134884647156,0.0051318640052510954
76,74,0.005953151606783561,0.00660093324517594,0.006245541751807603,0.016111509933974137,0.002298772320058934
77,75,0.003647341725288784,0.005537158874936132,0.008893606775519257,0.004701851615853732,0.003445678866502773
78,76,0.011262664975636657,0.009999777234435106,0.013409449094700982,0.009420142913689129,0.006821730550354868
79,77,0.003791824731629015,0.004679884972895579,0.006385807008892152,0.0038625637183970314,0.0022619371597163047
80,78,0.005568345141687873,0.006225230619661338,0.00519184774727367,0.005783624346353246,0.05408620657327405
81,79,0.00718399685803812,0.008315047736395739,0.02876828348585236,0.006328277681665069,0.00584750089115157
82,80,0.0050117787413188,0.0072850093171336,0.005130865706149354,0.0046915676026816145,0.003671293152336894
83,81,0.006380375403138207,0.007333624782223746,0.006054654891569937,0.006133001000670709,0.005892588902163948
84,82,0.005347126018787093,0.006344879933537335,0.007807618829659249,0.004648131208687324,0.0034947887088607773
85,83,0.005033468093519581,0.00524740193223012,0.0042048760167518705,0.005546886755705877,0.0036960298035437237
86,84,0.01007065602693734,0.008789988385669543,0.04533505137683723,0.016418036292613465,0.0043317355696624645
87,85,0.027679007274631108,0.015749771733463362,0.008357628246497635,0.020379845390516627,0.013918051270451188
88,86,0.027655455760662213,0.013686894481499425,0.010618120719693085,0.006094835369363015,0.004334261881483813
89,87,0.0034272964831725556,0.003385168756780219,0.005572458171893461,0.0031528602835718712,0.0025816567502386155
90,88,0.0053213679461097145,0.01083915484942141,0.008117064081312748,0.007341267918910939,0.0035127272072710616
91,89,0.0069480424790170905,0.013654276004510867,0.00963989827094985,0.008120956346714992,0.005110118316424361
92,90,0.006898344189419877,0.010648111949238526,0.003168564364332476,0.005817282819689837,0.012260707011843796
93,91,0.004506870663229964,0.013356779975735185,0.0031388730325575065,0.005691771858318149,0.004064773849395904
94,92,0.010185478576114387,0.02096700117560054,0.011054243713240671,0.0206565828719334,0.005523040415437375
95,93,0.005746027472705379,0.00953685052637987,0.0076099782479383295,0.0069010727724022735,0.004139330894786222
96,94,0.004212322258252651,0.010961333976909241,0.0027012019869930137,0.006162313318848161,0.002981204829425749
97,95,0.0052355620346562015,0.011776980591430059,0.005517165432773001,0.005699824497746435,0.006501653123698833
98,96,0.0088110264511635,0.014051811334587144,0.003575990768650535,0.007670628975029821,0.006832098157336867
99,97,0.005960205628606517,0.050308448925732364,0.0021182493729965694,0.004997468898223017,0.0034926908113540795
100,98,0.22751372854226806,0.4914124595399859,0.4609576525546271,0.02736530859676453,0.20135378495353107
101,99,0.003982559773603899,0.012312748735867822,0.00781734845675976,0.0063569974383603615,0.004499578000292531
102,100,0.004145969760616984,0.010620392794808012,0.002620243177596193,0.005215825202665402,0.0035711469186048687
103,101,0.009717391547054909,0.011565740751454544,0.004925182222811499,0.00720584208548074,0.0036950898213158954
104,102,0.004421952160169233,0.01216016524192669,0.002470554554136,0.005428224016131197,0.0036912004124694323
105,103,0.014254490647241406,0.011439302548773737,0.005364350097493477,0.009711422255019846,0.006669159134698871
106,104,0.006414902152362363,0.011894478577992565,0.00273666377859838,0.007133016148808309,0.0036351034833212686
107,105,0.01133080329148262,0.014549663487970496,0.007523041179031391,0.009535767308500484,0.00793399824596806
108,106,0.007469819738909809,0.011024456073246184,0.01742828723569468,0.010842505901507543,0.005518605939641696
109,107,0.006608051403287858,0.0126410543081795,0.005414303728373775,0.006492950238708806,0.004382999982736693
110,108,0.00352517682684356,0.010287142371518614,0.0021542681304086153,0.006771374303743084,0.003072084983884607
111,109,0.010308625174386202,0.01086332345878639,0.008663909461305972,0.006493226857597783,0.005462680226477318
112,110,0.004761355684625944,0.010731472959175906,0.0031003409291311887,0.006536981430907886,0.004843495770971821
113,111,0.011174943385117125,0.012443705566380716,0.01803846147718285,0.006470392302899665,0.004694543652655291
114,112,0.006017284955578547,0.01756040213013989,0.0033452803881975717,0.006883051335016026,0.006813177318673632
115,113,0.009154655702150077,0.045845838268716986,0.006283713761790577,0.0071719343490206505,0.005194122945860883
116,114,0.005375919661467209,0.011021074529373584,0.0024978404488598116,0.007657758030775679,0.006031220208922657
117,115,0.005264261595870703,0.020801341194885078,0.0033219378074038214,0.012668268980013293,0.005360052685356535
118,116,0.004434368123659721,0.011916381419165572,0.005264038532742501,0.01350745206036308,0.004128041356034426
119,117,0.004734323536220775,0.01683256440936919,0.005270587070629678,0.013248537921449527,0.0038871124182499033
120,118,0.005939885490653333,0.01295024220028181,0.006327071683874906,0.010593600374303106,0.005758990143652946
121,119,0.005822249035910588,0.011931543091561823,0.002632144854125144,0.010294812294746086,0.0038522141814933937
122,120,0.004032153021336057,0.01053438031692806,0.0022860902077736093,0.009673938256055406,0.003217927677491324
123,121,0.003955495937348962,0.004975301933312026,0.0018451992313720746,0.0044157354444227725,0.0026979528132355804
124,122,0.0063159121454560005,0.044580601268852084,0.0022003161032639277,0.009107196870919269,0.0031165891429090005
125,123,0.005829831087871236,0.012087514232357053,0.0035970721887887587,0.01064641302142624,0.006156069050185082
126,124,0.010884452277560023,0.01670255295247956,0.008980804856020458,0.013607834716264458,0.009376302386832226
127,125,0.005445667747808606,0.016819317659165046,0.00606195550008156,0.011103982726569782,0.004387197244865763
128,126,0.003925973616753341,0.009919715059326248,0.005472317663161064,0.008276616693996484,0.0034377766126145806
129,127,0.004407318395708255,0.012009764716942612,0.0022617106195745623,0.009982692008260305,0.003228973541749977
130,128,0.021517933910539657,0.030001330589622205,0.004984268498543276,0.02375912675899211,0.005381337679430026
131,129,0.006891023996386222,0.01003479054783446,0.04596584048913885,0.013729851416577855,0.004071625497574545
132,130,0.012697147310038053,0.01651839784919871,0.030996550857041432,0.012938572817102072,0.01131635077147666
133,131,0.005087332953663177,0.01550682456839457,0.01354668051197135,0.012055088117757611,0.004274922513790649
134,132,0.007025317188756416,0.01232050431808742,0.017456127619430696,0.011700379581203062,0.003676610412924595
135,133,0.007158546011686767,0.017575771981099494,0.0026133927231742713,0.016014300882720437,0.005044410312731034
136,134,0.009356047211246334,0.033739592378085576,0.00670280720609994,0.0338371802956551,0.008297301147793508
137,135,0.0036974282193535514,0.02059210858436048,0.007736241492875431,0.008655169341161199,0.0022878682867323876
138,135a,0.006080423001801278,0.020721613682776828,0.0023733834547908918,0.018715434769148102,0.003506356200811508
139,135b,0.011764364608719987,0.023378391517895357,0.0036279048331429717,0.013582786516836816,0.007311871832169071
140,136,0.012408882293670207,0.025786082130194288,0.011688442561164405,0.018036127228177233,0.01137569603713804
141,137,0.02870165923444077,0.027926627942460227,0.0025515657648367126,0.01049989570000052,0.005236831818821128
142,138,0.004516960832231071,0.020517953977284065,0.012601363670888807,0.009743822390444318,0.0366347082854115
143,139,0.015587239319618348,0.021528507815041245,0.006834258198692886,0.013217077128100857,0.005283736521213925
144,140,0.004705979076854394,0.018899169403566462,0.005714900816411365,0.008798040215261519,0.0043546090868152075
145,141,0.006679972970068157,0.054025590109096445,0.04276754320222638,0.022365778893350625,0.003975504628688095
146,142,0.005720188194332242,0.01940884873826886,0.019222401507430986,0.010130722553090629,0.04052013159504537
147,143,0.005816729884719462,0.020478330326297717,0.0026910130995358755,0.016391796085883936,0.004175659500663167
148,144,0.01325526627356335,0.02046385553372175,0.0026362858271246287,0.010766280187457377,0.037295841584556864
149,145,0.003489739712403504,0.01491235094897888,0.01455944124044607,0.006362488829523273,0.002857954378567877
150,146,0.011160823744235236,0.017041094509166056,0.002309623722920687,0.01773956543321207,0.0042586712752525294
151,147,0.0034332687883830665,0.021415854622494127,0.002311618217773417,0.010728306009165916,0.04510392855181689
152,148,0.01085542119053097,0.014932544284125413,0.0030185841917766227,0.0073308307370005075,0.06120568809911587
153,149,0.004659102975812945,0.014599644639272713,0.015607828048584377,0.0065054866206732806,0.005145146043384485
154,150,0.004664867336136435,0.017636341541040164,0.006177677326077287,0.01271709189119943,0.07791221952346129
155,151,0.006630622229032995,0.013871380060376913,0.00644583071553116,0.007007282883566467,0.004097213574139427
156,152,0.004067024993365634,0.015294840305344087,0.008010831390248788,0.009643561120065713,0.007402512911741213
157,153,0.009467352152223002,0.015741681932887247,0.00912838173938406,0.011804278228216109,0.008767184155705928
158,154,0.004953512902180489,0.015814360161402523,0.01050276775270271,0.007607086641654986,0.004009094869603898
159,155,0.0021905121831131374,0.0022742191962123806,0.0013511754672913758,0.0014472458067746536,0.0019932775937742163
160,156,0.005931558175688904,0.015966386629728407,0.046404857410938465,0.011841692910558765,0.007366960859195961
161,157,0.006756675544756056,0.018571042924054034,0.014357790624673428,0.011996287993278456,0.008033606476857419
162,158,0.00768896925899166,0.01915109518555191,0.025657167879341906,0.012533786332264178,0.009069062841618928
163,159,0.009496792249864473,0.019225103245006203,0.014878935592229164,0.018509995157439965,0.00913923643668556
164,160,0.14867548687327178,0.018457288961122822,0.4710950182080827,0.0399886053219533,0.008035135049208992
165,161,0.015526117125581204,0.01959156748140372,0.06963080478098074,0.011094419709522114,0.009390578978400189
166,162,0.023583584444148625,0.05426184343977233,0.07565021586899569,0.029966829206057782,0.012679697124023781
167,163,0.016293782201430684,0.026218670670802812,0.024884264791297225,0.010765038714364019,0.007679366406743989
168,164,0.009888299518094603,0.028296673876215976,0.021235991695106014,0.015447333163424837,0.011870732237610815
169,165,0.012441922458596641,0.042858702821666796,0.01439396884361915,0.011214331933598585,0.018359480191711543
170,166,0.015565341334361042,0.011612902113714707,0.007959958631804721,0.018130579910718113,0.005861558693653128
171,167,0.1296974269625327,0.10869749354317108,0.6569337139473568,0.19720090396443757,0.010406146654753015
172,168,0.006530239017900072,0.014113015328140176,0.013529196824990007,0.011390211400564072,0.007299186408879876
173,169,0.05662637979575743,0.014428463569702107,0.38501103089909944,0.01082828582892593,0.007134077874705723
174,170,0.05879149508997623,0.04182300011906262,0.07146003491648438,0.016672912661421374,0.011707388881097559
175,171,0.03072428929367575,0.012874547443384206,0.17953618117001038,0.007782452681383289,0.006075542290045107
176,172,0.01661333674621605,0.014986851354601346,0.009903843311120469,0.014297947756076367,0.008215747567516415
177,173,0.005653467646745657,0.01376321744776303,0.02343964964375758,0.009373749110312947,0.008737240302841934
178,174,0.006898008834863877,0.016404479531121483,0.010062150759907186,0.011265499581090428,0.009553993497864632
179,175,0.09821484191005395,0.034911177967169194,0.2957306824944709,0.06817767677305123,0.04124485437157081
180,176,0.006245548660240781,0.01325968980967871,0.010294643691928658,0.008196953230721194,0.05373936874520066
181,177,0.0191923446083643,0.02737765000094653,0.022473596912836534,0.015050844250078878,0.02650413711652589
182,178,0.011401085121091212,0.031838799808908545,0.01890422760217675,0.014728116766877207,0.02732945143298854
183,179,0.011794247835045986,0.02797611230735456,0.012090413365103725,0.021008428252240287,0.03865220676653465
184,180,0.013002258321720243,0.029065394505588843,0.012448472509476914,0.017726375178951002,0.014499430848292633
185,181,0.012329384300363028,0.028839780481577485,0.01808247294517118,0.017634401602752772,0.014442737941349731
186,182,0.021626215372488503,0.028298869967681252,0.06477830490484732,0.04675878776386888,0.014030323530963361
187,183,0.0149124131045816,0.028861655863896992,0.014165672795723713,0.019517721549363987,0.0180812582085195
188,184,0.012738406071273654,0.028884507852051343,0.01801387677964605,0.01499544933295359,0.015012979215734388
189,185,0.0026836824254156456,0.007608468958875126,0.0017231589347776327,0.00420770789356311,0.0012909369157411959
190,186,0.014693549920494443,0.03231283625883779,0.017742906178726117,0.017238120829835196,0.01319816990372832
191,187,0.012308403357799928,0.02746021697336995,0.018799627247890596,0.01989126571582171,0.015084821844873322
192,188,0.01649677623368469,0.02729782809574557,0.017678134987068904,0.04086987440381169,0.0234290788780514
193,189,0.015416534196564214,0.027047436884954573,0.023331974907230376,0.016920388542399873,0.015322173353997472
194,190,0.026626995264416118,0.03030189744869257,0.030521369555421323,0.022549570169275893,0.01399779082831438
195,191,0.010735642947823946,0.027415629758709936,0.026090120362944343,0.012791788313014798,0.01214754273396479
196,192,0.02482152184027367,0.06820644845758508,0.017371475844394572,0.19467230344549094,0.013750831793353095
197,193,0.017651935282440398,0.026927992766411897,0.050168427708478056,0.017263787243414642,0.026008035622976728
198,194,0.010134760198202952,0.024221774134456975,0.018989165767776726,0.013745412324386145,0.012202513515453478
199,195,0.012812390576142006,0.025016648671119957,0.018410181847495165,0.013810924183459434,0.012336957500464702
200,196,0.020917406599325998,0.02442319890318422,0.018619522056890197,0.013886307196347153,0.03315237429159946
201,197,0.01148034814760087,0.0244931760674413,0.015899532949197184,0.017006567212994986,0.013828399761453225
202,198,0.012579422373883584,0.053176876438568825,0.012282455070702525,0.017765330924404018,0.015572855132783801
203,199,0.012692121638695113,0.024804643212274737,0.017323009507011426,0.01577736164816852,0.013189461502411444
204,200,0.025759012058506153,0.02399929874349456,0.05284837054863386,0.014524129940606086,0.014326558168381048
205,201,0.009440365767688074,0.022038846055455082,0.0145510310389867,0.010935991916366555,0.010398330692832608
206,202,0.20254137670965253,0.023069633938602993,0.30210262878009037,0.051730603467611797,0.008530226811854062
207,203,0.014255360859452833,0.02454569259231066,0.015266583079077922,0.011869887713534047,0.010355407405640402
208,204,0.04105311447608507,0.021316121514958618,0.011448681157929812,0.011141995586241403,0.01143554652705506
209,205,0.010071447673264376,0.023921877822811462,0.012131827262622312,0.012386526891786948,0.010033055904053931
210,206,0.009244861864885427,0.020487445337782743,0.01260120676266552,0.010813758712879314,0.010600697828595214
211,207,0.009434545108136067,0.017878738137337508,0.012134542898120616,0.0098899631857176,0.00895831528917145
212,208,0.01220688699902401,0.02181806444059333,0.012013323725712054,0.012964727924766321,0.020680593965003952
213,209,0.028018934579951492,0.025877736577996555,0.040180127854061914,0.013707065933711788,0.010165167286785442
214,210,0.010314652382175481,0.025424315411763855,0.022547300301182068,0.008350534084538343,0.008826585091340579
215,211,0.013128869054259477,0.022556131441872497,0.017759973624188217,0.01727277638138313,0.09583518718475177
216,212,0.011661582206703951,0.020500147990464544,0.014379048462613502,0.009569509307441661,0.01047667705149772
217,213,0.008691004609343373,0.018860753932836104,0.012202443557590672,0.007934785457574443,0.013906542133879674
218,214,0.010901044481930664,0.01850330803121053,0.013678899197828179,0.010991758202805431,0.011018907523605802
219,215,0.008684475310954485,0.0178165244224167,0.01202922911287852,0.010978449595091387,0.009089136233390659
220,216,0.010792276106362566,0.0174063069329387,0.015644928084889844,0.009768605250493527,0.007815988436516366
221,217,0.009796991007605912,0.017010471888481645,0.016349027235482587,0.010601375221211365,0.008554672312268554
222,218,0.013788413376744725,0.019922398615389282,0.023619321128777605,0.01061249523734523,0.010000163976250823
223,219,0.010985527616979414,0.019270824905794137,0.012825756128342207,0.01060609570927075,0.011905040475518882
224,220,0.01045107198697422,0.015768769456319488,0.01883917015399455,0.026522811809701327,0.00937592412052932
225,221,0.00807191363588213,0.01626815097846898,0.010154521552313077,0.00836204716761672,0.007456503364867661
226,222,0.0101572302725275,0.025323786798829625,0.014720124027932116,0.009738144179257285,0.00991900102783617
227,223,0.005964492503592702,0.011020132884904965,0.007089949675367259,0.005962734821804251,0.004929686274854268
228,224,0.0077095808990778085,0.017389633348085166,0.010984577911260713,0.009227358453744349,0.012180028820219995
229,225,0.007852978447393029,0.01675374777881124,0.010102439878167085,0.007947585828205778,0.007872543352271114
230,226,0.010881991874342821,0.017381486184192576,0.012981811971891213,0.00804021394444362,0.0073343107841435315
231,227,0.0042633484251943425,0.008802038261012815,0.005283615178615256,0.0034979360372723563,0.0034977585577200144
232,228,0.007087557546518468,0.01830815032876793,0.008503258570778141,0.007976273184537698,0.0063761857475996865
233,229,0.006874294625927071,0.014911982679808564,0.011119248219387088,0.009888028567159798,0.005914281354732569
234,230,0.00814449418036759,0.02139805805482234,0.02363451563858134,0.007916670909485675,0.007072611231686279
235,231,0.008935042284677785,0.018854945868990516,0.020666867158939454,0.00976317226093998,0.009606099340882194
236,232,0.009867723365301135,0.0108320735140372,0.009336516147588488,0.0298002647065653,0.007450259574436881
237,233,0.01151436441634458,0.01893359542568325,0.00979774824816008,0.010826120791363514,0.010170683671948254
238,234,0.01569579723519126,0.050439154805641935,0.031634590135952385,0.00958855233926595,0.005544459160977793
239,235,0.007312621792629733,0.013669585807483816,0.005366748679959783,0.006142379821887493,0.0069947335128683515
240,236,0.010149558922994585,0.027336525492849525,0.0480185758486243,0.010379999867324206,0.006545608974592849
241,237,0.0056361961885353015,0.012627018669293482,0.005359493614900514,0.005679841861832637,0.006879975923137642
242,238,0.007409704418335769,0.017473388860530664,0.012594299737605445,0.01189772434983573,0.00961373456946783
243,239,0.006441885473384259,0.012281631097628726,0.005047716604528727,0.005393826017040214,0.005077862545809161
244,240,0.007422949717538627,0.013130127613087364,0.007008289386568195,0.005654815027102537,0.005224095981392081
245,241,0.007113412266080195,0.012106557793385181,0.007196663355815276,0.0065723923181042945,0.006090089597172559
246,242,0.009914082103486328,0.01276729064906358,0.0321004821995695,0.007852821623455747,0.007583352333504169
247,243,0.006707471045198425,0.012493911353958232,0.008153655401113147,0.007191113109242774,0.006856291559143182
248,244,0.006706879060877037,0.012297210645491065,0.007725593134378817,0.0061563118142379985,0.020269344803649995
249,245,0.004854796050946487,0.008967990292263393,0.042632195849460486,0.004740850538773892,0.004801645298783702
250,246,0.006512873932363354,0.01128572829732566,0.005608879497717847,0.006967793853939675,0.00653539097760823
251,247,0.00514567795287868,0.010302339113311089,0.004495189167000586,0.0055749486299220465,0.003887678199149425
252,248,0.0051957961274044055,0.00875366735491641,0.005272530663449601,0.0070192229688338225,0.010959833176543546
253,249,0.006117857464399207,0.009868705064285827,0.007960845119526879,0.009620182281218352,0.01920144550812033
254,250,0.004674970134176739,0.008693866417564547,0.007156323235201891,0.004493868085693471,0.021260039573792508
255,251,0.0037357436804744547,0.008377211257563228,0.005620056395059338,0.004960681548097287,0.0031758569513903657
256,252,0.004260686722702696,0.01269064911547914,0.006938107412393842,0.006680615716693605,0.03799163140892651
257,253,0.008332473797480339,0.014220243455022052,0.008656192033892712,0.010664160491380298,0.00783598692406976
258,254,0.0033808632685354886,0.007397115537469482,0.006401352653938405,0.0038817572779422218,0.007212547474147673
259,255,0.032056643147478615,0.006220619223955267,0.0036825110217986318,0.014810937068150468,0.002424429767851272
260,256,0.004405030388387925,0.00820251935910809,0.004874200224195279,0.006374269055449749,0.004783668261613896
261,257,0.004296581917976139,0.008563831818183798,0.006691233188635053,0.005623693195075198,0.00338904302424761
262,258,0.004599728997590216,0.010243791248061608,0.005891070877387331,0.004831188039825686,0.005042615707880464
263,259,0.0035118151740373676,0.007520131009660681,0.007813266802362403,0.004301884190995316,0.013325107368453834
264,260,0.004652801689625787,0.018820057731891035,0.005419530156563606,0.004094887648475049,0.00330194449446878
265,261,0.01731347661442402,0.009485786356526187,0.006362227154966935,0.0061609183379375465,0.006573211667125576
266,262,0.0032167761805078927,0.007026894831074611,0.0037766819664832637,0.0031449170650665677,0.0029215730497530305
267,263,0.004894513562841885,0.007239693644927927,0.006043307050054208,0.005205760176383602,0.004346024097978224
268,264,0.004420612082318761,0.009532433567747332,0.006666410949747934,0.004892033079250321,0.003309255315106805
269,265,0.004026211053526774,0.007027640069133723,0.005472870894038122,0.004277308209737987,0.005187098266121138
270,266,0.003436379961335734,0.0092870315019144,0.004101355352179846,0.003859663847499021,0.0036699443828049254
271,267,0.004925106874509488,0.005379672969392782,0.003731943558845515,0.003526017222104675,0.00264400642063415
272,268,0.007394635825258338,0.010464983109841392,0.00567805602907745,0.013274935049237801,0.005875654200757697
273,269,0.005822511325006121,0.004654388097902781,0.005269966099441002,0.0036640219939664135,0.0031234201705771826
274,270,0.012480308667706415,0.00875827000166967,0.011393142504611974,0.008142772959881571,0.004252398277497915
275,271,0.003980586973026617,0.00622785663670391,0.017008906841401616,0.01132379659553179,0.0031218687807784765
276,272,0.0033444481024666526,0.008487086198646326,0.0040892053441202785,0.003391163711709397,0.003304825285828053
277,273,0.006597185246342061,0.005313663641378669,0.0021603497659545947,0.0032520915016563956,0.002762613991213899
278,274,0.009451821791619786,0.009073324056002691,0.005030156792046292,0.004796415706064363,0.00465378952974029
279,275,0.004717744795874161,0.039735052910061616,0.0022909801191743446,0.0040286090132492566,0.0025392645121132006
280,276,0.008135619814943833,0.18576786379754456,0.030007420467012914,0.4027506088942476,0.003596739574945233
281,277,0.005730343084452891,0.008707313250905109,0.01662950570068808,0.009853563151425389,0.00473796128585232
282,278,0.00823845870601237,0.011140682500698539,0.003325557320110332,0.24432517434419795,0.0044423972196016865
283,279,0.012373330960467081,0.768692168197926,0.005494144742601799,0.007336774421179692,0.006629091410750701
284,280,0.02612864053610482,0.06710300815621406,0.002810955464238317,0.005002294419836009,0.002236356630545451
285,281,0.028131187249007775,0.06064621649343524,0.006194468721279536,0.9423214555896903,0.019742645014859252
286,282,0.004323548522881528,0.004121296724304097,0.019099763136291244,0.004336644563636649,0.0020261851308724507
287,283,0.007195452927486807,0.011514068900299167,0.004704918592121895,0.007795811489765866,0.004807348339955734
288,284,0.003276107191040721,0.03814881293619799,0.0023781857350517427,0.003761595019500119,0.0023077308666682615
289,285,0.0033553876601955246,0.0051438593082500225,0.002227094079994832,0.00374887848992937,0.0021504209210182054
290,286,0.0097149593835938,0.007907041996307887,0.0041867893300233956,0.005739906567248854,0.003568428745939646
291,287,0.04565951335304285,0.12354972287365762,0.03447375514845388,0.007810120050179628,0.10704592008355288
292,288,0.015807533903425916,0.010333033936727727,0.022830130979423206,0.04643928397483313,0.031481562831716575
293,289,0.0042733969474553594,0.005068946235499313,0.004033809401148682,0.005354296904203326,0.002207617885557868
294,290,0.0045553916957933194,0.005316753433245875,0.002024305349033582,0.01162531578400468,0.0033097244785308434
295,291,0.004763464462734589,0.006231035362568573,0.002868931199269857,0.005090223772625786,0.0032080539887895843
296,292,0.011518218267233869,0.01300615157800925,0.016784187956003883,0.0029735367235653,0.002621683429269498
297,293,0.005693623673057508,0.01657939689689713,0.004893512313956431,0.013076601378596404,0.003004654834474348
298,294,0.016759476355223714,0.0045489841806350875,0.004192509275722319,0.0051577694082625995,0.0028295455288535006
299,295,0.004916523087476424,0.007085653840745316,0.007134214979711294,0.0036813890901990585,0.0027046184927083786
300,296,0.004796856938957858,0.005795939055860819,0.0028639701556038223,0.005335848864301287,0.0039963273470783635
301,297,0.004065066338455372,0.0051387190137637696,0.004243716295892898,0.0036532781461611624,0.0057969716558836735
302,298,0.0045711316287477925,0.005613759272010437,0.0073508952169367755,0.005893537545914653,0.0036035240615670083
303,299,0.012452327057991585,0.012224264676471556,0.007924385689900221,0.010451555458444915,0.010268519449475693
304,300,0.007408414609662278,0.005757824688959947,0.006098154623575209,0.006360872156477463,0.003523311568717421
305,301,0.005499842011480517,0.006001783862918473,0.0034233398084669766,0.005478751471106497,0.004292742686147958
306,302,0.004294895104489643,0.005981415638549513,0.0057147219702108065,0.006222770898800306,0.0026139584990144764
307,303,0.0037684530205053016,0.004600925147082206,0.0022398244931631874,0.00863044611531013,0.003027737488889
308,304,0.003942530359104117,0.00387795329917166,0.010121877268017195,0.004701125657854289,0.0027621610572091974
309,305,0.002026433628242433,0.0018359152501901267,0.006355979552290078,0.0014068369306356676,0.0015165388962628283
310,306,0.006031376712977327,0.010243340484854258,0.025339616269274234,0.008418962016410687,0.014040560916693078
311,307,0.0035625462586932636,0.005274821375856585,0.011879680264256861,0.0038897577587571884,0.0018737688022595978
312,308,0.006242256990957997,0.010739537308592537,0.011378197840027915,0.008674704887450509,0.0032811821668630174
313,309,0.0038772176113358705,0.0056452370571119445,0.007176614862512904,0.006140649248314226,0.002269612183595552
314,310,0.0,0.0,0.0,0.0,0.0
315,311,0.0,0.0,0.0,0.0,0.0
316,312,0.01777979776468772,0.008127840449406936,0.006123984408830148,0.008566809812310628,0.005272306462707805
317,313,0.015694295491682414,0.013599869760926519,0.011469096698688811,0.013567092410742054,0.009559683335821235
318,314,0.0050523251407753956,0.0060416066897800175,0.003536540497858937,0.010832501443169591,0.004833126129778839
319,315,0.004014730637226033,0.006970085768007636,0.00509059938748941,0.0034725613966120243,0.003134050685763687
320,316,0.004247034534034543,0.013727863463808745,0.005082544702710099,0.004946964325370902,0.002766279965039672
321,317,0.0058687783538696955,0.010472401252001204,0.006207506719946714,0.016293130684985342,0.003687992946846482
322,318,0.003704637685095456,0.004809426050572365,0.00471997948932141,0.004540464607930662,0.0018931115389277608
323,319,0.005442311344494657,0.03411575416985447,0.007722166575831338,0.006602411829948113,0.003399588522336318
324,320,0.005039537081301615,0.006727685490429367,0.005355390571326199,0.006356372746339959,0.0034623245430719413
325,321,0.005341651639514765,0.006005146174575506,0.005152891290990649,0.004407937143007761,0.004348071216948505
326,322,0.020352668723907008,0.009007316480785722,0.041226829628131706,0.005647161955644925,0.009356484055522274
327,322a,0.003236135301524563,0.004863498351114626,0.011222288030714378,0.0036160936185887535,0.0017679994112509885
328,323,0.0031148190892962926,0.006046051738575163,0.005296849574864586,0.0037698706833742836,0.0022050250798338984
329,324,0.006347940297563998,0.006923963753324881,0.009399481361778246,0.004562451788075298,0.0039032940661017025
330,325,0.00566359585146363,0.009822475489849982,0.009721542575334564,0.005648797069107721,0.0038021464349409857
331,326,0.0030032434859489808,0.005336876653708233,0.00873840444637356,0.003224723359315062,0.0017939733771070135
332,327,0.00474656917879033,0.005674939178699842,0.011781472828637656,0.005766739072234095,0.002995641299591098
333,328,0.003660337783656311,0.00242462465678468,0.0056595251086667036,0.0022812983224367676,0.0016505788744643392
334,329,0.003989690448545307,0.004452482663342953,0.006145265514239042,0.004769046634874706,0.0033237204032037
335,330,0.0056291042827854125,0.007633941252188611,0.0037935755636050966,0.00509794458740984,0.004739582597364434
336,331,0.00788120222632289,0.005223114057570126,0.007793436551527333,0.003718786020745766,0.003448109927881374
337,332,0.007068868713702646,0.008609672813215195,0.004238910037373255,0.007594626477515419,0.0076312809667921375
338,333,0.004571157186172009,0.004607045489303705,0.0024244275204549914,0.0038650994101733387,0.0029651397857259018
339,334,0.004343500875916187,0.0063180074177342236,0.008773818775901904,0.009027063202748759,0.0032833675778919207
340,335,0.10994945926060258,0.010353047754574572,0.4469171594304959,0.011922418850363287,0.017518540330287803
341,336,0.006780946392028691,0.0088492344839752,0.0031004247016696265,0.0044207486512066315,0.005484219520825213
342,337,0.005312081862772276,0.005020200132156957,0.001820870249473437,0.0032179628732635674,0.0033945953009418784
343,338,0.004240998596163056,0.006933628932848724,0.003242047763915483,0.0072116769392727206,0.00474257946177545
344,339,0.03130744847127059,0.019417263627979745,0.06559686022998913,0.009628366402195934,0.0038330999014651833
345,340,0.004610936434408986,0.006243018042731443,0.002509091281611109,0.00506190712279616,0.004786968164981345
346,341,0.007287718120799776,0.015492867443991542,0.0038676949123535405,0.007676226245098963,0.004827759649827271
347,342,0.0040993644932044585,0.005045296733566159,0.0027532167081838546,0.007606817710620123,0.0039013358549834787
348,343,0.003840361832763428,0.05547280606475503,0.0026390163885512147,0.004379641067603722,0.003478354009714451
349,344,0.00325881353250656,0.005149669696337154,0.0117938049130964,0.01229224040335258,0.08554758543037927
350,345,0.00237090990105357,0.0037788244608556298,0.0015618418223895807,0.0032240538910883803,0.002153753096931189
351,346,0.007787617848339615,0.00561401777699249,0.0023721841903419066,0.006967804571207665,0.004131500589922482
352,347,0.008483906067995917,0.005719698156499725,0.015163936370350472,0.011743599093548163,0.002916101113485471
353,348,0.0076413242789707455,0.015831991743833443,0.0015297311454186963,0.004155131635058493,0.043552495872801675
354,349,0.0035648426458264612,0.004706718352693583,0.00224927107398591,0.007674319277656705,0.0026589468879512205
355,350,0.0039147644810710765,0.0038024275269695922,0.0014357455063234736,0.0042182516692546804,0.0025679773497084783
356,351,0.0026512106821387385,0.003619263164850734,0.0016161142044444216,0.009178990661556216,0.0027483045861327934
357,352,0.005728819636094256,0.006348000678703881,0.00897090488482666,0.006091644896984881,0.003753351981145308
358,353,0.005587509974386048,0.017414271832114886,0.025486902101853854,0.00683413856072102,0.004198319548681414
359,354,0.004313868940172294,0.042382503837946936,0.002558121811936892,0.01142465071659393,0.11213064999597869
360,355,0.0,0.0,0.0,0.0,0.0
361,356,0.0030339661070529675,0.00455186177677575,0.0084925106065242,0.003678630082165768,0.002644665295462363
362,357,0.0034605169630408696,0.00330540504298852,0.0024554712809858746,0.003342675252881325,0.002409566457501867
363,358,0.0036524907051494666,0.004777699236320259,0.0025595899521796504,0.006501235821209752,0.003764718514278024
364,359,0.0022728178183192126,0.003738683239162309,0.002102735039645085,0.0029697693746469143,0.002388506176169763
365,360,0.007870895841910423,0.010914636812203511,0.0031102267603736614,0.009271819594553338,0.015287123291466743
366,361,0.004867628761120889,0.0048689164272767435,0.005178671144578228,0.004152332084532879,0.0031446593291326055
367,362,0.004916347268997776,0.11822416998694624,0.010987174867993346,0.04845387809880667,0.0027222283850778196
368,363,0.006604405125633129,0.014160341481797319,0.0029777976006946493,0.009982887883971451,0.003925137185620005
369,364,0.046899214894143344,0.008502435745707481,0.004984958851358967,0.006672847838662982,0.009615157770063913
370,365,0.007074228005645621,0.02870495476391526,0.004534599363337669,0.006002848332159295,0.004652653969523426
371,366,0.002658202497344411,0.004859385023176051,0.0027443246015907106,0.003631771595513891,0.0034791852677397823
372,367,0.011866550159219247,0.007221349709428983,0.0037607304159250968,0.0059463681902423,0.006198189056223888
373,368,0.0065127950674474955,0.007384622993434157,0.00451064564887834,0.008383358089231093,0.005889187562586707
374,369,0.00459129436669206,0.006859124225530823,0.004628284056056222,0.007365365235896172,0.007631756743247485
375,370,0.004785338874400065,0.00393610335325642,0.0027469514145620467,0.003404956821653977,0.002323604971208305
376,371,0.003383868976774224,0.0073983519104155225,0.002620536554993005,0.0042469912155303985,0.002727347395955101
377,372,0.01618537249186526,0.005417803303099447,0.0031304708925951746,0.012573477906157723,0.3929349582181492
378,373,0.007343183629752401,0.0044921561156523815,0.0027468071851847924,0.003469489937662681,0.009019850402986975
379,374,0.010011074220828557,0.008504173127784714,0.003696926378853916,0.005799421225946281,0.005837743176841875
380,375,0.004527092890134063,0.013932149759813708,0.0036910368306278633,0.012632601827276997,0.00912344218825355
381,376,0.005727335130627593,0.0049668796016788955,0.003536761841513381,0.0038467648645877325,0.008181775995509741
382,377,0.003226685912996878,0.003653106423672743,0.02751327893668653,0.00339281479102143,0.012432035716161135
383,378,0.004086026216168028,0.007185469001128382,0.0036929550219078726,0.004178295917601887,0.013221364419030116
384,379,0.003958126232876732,0.006151659315053795,0.0035346664489615963,0.004256566379026628,0.014339095618545792
385,380,0.009757431596743516,0.010551035399402768,0.012006744388148206,0.00684189161268259,0.016043546736103847
386,381,0.0036233000699338993,0.005330992272742892,0.03582513026023021,0.0038978163159352594,0.014831429220058086
387,382,0.006153604830972381,0.006669535788023413,0.005283040570043343,0.004525174584139825,0.009577025093405888
388,383,0.01248269102225787,0.008257643243173093,0.01019413262626483,0.004074380983011365,0.013336399118801374
389,384,0.003287516053774502,0.006375075919298927,0.054008991327791245,0.00585642720588644,0.036709795623407704
390,385,0.004911445981440258,0.007623649226652594,0.033691195538282696,0.010158355904006397,0.011489255339085437
391,386,0.0025464317540488165,0.005151696445341356,0.0028910328481697753,0.004651636288795255,0.010239211790408306
392,387,0.003900866009571632,0.007527744389348311,0.003900709351517787,0.004977056621817678,0.015941485235492776
393,388,0.0058712589119914085,0.012746044396170806,0.006344805853102639,0.00591976655958725,0.349280373047047
394,389,0.019815078193696625,0.013995943752952721,0.005437820684482368,0.006106630940318753,0.012874795632473558
395,390,0.004042298999161351,0.007318856863279302,0.004176184223698963,0.007832200548707351,0.011340539006889297
396,391,0.031832204984240754,0.007030039621212659,0.0118814834405294,0.015037227575681981,0.011415296093011893
397,392,0.0038090806240172596,0.0046069900479096286,0.003211532927879534,0.011270840579754018,0.009694869857879937
398,393,0.00337697934130388,0.006058767945374096,0.015903352467920347,0.005270415927617656,0.010432842505342236
399,394,0.02551505342044912,0.007454980142480284,0.015434913424062835,0.009357653692648479,0.011213314812906291
400,395,0.008079722504720204,0.007882665345684669,0.006096690489710677,0.008960237382885936,0.013743778154777187
401,396,0.03383004122831752,0.005404965813160501,0.08922810614984768,0.009633408468151639,0.012551784498814543
402,397,0.009448350714094667,0.012478278605339623,0.0036714893364176893,0.011284731585443051,0.00972465651016555
403,398,0.004179548024601373,0.017524234222752285,0.008881331444216455,0.009973686484655698,0.009089754861663874
404,399,0.006531403964595579,0.009924472729469261,0.02025847672698455,0.008964353430135779,0.009582572475397668
405,400,0.005511532219464561,0.004603126606519796,0.008617737013901837,0.004095598554338603,0.008735728825086405
406,401,0.027557605393021493,0.023525930115205342,0.009135227401767424,0.038343281815601454,0.016835113715720232
407,402,0.008904543445391964,0.008494049716603013,0.029044164988402378,0.006117439455749651,0.0098707996706176
408,403,0.03588145459493921,0.012145049400058805,0.018600011754338338,0.013002727134848626,0.018505330909977333
409,404,0.007200544187736506,0.013996040904589271,0.004122884369374391,0.008513318605788555,0.010119152233186633
410,405,0.008477002569616192,0.006170006346614952,0.014345797282815442,0.006668799921576674,0.019996974258694795
411,406,0.027284772192510822,0.015310607054704417,0.017466847628228883,0.021476469872312852,0.01620217610301374
412,407,0.007320591058667756,0.009811058036011734,0.006042664103985201,0.008923069894605779,0.013111941554839988
413,408,0.023778185081652217,0.007224992128034685,0.01834856373649732,0.014436321011472353,0.013102563512809837
414,409,0.19242436017777279,0.07797853984154458,0.2644082801904417,0.05932037702870553,0.0533987744280038
415,410,0.0,0.0,0.0,0.0,0.0
416,411,0.03252787070838954,0.003993629762750638,0.024051889455036404,0.010825616200958994,0.008864935542960629
417,412,0.004622946888382862,0.004013880431169817,0.002292790322209064,0.00575205035028559,0.02886574176662284
418,413,0.005492463657407519,0.006480234501863428,0.0028980580504643348,0.009803508051162148,0.008247748483558763
419,414,0.0038726643595448787,0.007614089913304677,0.003354142300004691,0.004574465944242603,0.008802801677244622
420,415,0.005676696353823733,0.005870927765923272,0.002567218243098403,0.004641585763460078,0.007468537430502346
421,416,0.021924126912355194,0.00993146162867105,0.005391587485173413,0.009464022052676633,0.011060635398066343
422,417,0.005123122757706253,0.005516307224167599,0.012712777787951232,0.0056003955201372226,0.009280199945154747
423,418,0.007007974571426616,0.008714874138736462,0.0034237488649788584,0.004878727758968583,0.008413798481325148
424,419,0.004137789522351149,0.004959814188984123,0.010687426204488534,0.004161520097934822,0.007154647021334975
425,420,0.0027106300055550234,0.0043580428743696335,0.006396792088380136,0.0045250729401157055,0.006498899362069837
426,421,0.00453490949635694,0.0028682327802543985,0.0024766016943830594,0.004223454303011365,0.003892391020632827
427,422,0.010841610142153272,0.006378009000055989,0.002444175888284445,0.004037902199350221,0.006769224320924444
428,423,0.004905962937121085,0.006986137398861003,0.008203158750471683,0.006492609182378795,0.008126949818985577
429,424,0.0029606380052548033,0.006984234802491048,0.0024901658239315804,0.0034446148753610644,0.006721017627852637
430,425,0.008182793228491895,0.012991839746496385,0.008679859076054558,0.005776925867411924,0.020430921874717692
431,426,0.005138842016275922,0.006876597457756379,0.003663523996544337,0.005895240101201173,0.007722295771820896
432,427,0.005392658877345994,0.007898655180391824,0.010060244368961994,0.005622905166596087,0.00892909329523615
433,428,0.004390682832346344,0.00776015972977228,0.003367210454425991,0.010087679108377887,0.008777025980256434
434,429,0.003405285367569461,0.01786854076511615,0.002543365307873543,0.00545729343631699,0.007463212261817248
435,430,0.003147446480149075,0.004489171143043478,0.002435699912291345,0.0031772394498920395,0.006920642013376488
436,431,0.00393779416523254,0.00806257876186953,0.002928862707289076,0.0057667360918628,0.007567827616341785
437,432,0.003109597771035659,0.002605691081307655,0.0024027591996322196,0.0024170609430622207,0.003674845928995514
438,433,0.003341678097413259,0.004980805276783876,0.003034475013907936,0.0052291118793727455,0.007067458768770791
439,434,0.00313871700820079,0.01865345390542023,0.04300329586760584,0.00467530118916446,0.003831544201409257
440,435,0.006085451097480648,0.006784119389395994,0.007282069840641701,0.005490094181409591,0.007747432727562006
441,436,0.008417998893201191,0.010596222299844473,0.009918397392673297,0.009443652934640803,0.011891860572218083
442,437,0.006203967526052995,0.00914557380941989,0.011101232971247812,0.007289045487208888,0.010048784836977421
443,438,0.006269491806798461,0.008112452485606374,0.01078823327566727,0.007621109163918364,0.01024433057466043
444,439,0.0076203478642954845,0.006898563021106194,0.008519771717991438,0.008567781399737667,0.006806690246407892
445,440,0.12304189431419937,0.02895143210137065,0.014909207719941671,0.026505719980865684,0.007474255240845611
446,441,0.008451241758201616,0.005550419980215863,0.06057589096707319,0.0060154655457573146,0.007401207262567203
447,442,0.003781984394165541,0.00629935824021061,0.02142771428322057,0.023046584683626938,0.0070886648658813394
448,443,0.004056028602292926,0.006574276386268433,0.008477542740586179,0.00528876095140958,0.005802458528079287
449,444,0.003918640908951117,0.007527817687765877,0.012016298019303895,0.0047553386817292456,0.005366713190432194
450,445,0.004412489836923603,0.007006900779305286,0.008992724359220593,0.013772470124580006,0.007871835954415617
451,446,0.012039293187456763,0.01554271527802778,0.008837214001268207,0.005800609494453765,0.0056278582976672445
452,447,0.006521738359278996,0.006993866892988058,0.009345905999531324,0.00813858840533957,0.0073185283373509895
453,448,0.004330987663612837,0.005475717322822203,0.008168855837261279,0.005558828042236973,0.007462822605539356
454,449,0.004098031552150396,0.005594498990436569,0.014374396516770693,0.0077596022386598445,0.005710848006778
455,450,0.0039637353783045365,0.011064882389699231,0.008155816175599738,0.005310406400159801,0.005656444877838094
456,451,0.005425645497839384,0.0065386411178319885,0.015109903272048586,0.008279624938908235,0.007309278585656668
457,452,0.012528832680958352,0.02519463150487501,0.012328320671647696,0.014208947309630118,0.005584854120557105
458,453,0.01421842997247493,0.015795036502291596,0.00789616082758223,0.008158678593220371,0.005452202923859568
459,454,0.0053681625939793415,0.005629694083117758,0.007809278518653945,0.008366215328479405,0.005304175508367114
460,455,0.009778275544722114,0.005452308959573165,0.007698776298937686,0.006815739754445272,0.005764934800186826
461,456,0.005689027179752646,0.008242605593127646,0.012775675104208512,0.008879706320239922,0.007149190320333635
462,457,0.004761985037442532,0.007301994634938707,0.008168255036680883,0.010856365199284271,0.006114852602588741
463,458,0.0064672224009904395,0.011248575122623153,0.014349398473404266,0.009961390010209629,0.01935127056206747
464,459,0.005788799791330796,0.10940057511656828,0.01314683919142155,0.011166939391626149,0.007841735002193912
465,460,0.011565395850159843,0.4411600531453331,0.01210962246851303,0.012379069209935555,0.3126515241398316
466,461,0.014300709680296007,0.11333193943914312,0.012280036054089668,0.010178965325330391,0.12254439033334233
467,462,0.009828431173761722,0.037315270858969116,0.02998725271335412,0.01121059898381278,0.04295355925570258
468,463,0.00746460778197392,0.01278020595998291,0.039522674666367975,0.016540812351872894,0.006262226402897985
469,464,0.006659343569472098,0.09489074821206091,0.028198203412151845,0.00901092729200204,0.005795705716234317
470,464b,0.010430339812256585,0.007773477622042688,0.04780923251808694,0.005898127100806172,0.004749273286083304
471,465,0.01706647064161133,0.15362531595395768,0.017824618060410902,0.008838976088963023,0.008538492235214046
472,466,0.009266779958164838,0.007953119634174477,0.01205018958843315,0.008021884277291716,0.006761027171059852
473,467,0.01106681531228202,0.010653699300874534,0.01318354200581956,0.010825368775598941,0.0049722028732932045
474,468,0.005600956601703331,0.007727994016795148,0.018247227648742207,0.006336382215878136,0.005412167703878414
475,469,0.003386556402294986,0.008467559670455592,0.006256635807551872,0.005246521644829982,0.0028301882747502984
476,470,0.008463500662603029,0.008715278581624016,0.014461136604112888,0.007013367935940963,0.0071183526094103795
477,471,0.003887225223184211,0.006412634396896147,0.017692677465194113,0.0055157471661646555,0.5774580046311509
478,472,0.003859385961034592,0.0050761664166561575,0.012161619343428277,0.008992236435334647,0.002745433844608378
479,473,0.006187251417764734,0.009678161289714892,0.007011840712260174,0.005456210169300057,0.0033701956937138627
480,474,0.006183460163490794,0.04412848128184813,0.0074935687348929424,0.00806255592389559,0.06461525985232441
481,475,0.0052977108256071674,0.0059334607398763934,0.007616812829196148,0.004864989838246823,0.002952813076146477
482,476,0.005868164557196243,0.005560620931169148,0.018466336322903926,0.00650918816911291,0.003854102683318014
483,477,0.04093224255582248,0.10420052861156251,0.014416033909405036,0.010421102112481914,0.37775897556429094
484,478,0.010136255382541213,0.005110489527750003,0.006182895878716414,0.006836039654798075,0.0024015208865665865
485,479,0.004886537866074538,0.005992123470169684,0.0066555189792958025,0.007924014286395728,0.003536534390186372
486,480,0.005683713648989056,0.0056304836835775985,0.014633322741466595,0.008337920193162226,0.0027439101370187228
487,481,0.008249327954887057,0.02697036425677124,0.008472245543575141,0.008209080022477257,0.004909727132730145
488,482,0.009434395681147088,0.008215053162795019,0.014285223593575801,0.012036384922472387,0.004452080832179938
489,483,0.004637029187425977,0.004767396062802779,0.006666586711705046,0.010901581018847405,0.0031865434365960328
490,484,0.02242102196489513,0.008410306713314802,0.009418229341577015,0.008819090502529603,0.00801059007383469
491,485,0.003688327901606881,0.004052124667344283,0.008078967151435945,0.004271063846361747,0.0016330290594495835
492,486,0.006110321714853045,0.00665224611174601,0.013485243645081208,0.008849996568282361,0.003589190227339531
493,487,0.002987735056852383,0.003244297759297274,0.05602461511788382,0.010145211649293794,0.0013446600922279723
494,488,0.006540046542449879,0.006048001697457043,0.034639718791920515,0.01041430132038767,0.003884627519909178
495,489,0.014662885692614083,0.006777894287944822,0.011740595950742172,0.03231245555118673,0.0058533404449251855
496,490,0.0059363859618231,0.005741574035133296,0.012607085112397292,0.008922659403492843,0.003964511141190853
497,491,0.01086555229162047,0.009191413677149375,0.014417537546150598,0.011744167473402853,0.0054979685839273654
498,492,0.00613858720668929,0.005901350421979615,0.01859393937933607,0.007222141584749909,0.00521454825288447
499,493,0.004718792014317566,0.005414291506442276,0.011266009911341798,0.006932113079098995,0.004173884413782542
500,494,0.008282839569532359,0.010473941474126799,0.014059415725830023,0.009801384944743027,0.01813097211577315
501,495,0.0033152036964931957,0.004029207438835148,0.01723987193417683,0.006390285104258933,0.014610652370965073
502,496,0.004657689644583067,0.005533799180847198,0.03550247427953257,0.006623819484767647,0.0023931136820834475
503,497,0.0048944145910640256,0.005501043414177385,0.038520853778165554,0.007771373127230522,0.004132352757541048
504,498,0.00969458027812937,0.008442803480427792,0.012205870541308683,0.011225885995090824,0.01407034641534572
505,499,0.006267403363939573,0.007017035441523467,0.01163441651325259,0.007956813859323916,0.006782972810194313
506,500,0.008088576813773202,0.0036979929382427107,0.008360017811036416,0.007477822110519116,0.0312510345060725
507,501,0.004535275669656482,0.004927815605879859,0.00925794937755699,0.00751616860946259,0.003094295916113386
508,502,0.0036033211238347762,0.003803905527848573,0.026903898202760075,0.009069846500233094,0.009885598227128865
509,503,0.005614335239710595,0.006043324757577006,0.01154693285957497,0.0106313643562225,0.005238204118732105
510,504,0.006860299269264967,0.008071167912374118,0.011687359673345188,0.01080945467418256,0.008407440253280739
511,505,0.005754218648791494,0.017961948313282648,0.093246745548197,0.019539243996990453,0.0037210920505413086
512,506,0.006075041336992066,0.04353094095226311,0.015164723019106801,0.00873973448599635,0.0048620882926635
513,507,0.005192837413102398,0.0072505780054154595,0.008511172539208958,0.0073725424423726465,0.0034809341734666275
514,508,0.01966023988714058,0.009165417089017682,0.026407206866554716,0.014123169444630846,0.004980396596943682
515,509,0.005568538175147599,0.00900103320007777,0.00823785826469643,0.015358620933450567,0.009294982778081103
516,510,0.0032560559056458755,0.0030383478336615272,0.002680987294417681,0.007369264844822487,0.003423219498490641
517,511,0.00607925264100207,0.008239741764362759,0.0077862144198589285,0.021650581875279,0.008931957120512535
518,512,0.006346339355678871,0.0072703268924418,0.0076504988946589775,0.0186048635212199,0.0074688662597317355
519,513,0.010522435067035232,0.014426176836503924,0.03153345770659119,0.02953110471650783,0.027327495860557036
520,514,0.008071514239369849,0.006576842564616306,0.0075424175641668175,0.01751606408500356,0.007206312517136813
521,515,0.008074586394311486,0.009004686693017851,0.0091606911235439,0.018712548123234383,0.008631268767510174
522,516,0.01345724935881923,0.013074509303148088,0.015016086443939002,0.024680028700163628,0.014829748675136064
523,517,0.00870671984541817,0.009398880546941393,0.009139441600950942,0.020053488894438493,0.008644973688099704
524,518,0.007436355905395944,0.01427100797547738,0.008361084022575188,0.018875438926861474,0.04108861824369838
525,519,0.008275824213836325,0.008940679029618977,0.008947492686720937,0.017732941803688635,0.008858116935574069
526,520,0.009504276403297516,0.010159583371626833,0.02170851640787642,0.019495625879225813,0.008709756054773851
527,521,0.00478104328655078,0.007177871096283295,0.005936650761631764,0.016658888707718675,0.007334254929997777
528,522,0.01347526236597691,0.015445158048658194,0.03947041080584261,0.024257142112950367,0.014325076876940422
529,523,0.00893403449419612,0.008276178625668339,0.019798577880167374,0.019939167819404295,0.008033916802397614
530,524,0.014110489344683735,0.009545479921722746,0.008602807617532071,0.023576808958423755,0.010237968401635232
531,525,0.02337975052770588,0.011382750870921768,0.021221355642157068,0.018190635103129436,0.0063056512094113795
532,526,0.005665071507974975,0.0068035401267075414,0.01780963867911269,0.015002014660413695,0.006079302521275294
533,527,0.005478264686339297,0.01231113463531832,0.0055508003952354935,0.018809792365096608,0.0059311022667236915
534,528,0.008607570370290474,0.009536038703565071,0.009120351005855704,0.019042016748762918,0.008238136056248038
535,529,0.00909884939464974,0.011615345500524751,0.008645090934722667,0.017753212002222532,0.008603991601640383
536,530,0.008350549153966305,0.01065217133526198,0.0084235978304542,0.017143389558803106,0.00812698324910351
537,531,0.009279084498024252,0.010836651745313317,0.010031779835589002,0.019892115590743602,0.010545927028042608
538,532,0.008269349871484732,0.01129007802256004,0.033217789604170544,0.01757124847735032,0.007678020072101266
539,533,0.007703401604803432,0.009227223516504186,0.05132405674875145,0.018701865174561027,0.007876520413769052
540,534,0.0095935959798235,0.01055615280228484,0.008986306761894382,0.017480955668218903,0.00815085602232118
541,535,0.017063827084182744,0.024400191620515627,0.030258913150854404,0.02891504314627601,0.008312838032358475
542,536,0.008241492890991388,0.008942047924131604,0.007848948718070934,0.016476219776185096,0.006902624717939495
543,537,0.007948146563103843,0.009953981554780684,0.007825129130152883,0.017122203644779923,0.03088793799413084
544,538,0.007742442992511613,0.009091537999069359,0.010740675489093587,0.016469114897079355,0.00756032989162591
545,539,0.0072597747073109955,0.04304793487288623,0.053883759375426096,0.01850337982055707,0.007678063691523279
546,540,0.00852486473554787,0.00877193609238199,0.008436128840025453,0.018062427583089284,0.007665884026491587
547,541,0.008660818526746874,0.008047329413119005,0.008927033391418544,0.017752405752663895,0.008919966017724656
548,542,0.007334226555902558,0.009000503671292952,0.0075303547122076405,0.01607094647053793,0.007250282713139668
549,543,0.017508541234789635,0.015233769617987374,0.02098664693718148,0.0233966699020181,0.02440882846412431
550,544,0.014902951073128131,0.014686667624772786,0.03329349917584945,0.020024277429186697,0.012164329831717365
551,545,0.012621699982228974,0.011747250124842873,0.039069220079841295,0.017813978294075168,0.01002435126455544
552,546,0.015385958657379501,0.013813015353451318,0.04440183100777228,0.020519266213668005,0.011135208116805215
553,547,0.011255791558209195,0.012233957061375754,0.028594619880416706,0.02014153088489994,0.011517736206870754
554,548,0.007850290480736535,0.008218504445024,0.02624117134572004,0.015953826071586633,0.006671620263598837
555,549,0.009628494721530205,0.009924514445132187,0.027793001842464273,0.01638129006682463,0.008908190089775362
556,550,0.008230348337841684,0.009255446514773473,0.03372003545379735,0.035544281860144855,0.008538581993593388
557,551,0.0075962547429082585,0.01007136146747551,0.02533508403147987,0.019706679791469808,0.006390127525591899
558,552,0.007484242370862699,0.009035669096446701,0.04363989166871795,0.01669304825183279,0.00761613572549819
559,553,0.00794579621069372,0.008648226081364476,0.023456586781174796,0.01982886444171523,0.009188435520966721
560,554,0.012526978157437417,0.009523566630027715,0.02266894140536756,0.01365753349623731,0.007123702091273004
561,555,0.006440394160801714,0.007674763778547637,0.020674952534161347,0.011812425548638547,0.006897975858543856
562,556,0.009319693783435185,0.009405821748480751,0.018173478287315,0.010739106559473499,0.0071150950675066445
563,557,0.010717152690217712,0.014306454157674278,0.021723902265644336,0.016375348095535803,0.010878227193652546
564,558,0.008349065689321014,0.011193882076628964,0.02113674212739396,0.013350989655185773,0.007199321272561585
565,559,0.007172408907275448,0.008700198286068038,0.01700974639159521,0.014689938857234238,0.0058332966527775984
566,560,0.007377447380480864,0.011542225579143948,0.016178261245226113,0.01486764752123296,0.007197380120835306
567,561,0.010110437204027021,0.011079866529047768,0.03054531994219606,0.014022456673128986,0.007130234308979278
568,562,0.007685695792566987,0.010420970393714493,0.014879769340259837,0.016098344859147025,0.0065747511872366
569,563,0.009103049239770275,0.008931138123526264,0.01532743594400696,0.012037313020855025,0.006556622052582358
570,564,0.008858536901599063,0.010989832464611049,0.01622404577251777,0.015344022199584762,0.007345929117722506
571,565,0.008599898297029026,0.008929422570287008,0.014691140963630459,0.014994029634117553,0.005891152529687825
572,566,0.007832171311199409,0.009773071172712387,0.014930141682317384,0.012487384246486022,0.007685491171743251
573,567,0.007652383376113599,0.014349483730067942,0.015961709738629346,0.011527105508183432,0.0064690125058951805
574,568,0.009082660450191371,0.010742074466561459,0.016381210153235393,0.012997785923306557,0.0067738908740435705
575,569,0.007591615809389754,0.008095040157327735,0.01500105851064452,0.010217998808181184,0.00568507497601288
576,570,0.008473354827444103,0.009808723075181209,0.015423717247937643,0.0123047336419096,0.0064728074317616235
577,571,0.006850110297670019,0.006542958356241683,0.022317566911656747,0.009469826277752513,0.0055415630428176915
578,572,0.00698678447630441,0.0077600483495183226,0.014719978837931599,0.01015133413275921,0.005721952594758656
579,573,0.006389129968131865,0.006214364555713729,0.014696943277088835,0.009799902792527111,0.004645262525072278
580,574,0.006910060438127197,0.013657882497250678,0.014769565515311597,0.009789596881448136,0.0049285002628827075
581,575,0.008754745565873233,0.0055948393537768835,0.012953356833890137,0.008402066807934715,0.004190947504447286
582,576,0.009405446120972603,0.00880448093065791,0.01670267983358646,0.011143163371385233,0.0068435455172511876
583,577,0.02140561036911859,0.006168886036708665,0.012980508605910244,0.00848032300725459,0.00468989634886313
584,578,0.008163163103923498,0.007884342838324504,0.015412925338803,0.01625424627366359,0.005861711815980525
585,579,0.011898580831239935,0.007805555707172266,0.014767184455911301,0.010889801115471184,0.005334915913959084
586,580,0.008556352339907173,0.010139852489624793,0.015047366035175634,0.010162793663011047,0.00834909910341791
587,581,0.007332773778652065,0.005955704824268607,0.013669223710594109,0.0134460668677482,0.026029202825761086
588,582,0.008573179577485896,0.008183610398578423,0.028382718783152627,0.00866989558195117,0.005618264360101446
589,583,0.10413793327416043,0.04511490903111102,0.06884897031884679,0.04234567710106385,0.005937910657968634
590,584,0.008983224028339013,0.008533498408786016,0.014936623537092169,0.008896527141710246,0.006656185367744118
591,585,0.022597517743988372,0.030725612540201893,0.03621067079022525,0.02194696837508281,0.006797095113327286
592,586,0.008747115720803446,0.007759642548219681,0.014555870964652546,0.011250537927860061,0.005619111284725231
593,587,0.006300915295948765,0.005308059579955378,0.011727249020479034,0.006526424065633945,0.0038936128951535865
594,588,0.008421575855532135,0.006710716390585178,0.09647354322125373,0.009062663074288744,0.004986287892080218
595,589,0.007554823621235044,0.008414238312807085,0.01317276263169082,0.00961077066922486,0.0057164816061714705
596,590,0.007723227488749288,0.007700582415424902,0.012890350055042386,0.022187298775552453,0.005953162513397626
597,591,0.006178354348692333,0.006116747861840687,0.011623140762658201,0.00760107696921916,0.017807991005842103
598,592,0.011619985305814196,0.011531799471728303,0.016168519427744384,0.01275035495987747,0.00960124400614877
599,593,0.011717185929734083,0.0066638943879129,0.01642618136017162,0.008053268887549606,0.007424147180892594
600,594,0.008246220500274131,0.008481836871494987,0.013291631535536043,0.011838256916436278,0.00806483455769845
601,595,0.014299917579994478,0.009574028095482056,0.01501769327804552,0.01025830322073087,0.006708240362977
602,596,0.0075185295379170585,0.007358035100305052,0.012051252650206,0.007490162091539722,0.006457985919574311
603,597,0.009475706593925805,0.0076424106681576695,0.010989234506026948,0.012890874549583207,0.0070796656730452625
604,598,0.008279212481742041,0.008061512350189579,0.011898407161444309,0.0075163379605999205,0.004838150000529599
605,599,0.008924345220763085,0.009986721721482274,0.01753434313863573,0.01318376097067046,0.006448610579501458
606,600,0.015307277209014434,0.014190807823472469,0.01137261990565723,0.010228438227656336,0.02754772579729898
607,601,0.005626062722567648,0.005765368165063421,0.015284929104445054,0.009260994216617056,0.005465026429579267
608,602,0.007867177689468777,0.009424876788460986,0.01130579397466726,0.007928150251669335,0.009558761484017774
609,603,0.007131875928018415,0.007205037978231555,0.010629472742359767,0.006853101320119207,0.008435203141015372
610,604,0.008173711999514489,0.007992012699557667,0.01709088143104672,0.0069626828185885515,0.009865245935470963
611,605,0.008897709371424855,0.009159230611710869,0.0226046473450236,0.00819673987599661,0.011471632194851688
612,606,0.007119900743757862,0.007785273537806131,0.08791219275773077,0.006910469558208121,0.008997401530164057
613,607,0.012344794753536736,0.018672571730168702,0.008306142756616511,0.032416598770514775,0.008747193536771291
614,608,0.006741883688641219,0.00784926091270175,0.027342702545124272,0.010602250941726041,0.009343003656509967
615,609,0.014416947465053526,0.012391708225760275,0.01885776640096788,0.007937213335864578,0.010114028163915942
616,610,0.009466831875210604,0.007806511854495298,0.04288605443980942,0.008063572151451953,0.020743470289130116
617,611,0.006653916660032072,0.011276885692537363,0.012099676578851188,0.006530236754448252,0.028213427533240507
618,612,0.006364816785162617,0.009555814164194121,0.0076640981908260505,0.008165695668894482,0.008907623551977682
619,613,0.006692184129832796,0.0074812636725833945,0.011516886980786732,0.009441901240454246,0.008878609083914092
620,614,0.005554146297676606,0.005781942039489244,0.014257729292048117,0.004662328843352989,0.007866830965911849
621,615,0.006690656273163728,0.009428857837828594,0.011939898381110049,0.00802175439906392,0.015046182517585127
622,616,0.004903163183445041,0.005185106604499981,0.006413130504041743,0.004027279297701484,0.006909986019748865
623,617,0.005375929734558204,0.004342727245859438,0.006906442136551275,0.004389627765380293,0.007227524334951741
624,618,0.00861332721763037,0.011588536391145075,0.012850514277650427,0.00976036711900641,0.00898006747521316
625,619,0.006675944718154968,0.006584891336526601,0.01369060934963751,0.009790746999777269,0.08259001048841148
626,620,0.005897146481566246,0.008145853330320888,0.013414578759835507,0.00452762184654737,0.008220295332560024
627,621,0.0059828393403046805,0.01004053255591138,0.00638167861533969,0.004757514645339566,0.007699946741689636
628,622,0.010250672450497652,0.008770486097589087,0.008110233619625032,0.006597549241116082,0.008643480979665717
629,623,0.008472773033774025,0.006193296827820111,0.0068891707283224345,0.005780170626692397,0.008110300893522417
630,624,0.006741971971967081,0.007157255251278131,0.006443707891778044,0.004409820619568,0.007086440000276466
631,625,0.006112729699993605,0.0050308674379990195,0.04315867487681992,0.004223460129412713,0.006793999799746487
632,626,0.007931424041301679,0.006187703841481608,0.003127817881658472,0.008199006055353938,0.012881142404522134
633,627,0.007166321982356117,0.007679398161648751,0.004205735166513985,0.006001096635490596,0.008564732486113209
634,628,0.007082232821657595,0.006832529153023755,0.0024999285592267446,0.008045606326213425,0.00685079575905965
635,629,0.027196938084436715,0.013478195501101862,0.009241128820769669,0.006130143221919954,0.008413714641784
636,630,0.006439613822807045,0.009340481554140398,0.006161706815205876,0.005110395831715575,0.006834337260210297
637,631,0.008270487580680518,0.009982497133153839,0.01108706497138188,0.008376056823113927,0.009433254661262304
638,632,0.01762724990342171,0.011976257948982974,0.01574223672194134,0.012358458185292506,0.00960204323359405
639,633,0.006677133128701126,0.005509463989848542,0.03340995312310036,0.0039029790143846185,0.004407985793419301
640,634,0.007247687956976239,0.004949600022692855,0.002214562377911437,0.003818713086440843,0.006270033134188437
641,635,0.006876392695516069,0.009375457652546139,0.003810627317737306,0.005657762786179849,0.007071441667041912
642,636,0.019051154043013937,0.01259496381264653,0.006365308876070156,0.014353240880382333,0.00858472570237602
643,637,0.006629081572118477,0.007089441791629679,0.003542230290261017,0.0089740133455057,0.006566806571107637
644,638,0.00684052471440793,0.008253519718268565,0.00975120706294295,0.006776849669359251,0.006896914903859371
645,639,0.005233681965582619,0.02974663373604498,0.013840518799427813,0.0072155741200212176,0.0060236167782179864
646,640,0.009652621926876895,0.009935120751918594,0.010290955553371775,0.013342826668768938,0.010213073447367927
647,641,0.008911657051013185,0.007047753998702919,0.006202206048801953,0.013773764275556925,0.007508511788382503
648,642,0.004320339059586603,0.005708495960682254,0.005550289131705,0.004359422082565596,0.003948380297926074
649,643,0.008131401462409281,0.009781766620093252,0.007876117664399563,0.0067507389710143835,0.008085989291165841
650,644,0.008339499921410296,0.011825471654390221,0.004903720339290509,0.012163436523480212,0.00896754577794447
651,645,0.006106499097405767,0.0071311972689639905,0.0061366123491062895,0.006858674444894082,0.0053596548121204795
652,646,0.005977693507467139,0.006091131479303335,0.0028936600799522737,0.003961183451942773,0.004681595021535436
653,647,0.00812675243225593,0.009275799789055114,0.0032454730441975267,0.007796816343780486,0.01751466340284639
654,648,0.003289671432919653,0.013291645544030851,0.005316402512093375,0.004102941666448442,0.013207644480234784
655,649,0.019495867364011335,0.009529796468897817,0.00659365236807159,0.005260208164717997,0.006908866901245399
656,650,0.0073079593877326135,0.007362778101107861,0.003568797275650625,0.005360760149070388,0.007569723284817966
657,651,0.011584826926030517,0.010488881819823704,0.020553617902851564,0.011095605794545924,0.007855836151149013
658,652,0.005400950801355219,0.007415277036161086,0.003092909982778738,0.007897550563189698,0.007321032352759253
659,653,0.006302255513653532,0.007503285914597977,0.003072977483419114,0.005579877471251354,0.0065313049445857
660,654,0.005748274955090875,0.010279251598009175,0.003541786932255647,0.006294351282024844,0.036965145819268415
661,655,0.022633845642941044,0.01113653276130254,0.03280416606877485,0.008885146878516369,0.03965811522941935
662,656,0.004513697929369571,0.006964750196021643,0.0024204663795893,0.004094248835442201,0.03398471755772888
663,657,0.00536268288757535,0.006626432354881482,0.0025769399691095212,0.0038791891042856148,0.033955539074620705
664,658,0.005571219488934672,0.00927846431713654,0.0060347930281925526,0.007089121917777894,0.03395354649591471
665,659,0.00981748446316411,0.008145035418167159,0.0024608769816181998,0.004747846800626839,0.0330470345164175
666,660,0.006037645465802242,0.012815441024207046,0.005895077087660717,0.006411517287464099,0.033355758340608575
667,661,0.007390339210963385,0.019769151233428178,0.027210849589467262,0.006767631663820614,0.035113663415906195
668,662,0.005492787052245813,0.015483705932443085,0.0019513219949960656,0.016153573956292636,0.032589639931438055
669,663,0.008879940145612554,0.0447370457786092,0.008486560899301393,0.006158715915700481,0.03813713249049825
670,664,0.011051054934483261,0.009827812940243827,0.011550566773751068,0.012892470094530888,0.03169098014783574
671,665,0.03361783668270862,0.007852971479914237,0.14288887228027516,0.022384147055479663,0.030258021297803837
672,666,0.004965714244278012,0.008245649479013906,0.008363252461318372,0.004885470405684169,0.032853460751053366
673,667,0.0211173425655447,0.010051936580153176,0.01813149952630778,0.0069731565180341385,0.03894658808921609
674,668,0.03141217732960378,0.016523137406782653,0.10417127177920259,0.021325576600712225,0.047240726253615827
675,669,0.006152152788402642,0.01010981479320337,0.006102024329358177,0.0342892235519809,0.03155063465925301
676,670,0.010174824975247757,0.00759652656709503,0.0080066458855287,0.009334596172298752,0.032017609739626016
677,671,0.010613283626224847,0.006076326849813239,0.04713560740151214,0.005448838854914892,0.02943048296919315
678,672,0.00441546467305013,0.012040160264663398,0.0026195808150783913,0.0077245882326065505,0.03119769117079499
679,673,0.007244045085063833,0.03104858099688987,0.005959936178152307,0.00840151450979135,0.03130997830667472
680,674,0.006447577341533395,0.011475026391148571,0.007264518914596613,0.008932437914876,0.03203775148330854
681,675,0.00290753551692241,0.004782241617594423,0.006235845385105315,0.005779159130475945,0.029143520259403238
682,676,0.0036245194571458794,0.008391632229450195,0.008432661449903315,0.00619498248713603,0.031015992777389246
683,677,0.004687154674185678,0.009222987768631737,0.006962439460923246,0.011631958931674366,0.030483468730272217
684,678,0.0050664133576816305,0.006370074883307994,0.02055490192559595,0.007088649076196223,0.029316155400000914
685,679,0.01295503760975077,0.008593814892539813,0.018218838669149685,0.012994993819651525,0.030308868510533347
686,680,0.006521486385329812,0.009864950529110988,0.006527679847968803,0.014004861570072389,0.029971549605439272
687,681,0.004245803439992552,0.008699328550986866,0.0023731043520343717,0.009039981527398131,0.01788611084757006
688,682,0.0033007262973485164,0.0056825682985328085,0.001826450592139934,0.008739440719804996,0.02711009314879967
689,683,0.0029459293714497073,0.0039537263993842525,0.0017913174380694264,0.0026079360911672694,0.012372417793243275
690,684,0.004429656872542689,0.017144346369494034,0.011463884192763427,0.01440615410406151,0.02763040083868815
691,685,0.0050575877518151905,0.011351899667936611,0.025216449817378958,0.013343213383357125,0.0292680933499375
692,686,0.003660451768097833,0.007545501194739068,0.0039591789264241525,0.01054778662704892,0.027437406498897293
693,687,0.008004503217835048,0.011582974733019962,0.0022611198906475,0.0118969863738983,0.028715578300564027
694,688,0.009240946712759357,0.00942728135631846,0.0085500795513915,0.013570343209711313,0.02486432314694611
695,689,0.016069703962270088,0.007220268390392534,0.010088142273375572,0.010516044837851311,0.07741380412848664
696,690,0.01912957960745195,0.04074439713469492,0.04743646690486108,0.009620216354937363,0.018544577766670633
697,691,0.01241158610381242,0.012146345033561094,0.08532456934902212,0.006886022653441712,0.020995826806518274
698,692,0.00587793111825963,0.0049909843355310695,0.02632201681499129,0.008078593027049018,0.018542460187005488
699,693,0.01642411490822715,0.010014794160241577,0.03677351466903869,0.0064591374200982914,0.01919799499551835
700,694,0.021623894487795156,0.0067461520624819155,0.008829931162983593,0.010303363324909536,0.01815107030149535
701,695,0.004232763810382866,0.005318817577411294,0.002681852673044427,0.004230782947121944,0.01802965745944352
702,696,0.004241716778238616,0.005786966168439936,0.008712862536520117,0.010303531390360615,0.017218438864792077
703,697,0.004339477091958723,0.004490152888607216,0.0020110011005079046,0.0033461478039464566,0.016247754310706387
704,698,0.007576974833973067,0.01004586041805692,0.011172895179984793,0.03492243428691478,0.020442057780509382
705,699,0.004153357978885197,0.004472499181129475,0.0022761606264646876,0.0036007928139145744,0.011431744253316528
706,700,0.0068179462435406105,0.008872783437658752,0.008922553856275925,0.00871230474778477,0.023635041196976934
707,701,0.008489231361858501,0.007757267638064051,0.013924993181023491,0.015113534979428571,0.027342093249344553
708,702,0.010268523019940579,0.01634698815118455,0.003105971509674195,0.010607062014979286,0.02383045154450184
709,703,0.011170542992850535,0.014181463613087237,0.005114315831047522,0.009581286719457646,0.026160569052783588
710,704,0.0059050655537019854,0.006725092158820691,0.003031901489120744,0.007500903286954072,0.0218453719969729
711,705,0.031290267586465144,0.009265721526110295,0.003770595554548044,0.008978008736099503,0.04219714467068954
712,706,0.007030960563543874,0.009351931071527233,0.004162713349500662,0.03724959859412845,0.022066254091689656
713,707,0.013903578981875678,0.007992631286849449,0.06233775597373238,0.02098103418387577,0.039738306756985635
714,708,0.006128794901012886,0.00751554722903476,0.005722680255493808,0.007369500631990566,0.020823631754353405
715,709,0.004891434654193327,0.005561411179272006,0.002504354044261641,0.00619744472247507,0.02922967933446877
716,710,0.0053612869449805286,0.007237698717887189,0.006170420449484559,0.006766891638200672,0.020209846492043087
717,711,0.008137908132015252,0.008456947205248748,0.0030750783118284933,0.0061678466062886975,0.020029595742277757
718,712,0.0056641705349737,0.008118549021223944,0.013516181737504651,0.008593015471572645,0.01946173082390368
719,713,0.01989904233216721,0.012336210368274274,0.006998101026676503,0.0174007420392755,0.02184467409307885
720,714,0.005974406465172568,0.007105133394451651,0.0034239342357355205,0.0071933581434885895,0.0182686110985324
721,715,0.012993737243435916,0.010681392490269446,0.023215468798082003,0.007221673706092247,0.017826114804106383
722,716,0.015315099105119868,0.013362391525585049,0.004067350291145538,0.00839387000982931,0.03070014164564844
723,717,0.15362320335291246,0.06539444774870626,0.06102986134026863,0.06039479876578664,0.02294666051360861
724,718,0.005725438358795946,0.010184448057377503,0.0026199006737513924,0.008582458053751421,0.016619814112798163
725,719,0.007441566855545439,0.009572015299669542,0.007164653428888801,0.010226012416781304,0.01951631609697561
726,720,0.011376968525308916,0.016506124744450523,0.009411579312260141,0.013336606601612093,0.02038578933437854
727,721,0.013680364237358153,0.018519708978278877,0.00832475790676262,0.01943360773282589,0.02211631094635469
728,722,0.009586221191103006,0.008806929857488066,0.008184982662639702,0.011118865279363973,0.015645342345640165
729,723,0.06748348036079065,0.0408098405138998,0.0567174280673735,0.06521248072324341,0.022881871940786294
730,724,0.04224897991783777,0.025963241605995096,0.023390009770159863,0.026939839471422082,0.033302617904682356
731,725,0.010896897901785689,0.010054198249493374,0.005885855263960134,0.008262879121486131,0.014487691626086064
732,726,0.010398859329721491,0.005541089717026416,0.003000189456854234,0.008630863306413631,0.015115939637367565
733,727,0.007495977524983641,0.01329603275167803,0.003997882470308443,0.010827481413009342,0.013964442716855967
734,728,0.006221000761119437,0.018280075731705172,0.003125887242809078,0.00639459755581022,0.01333653853011484
735,729,0.004509335895706563,0.005773562035941099,0.002344095394225466,0.00460448318347232,0.01168213587736298
736,730,0.010136185834396905,0.011442584263784875,0.00907932523380282,0.016067100787350075,0.017685092554027754
737,731,0.005985639510314257,0.006871008470471975,0.0037120791645032154,0.006833296687732674,0.024915899581479262
738,732,0.010219330542558244,0.004178563231699067,0.005578504267519566,0.022541601989362763,0.01159962703818777
739,733,0.006985486857087606,0.007383072670507307,0.003726821734439763,0.008546974257656506,0.012886693348389825
740,734,0.018606335486740306,0.01306610172498451,0.005092605162434954,0.009568468290808263,0.025202846908084914
741,735,0.013377304780462139,0.010870678142965549,0.0038751411343230656,0.007041286194205066,0.01311951501337383
742,736,0.011178382096667615,0.011902233281078626,0.00724116921247065,0.00627243782297137,0.011938488852133118
743,737,0.015315947335810995,0.010752665301020191,0.011763178099743383,0.019125565243991737,0.020276133595212083
744,738,0.00657483221678605,0.0075458557836216075,0.003962745773245578,0.00729698048109564,0.01163602936160298
745,739,0.008288414256178508,0.0048046200139482105,0.002915253779404571,0.00665313815064524,0.04674598242970842
746,740,0.008423776485180685,0.013172925433739775,0.005221666540021299,0.009350496550443739,0.009351246155801896
747,741,0.006736979433841819,0.006860391704390486,0.004278932968417685,0.007563796079786114,0.011405403951481227
748,742,0.009019350269126791,0.006521927709785697,0.0024382123072225104,0.011348912564962146,0.0075744766447686475
749,743,0.01326531946111733,0.007603141485539333,0.026226362580637236,0.0071336788647902395,0.015514360575011748
750,744,0.005548521607919976,0.005428916760022778,0.0030591046107365264,0.004569495983064266,0.011936856911961138
751,745,0.006583431350749906,0.006470469427908099,0.004590992524423686,0.0071660050301441324,0.010170058855029284
752,746,0.0081112783858646,0.03329638623629872,0.002027848793658657,0.003057854878489938,0.007709606521328906
753,747,0.0043906439644460366,0.004723982050971117,0.0026804855568487536,0.0049036468955167495,0.0076598965188618764
754,748,0.005598009879425496,0.005293223379356827,0.0033089525823397485,0.0047776297746920295,0.007561897299441473
755,749,0.00615509828713839,0.007175030900102291,0.0076744105084463835,0.00645466041958628,0.00848906961926628
756,750,0.09572014045836956,0.02399207893885229,0.10483961040648192,0.012647640025185827,0.04896655928080347
757,751,0.008689832927464676,0.006348371481020139,0.003700759897329384,0.010386980725702884,0.007820325926980596
758,752,0.008056357774021496,0.009690065526339279,0.005156590560763754,0.011325465359810624,0.00817376873003149
759,753,0.006482225235716727,0.0061555146101991785,0.009984254920643691,0.009117953742287988,0.005897182540821455
760,754,0.007683993705995782,0.007302695542321824,0.005757096791486342,0.009788453205530253,0.007817064745964148
761,755,0.006306731289654098,0.004580871211943303,0.0046003261989274935,0.006781954633145093,0.006054554661271474
762,756,0.006950347965575899,0.0069702491323403734,0.004664810467431751,0.008497338770651555,0.0072413165319019064
763,757,0.006739946346891201,0.008953294904611378,0.0036987865184812557,0.004580570414459044,0.005997494868733372
764,758,0.00788931681931498,0.006011827848641068,0.007838556647247885,0.00849494779711664,0.0073791480979519914
765,759,0.01129977783697765,0.008770010136887432,0.004272842512726338,0.004814417112349603,0.008144585353005763
766,760,0.009938570111894184,0.00552037732271672,0.0032908270255000544,0.004609614043334975,0.0053893028352459404
767,761,0.00622930277865819,0.007297075698054074,0.004080114289439773,0.0062628239604633,0.006330381623086242
768,762,0.008137794599565311,0.012414151167212565,0.006079834368831664,0.009320929188162857,0.008209711675593633
769,763,0.004980220937971199,0.04026202633097374,0.0031627110363762843,0.007404493799881813,0.004794252986068402
770,764,0.00745795351360353,0.009679218960970085,0.005182848922226478,0.018309810391200797,0.006921894138860308
771,765,0.008150973077558847,0.006857857881809669,0.004726260929385344,0.006266979758039599,0.0052304922416214405
772,766,0.005805702178730274,0.007880098022196871,0.003933341847141038,0.0043760527690696,0.005649922594262172
773,767,0.00501908672703592,0.007466482727726133,0.003464872714088466,0.004931027522853062,0.00434808253156032
774,768,0.005542491120473527,0.007140504372963221,0.0036130031496687635,0.0056029521627725554,0.004786890944156331
775,769,0.0060836668248896095,0.009338051301606797,0.004429470365781961,0.006310805521553355,0.00652479662048037
776,770,0.011140339065232327,0.006987038199916898,0.0030061209113306686,0.01537429698460648,0.009531250757296418
777,771,0.005022495432358349,0.006698289076635779,0.00399919474719795,0.007598615714297142,0.004421359774090673
778,772,0.007103681926484669,0.008154394357836029,0.0044871815241062174,0.005795131410808896,0.004830731480448854
779,773,0.005959582073910125,0.007171671715568983,0.004008344834658045,0.007113829578795135,0.004933857079955064
780,774,0.008284509213233591,0.009239900694278429,0.006166997232905751,0.008199594392442916,0.00706057029995134
781,775,0.010343043860344377,0.014426928935053119,0.00790074458312969,0.011603657267019276,0.006824752604334774
782,776,0.011738735528992865,0.014547840996180736,0.02239784667622279,0.010816671002977044,0.01150619917422265
783,777,0.013882383392604246,0.01630502298543723,0.005445743930511385,0.013687396133315977,0.005587670969865529
784,778,0.007638919706674589,0.014665423366423638,0.06107441891190983,0.008764728396563054,0.004374738343699776
785,779,0.005826920213992388,0.010609265279208203,0.003983612690246856,0.010432109912069013,0.003613899439565279
786,780,0.012207345974496865,0.012304298860702922,0.0048759481314366165,0.017108432130344624,0.005461375991055161
787,781,0.011765861383517108,0.014962609326785621,0.0059289571811134345,0.007550924517364041,0.004677817653252334
788,782,0.011153023506335588,0.011177075046912021,0.005149353243247884,0.012884821155535582,0.005149982886230647
789,783,0.00665084005172519,0.011205825736402799,0.004662371440046491,0.00929748092738767,0.005606479310960328
790,784,0.007589876609018016,0.02121434028559342,0.004182322958953577,0.008536164135821946,0.0365492322533439
791,785,0.005782431465573973,0.009039869583887595,0.0033980866345146017,0.00998144291761413,0.0035832541134314133
792,786,0.0066473445955776604,0.008995828622722593,0.0044218281767284375,0.007366898057666566,0.010877596237501497
793,787,0.008069354860990302,0.01585096692979817,0.003656865108863928,0.01347821800398615,0.004352365312235861
794,788,0.014421096133210461,0.013928257515031829,0.004081862067264121,0.008604935976206296,0.004538835966328648
795,789,0.005434896890685836,0.007357812128632903,0.0027349894364007677,0.0031113540576903436,0.0025040447476973454
796,790,0.007916583450855637,0.017987681715212984,0.006112419293581702,0.01334125416373614,0.00825328501752631
797,791,0.010487998057870138,0.012468969579609503,0.006257567200178601,0.014923602185074011,0.02634286393033361
798,792,0.008228500777216999,0.00941471993256764,0.003617532083707194,0.008310048589040846,0.004357291720973357
799,793,0.006272994066600306,0.010143058798902283,0.004187137544979547,0.008046521016940351,0.004066022747376344
800,794,0.006720176917673539,0.0072672897724815584,0.005355952392716809,0.006519880831280618,0.009545047008270234
801,795,0.007468483368314787,0.007982827121435486,0.0034848745145015323,0.008725629824318968,0.002852944724039113
802,796,0.006714306218820078,0.006085449507881469,0.0037003284270046596,0.005744284952878221,0.0028047924468259885
803,797,0.012629305343360207,0.010527183348571598,0.005278784217568928,0.01270410745954607,0.0052074598934170515
804,798,0.008962447932662583,0.011319247612231076,0.007765733463350227,0.012991956327395941,0.003035839362166376
805,799,0.007962184098754573,0.009197075774506278,0.003913711168910295,0.00815410026157371,0.003970499527912482
806,800,0.00721859229595033,0.004866289747809088,0.003366889486768173,0.00770043597755886,0.0028082080978469263
807,801,0.006657573015589429,0.00979304027843112,0.0033166525515400088,0.0055223587439317,0.0032007034359144834
808,802,0.00960099973353354,0.008696031446003382,0.005798467605552917,0.008463285198103658,0.005075146767891484
809,803,0.007343104277857903,0.006211166136104648,0.0039095450886536464,0.006150795914566782,0.0038204734604729
810,804,0.010211619983974853,0.013397774490570322,0.019207176946440786,0.017171880140144886,0.005015830178785828
811,805,0.0063479557826522865,0.005389767539399333,0.0026164914559839037,0.0052834092572615786,0.0030642365245160063
812,806,0.006613841412863379,0.011119452817093351,0.008204943861711196,0.005262887201949928,0.002986542239723486
813,807,0.010353934359791725,0.007751832240914504,0.021184061547696514,0.01113267868256573,0.0026612363639849737
814,808,0.012558001947376635,0.011432566738860006,0.002921751221793486,0.017304538972432178,0.008239420287852815
815,809,0.006141109379796219,0.0045100614748903615,0.003292900399641767,0.009288000353582317,0.0032663302140141103
816,810,0.006583118999430773,0.0063158185609050906,0.002595371906116374,0.010068997228118456,0.003541336153341039
817,811,0.00778646308913004,0.01507759969537547,0.004744671218759283,0.012690596371639605,0.004387568409071449
818,812,0.006650857772824408,0.008184542059373788,0.002885877252277596,0.011830877773067424,0.0024549926983232382
819,813,0.007459493789050333,0.0032379436675009166,0.0017797442660767524,0.007383067323887324,0.0016995713125605271
820,814,0.0052204696239386405,0.002516564047224957,0.0028543960473227763,0.008126468185295888,0.0028343107298276046
821,815,0.0073750577316878205,0.00586681671154486,0.006324350546992311,0.005121289098377594,0.00371646169938206
822,816,0.005830250472454765,0.004182752822732108,0.005916602235146875,0.003536513555230324,0.002486405055869597
823,817,0.010930736490765366,0.00763585542154211,0.035766161738788736,0.007528079080230372,0.00459195802701001
824,818,0.008505338331993798,0.005882978310551931,0.0037310590722959814,0.0155274772487468,0.00398749227048073
825,819,0.005142405521842754,0.004562211249442245,0.0028666108872407057,0.009242753609077087,0.01978239575038739
826,820,0.006045455773642493,0.005120971354078029,0.005290201166213869,0.004600379509849831,0.0027188412549282457
827,821,0.005760073988441072,0.006844208313875614,0.002447948956982745,0.00560124481286869,0.0023439623265951743
828,822,0.0048814348076064145,0.013418185375928095,0.0020921649369548857,0.00778335907123048,0.0021456013710019948
829,823,0.005631452608518746,0.017135812231752975,0.002944337384282961,0.005589738669326598,0.0030044209796038263
830,824,0.006127613050954,0.015222205653133562,0.0026107978188451234,0.011755869118374285,0.0024389210503534564
831,825,0.010819690851478195,0.01793552226948367,0.01604472214761787,0.00475439254354126,0.003709066540317751
832,826,0.005946464968702587,0.015774456448473573,0.0027719385137709184,0.005554613590950314,0.0027926911335364006
833,827,0.006731973613484532,0.01534090917554968,0.00382741779977875,0.008921186039949276,0.004504773900843428
834,828,0.006540667196861216,0.018582886137785647,0.0018402619400010526,0.010723250792986336,0.011786397914096688
835,829,0.010922036691836176,0.014676391329368061,0.003717458125876061,0.008842518074325765,0.0034777275129290186
836,830,0.00458871832038114,0.013146520694219125,0.002403945100441746,0.005183040933837902,0.001843276239116545
837,831,0.009981636177502006,0.014663254895779783,0.001825371142202477,0.005683500729269151,0.002087683915475288
838,832,0.005035794953700884,0.014751722176722715,0.002379746358298886,0.006949442252024497,0.0021378762685089667
839,833,0.02000247403678,0.016447616235247917,0.01863166275208776,0.008079784988610488,0.0035134323192129242
840,834,0.005573165213564495,0.015757200034185764,0.002836571295456748,0.004980599300130254,0.0027061111993319795
841,835,0.00491768768912458,0.01494172654126894,0.04363006760967363,0.005457812965629115,0.0036488976935113056
842,836,0.011237344834268935,0.027916279023345206,0.14811796019567325,0.017325617939754498,0.00708089078937
843,837,0.004609209290456022,0.007581259130506378,0.009057142538502228,0.0060580418148315105,0.0051059985037799835
844,838,0.00508399860078634,0.01454615103410559,0.0023263719237532877,0.005106244179994023,0.0054167316604570494
845,839,0.009365478956583025,0.01835834796783228,0.009095726632146413,0.007345359611627228,0.0172038438946285
846,840,0.0052267349548394985,0.03346889384873066,0.016933975558967845,0.008474400030515156,0.004941087191197026
847,841,0.009716417245596468,0.019050222347488578,0.003423301653061741,0.009961758786798672,0.005239976288029245
848,842,0.005878358006118959,0.01859826402740586,0.0029156647276820146,0.004997730716060163,0.037818419791745356
849,843,0.004895051385013633,0.01543094925700538,0.0023209249471286,0.005802258954881679,0.00455003373224701
850,844,0.009381708124966413,0.015039073320595677,0.003185505124196603,0.005844615736219933,0.004842975132083767
851,845,0.004542290078213388,0.016893777637745647,0.002607267770858423,0.006627791653841931,0.004909311063458333
852,846,0.00528723046856359,0.014688746952682663,0.002226914586813643,0.006831909170456226,0.0043708712062139
853,847,0.0038208007941981747,0.013670074486814105,0.02902679173887351,0.006307914990056566,0.0033670266427033107
854,848,0.018091378662593027,0.01446983277827379,0.09872227189026433,0.021217813034818917,0.0053490201813802
855,849,0.006232740069962443,0.014876354799900134,0.003036582093669065,0.006993435768717908,0.005871901357165156
856,850,0.005879244538658143,0.02861776036027204,0.00287620266688577,0.007171050439066157,0.0160840576919154
857,851,0.10989094161869496,0.015969271531101243,0.003314041671026792,0.06465559699386424,0.004825424235772655
858,852,0.006206644997096889,0.0173490051434464,0.0028101878791882994,0.007923979474519683,0.004224294892515822
859,853,0.006953674328540699,0.016837912909638448,0.017436263556622863,0.010899499473551455,0.011741696006697134
860,854,0.01910744074590743,0.0839464493991828,0.0027362046501582995,0.032448453038276634,0.004637865960457366
861,855,0.013206370535674779,0.05713178145405116,0.007387918007074618,0.03468748339052297,0.008977407852400712
862,856,0.005599302308152935,0.016278150667306045,0.0023825655082373005,0.008616149576615552,0.004718418644625555
