,POS_AA,COVERAGE,exp,sample,week,virus,sample_id
0,1,79,CD00,m000,wk00,JRCSF,CD00-m000-wk00
1,2,80,CD00,m000,wk00,JRCSF,CD00-m000-wk00
2,3,87,CD00,m000,wk00,JRCSF,CD00-m000-wk00
3,4,87,CD00,m000,wk00,JRCSF,CD00-m000-wk00
4,5,87,CD00,m000,wk00,JRCSF,CD00-m000-wk00
5,6,91,CD00,m000,wk00,JRCSF,CD00-m000-wk00
6,7,92,CD00,m000,wk00,JRCSF,CD00-m000-wk00
7,8,91,CD00,m000,wk00,JRCSF,CD00-m000-wk00
8,9,96,CD00,m000,wk00,JRCSF,CD00-m000-wk00
9,10,99,CD00,m000,wk00,JRCSF,CD00-m000-wk00
10,11,99,CD00,m000,wk00,JRCSF,CD00-m000-wk00
11,12,97,CD00,m000,wk00,JRCSF,CD00-m000-wk00
12,13,102,CD00,m000,wk00,JRCSF,CD00-m000-wk00
13,14,105,CD00,m000,wk00,JRCSF,CD00-m000-wk00
14,15,105,CD00,m000,wk00,JRCSF,CD00-m000-wk00
15,16,105,CD00,m000,wk00,JRCSF,CD00-m000-wk00
16,17,105,CD00,m000,wk00,JRCSF,CD00-m000-wk00
17,18,108,CD00,m000,wk00,JRCSF,CD00-m000-wk00
18,19,109,CD00,m000,wk00,JRCSF,CD00-m000-wk00
19,20,111,CD00,m000,wk00,JRCSF,CD00-m000-wk00
20,21,115,CD00,m000,wk00,JRCSF,CD00-m000-wk00
21,22,114,CD00,m000,wk00,JRCSF,CD00-m000-wk00
22,23,119,CD00,m000,wk00,JRCSF,CD00-m000-wk00
23,24,128,CD00,m000,wk00,JRCSF,CD00-m000-wk00
24,25,129,CD00,m000,wk00,JRCSF,CD00-m000-wk00
25,26,130,CD00,m000,wk00,JRCSF,CD00-m000-wk00
26,27,140,CD00,m000,wk00,JRCSF,CD00-m000-wk00
27,28,150,CD00,m000,wk00,JRCSF,CD00-m000-wk00
28,29,155,CD00,m000,wk00,JRCSF,CD00-m000-wk00
29,30,158,CD00,m000,wk00,JRCSF,CD00-m000-wk00
30,31,158,CD00,m000,wk00,JRCSF,CD00-m000-wk00
31,32,158,CD00,m000,wk00,JRCSF,CD00-m000-wk00
32,33,160,CD00,m000,wk00,JRCSF,CD00-m000-wk00
33,34,161,CD00,m000,wk00,JRCSF,CD00-m000-wk00
34,35,162,CD00,m000,wk00,JRCSF,CD00-m000-wk00
35,36,162,CD00,m000,wk00,JRCSF,CD00-m000-wk00
36,37,189,CD00,m000,wk00,JRCSF,CD00-m000-wk00
37,38,208,CD00,m000,wk00,JRCSF,CD00-m000-wk00
38,39,220,CD00,m000,wk00,JRCSF,CD00-m000-wk00
39,40,227,CD00,m000,wk00,JRCSF,CD00-m000-wk00
40,41,240,CD00,m000,wk00,JRCSF,CD00-m000-wk00
41,42,243,CD00,m000,wk00,JRCSF,CD00-m000-wk00
42,43,249,CD00,m000,wk00,JRCSF,CD00-m000-wk00
43,44,255,CD00,m000,wk00,JRCSF,CD00-m000-wk00
44,45,257,CD00,m000,wk00,JRCSF,CD00-m000-wk00
45,46,257,CD00,m000,wk00,JRCSF,CD00-m000-wk00
46,47,260,CD00,m000,wk00,JRCSF,CD00-m000-wk00
47,48,265,CD00,m000,wk00,JRCSF,CD00-m000-wk00
48,49,265,CD00,m000,wk00,JRCSF,CD00-m000-wk00
49,50,272,CD00,m000,wk00,JRCSF,CD00-m000-wk00
50,51,277,CD00,m000,wk00,JRCSF,CD00-m000-wk00
51,52,277,CD00,m000,wk00,JRCSF,CD00-m000-wk00
52,53,278,CD00,m000,wk00,JRCSF,CD00-m000-wk00
53,54,276,CD00,m000,wk00,JRCSF,CD00-m000-wk00
54,55,276,CD00,m000,wk00,JRCSF,CD00-m000-wk00
55,56,280,CD00,m000,wk00,JRCSF,CD00-m000-wk00
56,57,282,CD00,m000,wk00,JRCSF,CD00-m000-wk00
57,58,286,CD00,m000,wk00,JRCSF,CD00-m000-wk00
58,59,291,CD00,m000,wk00,JRCSF,CD00-m000-wk00
59,60,295,CD00,m000,wk00,JRCSF,CD00-m000-wk00
60,61,302,CD00,m000,wk00,JRCSF,CD00-m000-wk00
61,62,322,CD00,m000,wk00,JRCSF,CD00-m000-wk00
62,63,325,CD00,m000,wk00,JRCSF,CD00-m000-wk00
63,64,331,CD00,m000,wk00,JRCSF,CD00-m000-wk00
64,65,337,CD00,m000,wk00,JRCSF,CD00-m000-wk00
65,66,341,CD00,m000,wk00,JRCSF,CD00-m000-wk00
66,67,345,CD00,m000,wk00,JRCSF,CD00-m000-wk00
67,68,346,CD00,m000,wk00,JRCSF,CD00-m000-wk00
68,69,350,CD00,m000,wk00,JRCSF,CD00-m000-wk00
69,70,360,CD00,m000,wk00,JRCSF,CD00-m000-wk00
70,71,367,CD00,m000,wk00,JRCSF,CD00-m000-wk00
71,72,367,CD00,m000,wk00,JRCSF,CD00-m000-wk00
72,75,393,CD00,m000,wk00,JRCSF,CD00-m000-wk00
73,76,389,CD00,m000,wk00,JRCSF,CD00-m000-wk00
74,78,392,CD00,m000,wk00,JRCSF,CD00-m000-wk00
75,79,392,CD00,m000,wk00,JRCSF,CD00-m000-wk00
76,80,407,CD00,m000,wk00,JRCSF,CD00-m000-wk00
77,81,409,CD00,m000,wk00,JRCSF,CD00-m000-wk00
78,82,413,CD00,m000,wk00,JRCSF,CD00-m000-wk00
79,85,429,CD00,m000,wk00,JRCSF,CD00-m000-wk00
80,73,373,CD00,m000,wk00,JRCSF,CD00-m000-wk00
81,74,396,CD00,m000,wk00,JRCSF,CD00-m000-wk00
82,77,390,CD00,m000,wk00,JRCSF,CD00-m000-wk00
83,83,418,CD00,m000,wk00,JRCSF,CD00-m000-wk00
84,84,421,CD00,m000,wk00,JRCSF,CD00-m000-wk00
85,86,425,CD00,m000,wk00,JRCSF,CD00-m000-wk00
86,87,424,CD00,m000,wk00,JRCSF,CD00-m000-wk00
87,88,429,CD00,m000,wk00,JRCSF,CD00-m000-wk00
88,89,429,CD00,m000,wk00,JRCSF,CD00-m000-wk00
89,90,425,CD00,m000,wk00,JRCSF,CD00-m000-wk00
90,91,432,CD00,m000,wk00,JRCSF,CD00-m000-wk00
91,92,436,CD00,m000,wk00,JRCSF,CD00-m000-wk00
92,93,433,CD00,m000,wk00,JRCSF,CD00-m000-wk00
93,94,426,CD00,m000,wk00,JRCSF,CD00-m000-wk00
94,95,421,CD00,m000,wk00,JRCSF,CD00-m000-wk00
95,96,423,CD00,m000,wk00,JRCSF,CD00-m000-wk00
96,97,426,CD00,m000,wk00,JRCSF,CD00-m000-wk00
97,98,426,CD00,m000,wk00,JRCSF,CD00-m000-wk00
98,99,421,CD00,m000,wk00,JRCSF,CD00-m000-wk00
99,100,438,CD00,m000,wk00,JRCSF,CD00-m000-wk00
100,101,444,CD00,m000,wk00,JRCSF,CD00-m000-wk00
101,102,434,CD00,m000,wk00,JRCSF,CD00-m000-wk00
102,103,450,CD00,m000,wk00,JRCSF,CD00-m000-wk00
103,104,449,CD00,m000,wk00,JRCSF,CD00-m000-wk00
104,105,448,CD00,m000,wk00,JRCSF,CD00-m000-wk00
105,106,445,CD00,m000,wk00,JRCSF,CD00-m000-wk00
106,107,450,CD00,m000,wk00,JRCSF,CD00-m000-wk00
107,108,449,CD00,m000,wk00,JRCSF,CD00-m000-wk00
108,109,444,CD00,m000,wk00,JRCSF,CD00-m000-wk00
109,110,446,CD00,m000,wk00,JRCSF,CD00-m000-wk00
110,111,445,CD00,m000,wk00,JRCSF,CD00-m000-wk00
111,112,451,CD00,m000,wk00,JRCSF,CD00-m000-wk00
112,113,450,CD00,m000,wk00,JRCSF,CD00-m000-wk00
113,114,449,CD00,m000,wk00,JRCSF,CD00-m000-wk00
114,115,465,CD00,m000,wk00,JRCSF,CD00-m000-wk00
115,116,465,CD00,m000,wk00,JRCSF,CD00-m000-wk00
116,117,463,CD00,m000,wk00,JRCSF,CD00-m000-wk00
117,118,463,CD00,m000,wk00,JRCSF,CD00-m000-wk00
118,119,470,CD00,m000,wk00,JRCSF,CD00-m000-wk00
119,121,462,CD00,m000,wk00,JRCSF,CD00-m000-wk00
120,120,468,CD00,m000,wk00,JRCSF,CD00-m000-wk00
121,122,462,CD00,m000,wk00,JRCSF,CD00-m000-wk00
122,123,450,CD00,m000,wk00,JRCSF,CD00-m000-wk00
123,124,458,CD00,m000,wk00,JRCSF,CD00-m000-wk00
124,125,457,CD00,m000,wk00,JRCSF,CD00-m000-wk00
125,126,456,CD00,m000,wk00,JRCSF,CD00-m000-wk00
126,127,449,CD00,m000,wk00,JRCSF,CD00-m000-wk00
127,128,437,CD00,m000,wk00,JRCSF,CD00-m000-wk00
128,129,437,CD00,m000,wk00,JRCSF,CD00-m000-wk00
129,130,434,CD00,m000,wk00,JRCSF,CD00-m000-wk00
130,131,440,CD00,m000,wk00,JRCSF,CD00-m000-wk00
131,132,445,CD00,m000,wk00,JRCSF,CD00-m000-wk00
132,133,441,CD00,m000,wk00,JRCSF,CD00-m000-wk00
133,134,443,CD00,m000,wk00,JRCSF,CD00-m000-wk00
134,135,433,CD00,m000,wk00,JRCSF,CD00-m000-wk00
135,136,449,CD00,m000,wk00,JRCSF,CD00-m000-wk00
136,137,439,CD00,m000,wk00,JRCSF,CD00-m000-wk00
137,138,415,CD00,m000,wk00,JRCSF,CD00-m000-wk00
138,139,423,CD00,m000,wk00,JRCSF,CD00-m000-wk00
139,140,431,CD00,m000,wk00,JRCSF,CD00-m000-wk00
140,141,434,CD00,m000,wk00,JRCSF,CD00-m000-wk00
141,142,421,CD00,m000,wk00,JRCSF,CD00-m000-wk00
142,143,402,CD00,m000,wk00,JRCSF,CD00-m000-wk00
143,144,400,CD00,m000,wk00,JRCSF,CD00-m000-wk00
144,145,412,CD00,m000,wk00,JRCSF,CD00-m000-wk00
145,146,422,CD00,m000,wk00,JRCSF,CD00-m000-wk00
146,147,417,CD00,m000,wk00,JRCSF,CD00-m000-wk00
147,148,407,CD00,m000,wk00,JRCSF,CD00-m000-wk00
148,149,409,CD00,m000,wk00,JRCSF,CD00-m000-wk00
149,150,406,CD00,m000,wk00,JRCSF,CD00-m000-wk00
150,151,418,CD00,m000,wk00,JRCSF,CD00-m000-wk00
151,152,416,CD00,m000,wk00,JRCSF,CD00-m000-wk00
152,153,417,CD00,m000,wk00,JRCSF,CD00-m000-wk00
153,154,412,CD00,m000,wk00,JRCSF,CD00-m000-wk00
154,155,414,CD00,m000,wk00,JRCSF,CD00-m000-wk00
155,156,423,CD00,m000,wk00,JRCSF,CD00-m000-wk00
156,157,425,CD00,m000,wk00,JRCSF,CD00-m000-wk00
157,158,419,CD00,m000,wk00,JRCSF,CD00-m000-wk00
158,159,415,CD00,m000,wk00,JRCSF,CD00-m000-wk00
159,160,411,CD00,m000,wk00,JRCSF,CD00-m000-wk00
160,161,403,CD00,m000,wk00,JRCSF,CD00-m000-wk00
161,162,404,CD00,m000,wk00,JRCSF,CD00-m000-wk00
162,163,398,CD00,m000,wk00,JRCSF,CD00-m000-wk00
163,164,390,CD00,m000,wk00,JRCSF,CD00-m000-wk00
164,165,386,CD00,m000,wk00,JRCSF,CD00-m000-wk00
165,166,381,CD00,m000,wk00,JRCSF,CD00-m000-wk00
166,167,374,CD00,m000,wk00,JRCSF,CD00-m000-wk00
167,168,377,CD00,m000,wk00,JRCSF,CD00-m000-wk00
168,169,375,CD00,m000,wk00,JRCSF,CD00-m000-wk00
169,170,372,CD00,m000,wk00,JRCSF,CD00-m000-wk00
170,171,371,CD00,m000,wk00,JRCSF,CD00-m000-wk00
171,172,367,CD00,m000,wk00,JRCSF,CD00-m000-wk00
172,173,364,CD00,m000,wk00,JRCSF,CD00-m000-wk00
173,174,362,CD00,m000,wk00,JRCSF,CD00-m000-wk00
174,175,359,CD00,m000,wk00,JRCSF,CD00-m000-wk00
175,176,361,CD00,m000,wk00,JRCSF,CD00-m000-wk00
176,177,364,CD00,m000,wk00,JRCSF,CD00-m000-wk00
177,178,366,CD00,m000,wk00,JRCSF,CD00-m000-wk00
178,179,373,CD00,m000,wk00,JRCSF,CD00-m000-wk00
179,180,364,CD00,m000,wk00,JRCSF,CD00-m000-wk00
180,181,361,CD00,m000,wk00,JRCSF,CD00-m000-wk00
181,182,347,CD00,m000,wk00,JRCSF,CD00-m000-wk00
182,183,349,CD00,m000,wk00,JRCSF,CD00-m000-wk00
183,184,349,CD00,m000,wk00,JRCSF,CD00-m000-wk00
184,185,358,CD00,m000,wk00,JRCSF,CD00-m000-wk00
185,186,359,CD00,m000,wk00,JRCSF,CD00-m000-wk00
186,187,363,CD00,m000,wk00,JRCSF,CD00-m000-wk00
187,188,372,CD00,m000,wk00,JRCSF,CD00-m000-wk00
188,189,372,CD00,m000,wk00,JRCSF,CD00-m000-wk00
189,190,376,CD00,m000,wk00,JRCSF,CD00-m000-wk00
190,191,369,CD00,m000,wk00,JRCSF,CD00-m000-wk00
191,192,370,CD00,m000,wk00,JRCSF,CD00-m000-wk00
192,193,366,CD00,m000,wk00,JRCSF,CD00-m000-wk00
193,194,383,CD00,m000,wk00,JRCSF,CD00-m000-wk00
194,195,384,CD00,m000,wk00,JRCSF,CD00-m000-wk00
195,196,386,CD00,m000,wk00,JRCSF,CD00-m000-wk00
196,197,390,CD00,m000,wk00,JRCSF,CD00-m000-wk00
197,198,395,CD00,m000,wk00,JRCSF,CD00-m000-wk00
198,199,390,CD00,m000,wk00,JRCSF,CD00-m000-wk00
199,200,414,CD00,m000,wk00,JRCSF,CD00-m000-wk00
200,201,401,CD00,m000,wk00,JRCSF,CD00-m000-wk00
201,202,404,CD00,m000,wk00,JRCSF,CD00-m000-wk00
202,203,394,CD00,m000,wk00,JRCSF,CD00-m000-wk00
203,204,408,CD00,m000,wk00,JRCSF,CD00-m000-wk00
204,205,409,CD00,m000,wk00,JRCSF,CD00-m000-wk00
205,206,399,CD00,m000,wk00,JRCSF,CD00-m000-wk00
206,207,402,CD00,m000,wk00,JRCSF,CD00-m000-wk00
207,208,417,CD00,m000,wk00,JRCSF,CD00-m000-wk00
208,209,424,CD00,m000,wk00,JRCSF,CD00-m000-wk00
209,210,429,CD00,m000,wk00,JRCSF,CD00-m000-wk00
210,211,436,CD00,m000,wk00,JRCSF,CD00-m000-wk00
211,212,452,CD00,m000,wk00,JRCSF,CD00-m000-wk00
212,213,448,CD00,m000,wk00,JRCSF,CD00-m000-wk00
213,214,459,CD00,m000,wk00,JRCSF,CD00-m000-wk00
214,215,458,CD00,m000,wk00,JRCSF,CD00-m000-wk00
215,216,461,CD00,m000,wk00,JRCSF,CD00-m000-wk00
216,217,468,CD00,m000,wk00,JRCSF,CD00-m000-wk00
217,218,462,CD00,m000,wk00,JRCSF,CD00-m000-wk00
218,219,464,CD00,m000,wk00,JRCSF,CD00-m000-wk00
219,220,464,CD00,m000,wk00,JRCSF,CD00-m000-wk00
220,221,462,CD00,m000,wk00,JRCSF,CD00-m000-wk00
221,222,464,CD00,m000,wk00,JRCSF,CD00-m000-wk00
222,223,467,CD00,m000,wk00,JRCSF,CD00-m000-wk00
223,224,467,CD00,m000,wk00,JRCSF,CD00-m000-wk00
224,225,462,CD00,m000,wk00,JRCSF,CD00-m000-wk00
225,226,470,CD00,m000,wk00,JRCSF,CD00-m000-wk00
226,227,474,CD00,m000,wk00,JRCSF,CD00-m000-wk00
227,228,478,CD00,m000,wk00,JRCSF,CD00-m000-wk00
228,229,470,CD00,m000,wk00,JRCSF,CD00-m000-wk00
229,230,464,CD00,m000,wk00,JRCSF,CD00-m000-wk00
230,231,466,CD00,m000,wk00,JRCSF,CD00-m000-wk00
231,232,467,CD00,m000,wk00,JRCSF,CD00-m000-wk00
232,233,477,CD00,m000,wk00,JRCSF,CD00-m000-wk00
233,234,490,CD00,m000,wk00,JRCSF,CD00-m000-wk00
234,235,486,CD00,m000,wk00,JRCSF,CD00-m000-wk00
235,236,481,CD00,m000,wk00,JRCSF,CD00-m000-wk00
236,237,488,CD00,m000,wk00,JRCSF,CD00-m000-wk00
237,238,484,CD00,m000,wk00,JRCSF,CD00-m000-wk00
238,239,478,CD00,m000,wk00,JRCSF,CD00-m000-wk00
239,240,469,CD00,m000,wk00,JRCSF,CD00-m000-wk00
240,241,460,CD00,m000,wk00,JRCSF,CD00-m000-wk00
241,242,473,CD00,m000,wk00,JRCSF,CD00-m000-wk00
242,243,518,CD00,m000,wk00,JRCSF,CD00-m000-wk00
243,244,509,CD00,m000,wk00,JRCSF,CD00-m000-wk00
244,245,502,CD00,m000,wk00,JRCSF,CD00-m000-wk00
245,246,490,CD00,m000,wk00,JRCSF,CD00-m000-wk00
246,247,486,CD00,m000,wk00,JRCSF,CD00-m000-wk00
247,248,483,CD00,m000,wk00,JRCSF,CD00-m000-wk00
248,249,499,CD00,m000,wk00,JRCSF,CD00-m000-wk00
249,250,494,CD00,m000,wk00,JRCSF,CD00-m000-wk00
250,251,487,CD00,m000,wk00,JRCSF,CD00-m000-wk00
251,252,494,CD00,m000,wk00,JRCSF,CD00-m000-wk00
252,253,494,CD00,m000,wk00,JRCSF,CD00-m000-wk00
253,254,493,CD00,m000,wk00,JRCSF,CD00-m000-wk00
254,255,493,CD00,m000,wk00,JRCSF,CD00-m000-wk00
255,256,493,CD00,m000,wk00,JRCSF,CD00-m000-wk00
256,257,494,CD00,m000,wk00,JRCSF,CD00-m000-wk00
257,258,490,CD00,m000,wk00,JRCSF,CD00-m000-wk00
258,259,498,CD00,m000,wk00,JRCSF,CD00-m000-wk00
259,260,500,CD00,m000,wk00,JRCSF,CD00-m000-wk00
260,261,499,CD00,m000,wk00,JRCSF,CD00-m000-wk00
261,262,499,CD00,m000,wk00,JRCSF,CD00-m000-wk00
262,263,502,CD00,m000,wk00,JRCSF,CD00-m000-wk00
263,264,501,CD00,m000,wk00,JRCSF,CD00-m000-wk00
264,265,496,CD00,m000,wk00,JRCSF,CD00-m000-wk00
265,266,495,CD00,m000,wk00,JRCSF,CD00-m000-wk00
266,267,498,CD00,m000,wk00,JRCSF,CD00-m000-wk00
267,268,503,CD00,m000,wk00,JRCSF,CD00-m000-wk00
268,269,502,CD00,m000,wk00,JRCSF,CD00-m000-wk00
269,270,509,CD00,m000,wk00,JRCSF,CD00-m000-wk00
270,271,498,CD00,m000,wk00,JRCSF,CD00-m000-wk00
271,272,493,CD00,m000,wk00,JRCSF,CD00-m000-wk00
272,273,494,CD00,m000,wk00,JRCSF,CD00-m000-wk00
273,274,498,CD00,m000,wk00,JRCSF,CD00-m000-wk00
274,275,512,CD00,m000,wk00,JRCSF,CD00-m000-wk00
275,276,511,CD00,m000,wk00,JRCSF,CD00-m000-wk00
276,277,507,CD00,m000,wk00,JRCSF,CD00-m000-wk00
277,278,501,CD00,m000,wk00,JRCSF,CD00-m000-wk00
278,279,509,CD00,m000,wk00,JRCSF,CD00-m000-wk00
279,280,507,CD00,m000,wk00,JRCSF,CD00-m000-wk00
280,281,517,CD00,m000,wk00,JRCSF,CD00-m000-wk00
281,282,505,CD00,m000,wk00,JRCSF,CD00-m000-wk00
282,283,519,CD00,m000,wk00,JRCSF,CD00-m000-wk00
283,284,519,CD00,m000,wk00,JRCSF,CD00-m000-wk00
284,285,511,CD00,m000,wk00,JRCSF,CD00-m000-wk00
285,286,503,CD00,m000,wk00,JRCSF,CD00-m000-wk00
286,287,500,CD00,m000,wk00,JRCSF,CD00-m000-wk00
287,288,494,CD00,m000,wk00,JRCSF,CD00-m000-wk00
288,289,489,CD00,m000,wk00,JRCSF,CD00-m000-wk00
289,290,496,CD00,m000,wk00,JRCSF,CD00-m000-wk00
290,291,496,CD00,m000,wk00,JRCSF,CD00-m000-wk00
291,292,500,CD00,m000,wk00,JRCSF,CD00-m000-wk00
292,293,498,CD00,m000,wk00,JRCSF,CD00-m000-wk00
293,294,497,CD00,m000,wk00,JRCSF,CD00-m000-wk00
294,295,507,CD00,m000,wk00,JRCSF,CD00-m000-wk00
295,296,502,CD00,m000,wk00,JRCSF,CD00-m000-wk00
296,297,489,CD00,m000,wk00,JRCSF,CD00-m000-wk00
297,298,487,CD00,m000,wk00,JRCSF,CD00-m000-wk00
298,299,485,CD00,m000,wk00,JRCSF,CD00-m000-wk00
299,300,474,CD00,m000,wk00,JRCSF,CD00-m000-wk00
300,301,475,CD00,m000,wk00,JRCSF,CD00-m000-wk00
301,302,476,CD00,m000,wk00,JRCSF,CD00-m000-wk00
302,303,471,CD00,m000,wk00,JRCSF,CD00-m000-wk00
303,304,472,CD00,m000,wk00,JRCSF,CD00-m000-wk00
304,305,476,CD00,m000,wk00,JRCSF,CD00-m000-wk00
305,306,488,CD00,m000,wk00,JRCSF,CD00-m000-wk00
306,307,490,CD00,m000,wk00,JRCSF,CD00-m000-wk00
307,308,485,CD00,m000,wk00,JRCSF,CD00-m000-wk00
308,309,455,CD00,m000,wk00,JRCSF,CD00-m000-wk00
309,310,457,CD00,m000,wk00,JRCSF,CD00-m000-wk00
310,311,438,CD00,m000,wk00,JRCSF,CD00-m000-wk00
311,312,436,CD00,m000,wk00,JRCSF,CD00-m000-wk00
312,313,442,CD00,m000,wk00,JRCSF,CD00-m000-wk00
313,314,443,CD00,m000,wk00,JRCSF,CD00-m000-wk00
314,315,424,CD00,m000,wk00,JRCSF,CD00-m000-wk00
315,316,420,CD00,m000,wk00,JRCSF,CD00-m000-wk00
316,317,420,CD00,m000,wk00,JRCSF,CD00-m000-wk00
317,318,419,CD00,m000,wk00,JRCSF,CD00-m000-wk00
318,319,422,CD00,m000,wk00,JRCSF,CD00-m000-wk00
319,320,418,CD00,m000,wk00,JRCSF,CD00-m000-wk00
320,321,415,CD00,m000,wk00,JRCSF,CD00-m000-wk00
321,322,416,CD00,m000,wk00,JRCSF,CD00-m000-wk00
322,323,430,CD00,m000,wk00,JRCSF,CD00-m000-wk00
323,324,432,CD00,m000,wk00,JRCSF,CD00-m000-wk00
324,325,421,CD00,m000,wk00,JRCSF,CD00-m000-wk00
325,326,418,CD00,m000,wk00,JRCSF,CD00-m000-wk00
326,327,416,CD00,m000,wk00,JRCSF,CD00-m000-wk00
327,328,423,CD00,m000,wk00,JRCSF,CD00-m000-wk00
328,329,424,CD00,m000,wk00,JRCSF,CD00-m000-wk00
329,330,422,CD00,m000,wk00,JRCSF,CD00-m000-wk00
330,331,416,CD00,m000,wk00,JRCSF,CD00-m000-wk00
331,332,400,CD00,m000,wk00,JRCSF,CD00-m000-wk00
332,333,403,CD00,m000,wk00,JRCSF,CD00-m000-wk00
333,334,403,CD00,m000,wk00,JRCSF,CD00-m000-wk00
334,335,402,CD00,m000,wk00,JRCSF,CD00-m000-wk00
335,336,405,CD00,m000,wk00,JRCSF,CD00-m000-wk00
336,337,381,CD00,m000,wk00,JRCSF,CD00-m000-wk00
337,338,376,CD00,m000,wk00,JRCSF,CD00-m000-wk00
338,339,382,CD00,m000,wk00,JRCSF,CD00-m000-wk00
339,340,379,CD00,m000,wk00,JRCSF,CD00-m000-wk00
340,341,365,CD00,m000,wk00,JRCSF,CD00-m000-wk00
341,342,364,CD00,m000,wk00,JRCSF,CD00-m000-wk00
342,343,356,CD00,m000,wk00,JRCSF,CD00-m000-wk00
343,344,354,CD00,m000,wk00,JRCSF,CD00-m000-wk00
344,345,352,CD00,m000,wk00,JRCSF,CD00-m000-wk00
345,346,351,CD00,m000,wk00,JRCSF,CD00-m000-wk00
346,347,350,CD00,m000,wk00,JRCSF,CD00-m000-wk00
347,348,354,CD00,m000,wk00,JRCSF,CD00-m000-wk00
348,349,361,CD00,m000,wk00,JRCSF,CD00-m000-wk00
349,350,365,CD00,m000,wk00,JRCSF,CD00-m000-wk00
350,351,364,CD00,m000,wk00,JRCSF,CD00-m000-wk00
351,352,363,CD00,m000,wk00,JRCSF,CD00-m000-wk00
352,353,360,CD00,m000,wk00,JRCSF,CD00-m000-wk00
353,354,361,CD00,m000,wk00,JRCSF,CD00-m000-wk00
354,355,359,CD00,m000,wk00,JRCSF,CD00-m000-wk00
355,356,383,CD00,m000,wk00,JRCSF,CD00-m000-wk00
356,357,384,CD00,m000,wk00,JRCSF,CD00-m000-wk00
357,358,383,CD00,m000,wk00,JRCSF,CD00-m000-wk00
358,359,370,CD00,m000,wk00,JRCSF,CD00-m000-wk00
359,360,375,CD00,m000,wk00,JRCSF,CD00-m000-wk00
360,361,378,CD00,m000,wk00,JRCSF,CD00-m000-wk00
361,362,381,CD00,m000,wk00,JRCSF,CD00-m000-wk00
362,363,372,CD00,m000,wk00,JRCSF,CD00-m000-wk00
363,364,372,CD00,m000,wk00,JRCSF,CD00-m000-wk00
364,365,373,CD00,m000,wk00,JRCSF,CD00-m000-wk00
365,366,375,CD00,m000,wk00,JRCSF,CD00-m000-wk00
366,367,369,CD00,m000,wk00,JRCSF,CD00-m000-wk00
367,368,378,CD00,m000,wk00,JRCSF,CD00-m000-wk00
368,369,376,CD00,m000,wk00,JRCSF,CD00-m000-wk00
369,370,377,CD00,m000,wk00,JRCSF,CD00-m000-wk00
370,371,368,CD00,m000,wk00,JRCSF,CD00-m000-wk00
371,372,377,CD00,m000,wk00,JRCSF,CD00-m000-wk00
372,373,377,CD00,m000,wk00,JRCSF,CD00-m000-wk00
373,374,358,CD00,m000,wk00,JRCSF,CD00-m000-wk00
374,375,357,CD00,m000,wk00,JRCSF,CD00-m000-wk00
375,376,359,CD00,m000,wk00,JRCSF,CD00-m000-wk00
376,377,365,CD00,m000,wk00,JRCSF,CD00-m000-wk00
377,378,364,CD00,m000,wk00,JRCSF,CD00-m000-wk00
378,379,359,CD00,m000,wk00,JRCSF,CD00-m000-wk00
379,380,359,CD00,m000,wk00,JRCSF,CD00-m000-wk00
380,381,361,CD00,m000,wk00,JRCSF,CD00-m000-wk00
381,382,360,CD00,m000,wk00,JRCSF,CD00-m000-wk00
382,383,356,CD00,m000,wk00,JRCSF,CD00-m000-wk00
383,384,365,CD00,m000,wk00,JRCSF,CD00-m000-wk00
384,385,363,CD00,m000,wk00,JRCSF,CD00-m000-wk00
385,386,354,CD00,m000,wk00,JRCSF,CD00-m000-wk00
386,387,380,CD00,m000,wk00,JRCSF,CD00-m000-wk00
387,388,375,CD00,m000,wk00,JRCSF,CD00-m000-wk00
388,389,369,CD00,m000,wk00,JRCSF,CD00-m000-wk00
389,390,379,CD00,m000,wk00,JRCSF,CD00-m000-wk00
390,391,383,CD00,m000,wk00,JRCSF,CD00-m000-wk00
391,392,377,CD00,m000,wk00,JRCSF,CD00-m000-wk00
392,393,374,CD00,m000,wk00,JRCSF,CD00-m000-wk00
393,394,375,CD00,m000,wk00,JRCSF,CD00-m000-wk00
394,395,378,CD00,m000,wk00,JRCSF,CD00-m000-wk00
395,396,374,CD00,m000,wk00,JRCSF,CD00-m000-wk00
396,397,375,CD00,m000,wk00,JRCSF,CD00-m000-wk00
397,398,378,CD00,m000,wk00,JRCSF,CD00-m000-wk00
398,399,376,CD00,m000,wk00,JRCSF,CD00-m000-wk00
399,400,373,CD00,m000,wk00,JRCSF,CD00-m000-wk00
400,401,377,CD00,m000,wk00,JRCSF,CD00-m000-wk00
401,402,374,CD00,m000,wk00,JRCSF,CD00-m000-wk00
402,403,376,CD00,m000,wk00,JRCSF,CD00-m000-wk00
403,404,368,CD00,m000,wk00,JRCSF,CD00-m000-wk00
404,405,367,CD00,m000,wk00,JRCSF,CD00-m000-wk00
405,406,374,CD00,m000,wk00,JRCSF,CD00-m000-wk00
406,407,379,CD00,m000,wk00,JRCSF,CD00-m000-wk00
407,408,377,CD00,m000,wk00,JRCSF,CD00-m000-wk00
408,409,361,CD00,m000,wk00,JRCSF,CD00-m000-wk00
409,410,364,CD00,m000,wk00,JRCSF,CD00-m000-wk00
410,411,357,CD00,m000,wk00,JRCSF,CD00-m000-wk00
411,412,372,CD00,m000,wk00,JRCSF,CD00-m000-wk00
412,413,369,CD00,m000,wk00,JRCSF,CD00-m000-wk00
413,414,360,CD00,m000,wk00,JRCSF,CD00-m000-wk00
414,415,368,CD00,m000,wk00,JRCSF,CD00-m000-wk00
415,416,370,CD00,m000,wk00,JRCSF,CD00-m000-wk00
416,417,374,CD00,m000,wk00,JRCSF,CD00-m000-wk00
417,418,372,CD00,m000,wk00,JRCSF,CD00-m000-wk00
418,419,373,CD00,m000,wk00,JRCSF,CD00-m000-wk00
419,420,375,CD00,m000,wk00,JRCSF,CD00-m000-wk00
420,421,377,CD00,m000,wk00,JRCSF,CD00-m000-wk00
421,422,364,CD00,m000,wk00,JRCSF,CD00-m000-wk00
422,423,366,CD00,m000,wk00,JRCSF,CD00-m000-wk00
423,424,357,CD00,m000,wk00,JRCSF,CD00-m000-wk00
424,425,362,CD00,m000,wk00,JRCSF,CD00-m000-wk00
425,426,364,CD00,m000,wk00,JRCSF,CD00-m000-wk00
426,427,372,CD00,m000,wk00,JRCSF,CD00-m000-wk00
427,428,370,CD00,m000,wk00,JRCSF,CD00-m000-wk00
428,429,361,CD00,m000,wk00,JRCSF,CD00-m000-wk00
429,430,362,CD00,m000,wk00,JRCSF,CD00-m000-wk00
430,431,357,CD00,m000,wk00,JRCSF,CD00-m000-wk00
431,432,356,CD00,m000,wk00,JRCSF,CD00-m000-wk00
432,433,354,CD00,m000,wk00,JRCSF,CD00-m000-wk00
433,434,356,CD00,m000,wk00,JRCSF,CD00-m000-wk00
434,435,362,CD00,m000,wk00,JRCSF,CD00-m000-wk00
435,436,360,CD00,m000,wk00,JRCSF,CD00-m000-wk00
436,437,353,CD00,m000,wk00,JRCSF,CD00-m000-wk00
437,438,358,CD00,m000,wk00,JRCSF,CD00-m000-wk00
438,439,358,CD00,m000,wk00,JRCSF,CD00-m000-wk00
439,440,365,CD00,m000,wk00,JRCSF,CD00-m000-wk00
440,441,367,CD00,m000,wk00,JRCSF,CD00-m000-wk00
441,442,367,CD00,m000,wk00,JRCSF,CD00-m000-wk00
442,443,366,CD00,m000,wk00,JRCSF,CD00-m000-wk00
443,444,364,CD00,m000,wk00,JRCSF,CD00-m000-wk00
444,445,370,CD00,m000,wk00,JRCSF,CD00-m000-wk00
445,446,367,CD00,m000,wk00,JRCSF,CD00-m000-wk00
446,447,367,CD00,m000,wk00,JRCSF,CD00-m000-wk00
447,448,365,CD00,m000,wk00,JRCSF,CD00-m000-wk00
448,449,357,CD00,m000,wk00,JRCSF,CD00-m000-wk00
449,450,355,CD00,m000,wk00,JRCSF,CD00-m000-wk00
450,451,355,CD00,m000,wk00,JRCSF,CD00-m000-wk00
451,452,356,CD00,m000,wk00,JRCSF,CD00-m000-wk00
452,453,361,CD00,m000,wk00,JRCSF,CD00-m000-wk00
453,454,358,CD00,m000,wk00,JRCSF,CD00-m000-wk00
454,455,360,CD00,m000,wk00,JRCSF,CD00-m000-wk00
455,456,353,CD00,m000,wk00,JRCSF,CD00-m000-wk00
456,457,354,CD00,m000,wk00,JRCSF,CD00-m000-wk00
457,458,350,CD00,m000,wk00,JRCSF,CD00-m000-wk00
458,459,346,CD00,m000,wk00,JRCSF,CD00-m000-wk00
459,460,347,CD00,m000,wk00,JRCSF,CD00-m000-wk00
460,461,338,CD00,m000,wk00,JRCSF,CD00-m000-wk00
461,462,339,CD00,m000,wk00,JRCSF,CD00-m000-wk00
462,463,341,CD00,m000,wk00,JRCSF,CD00-m000-wk00
463,464,341,CD00,m000,wk00,JRCSF,CD00-m000-wk00
464,465,348,CD00,m000,wk00,JRCSF,CD00-m000-wk00
465,466,346,CD00,m000,wk00,JRCSF,CD00-m000-wk00
466,467,345,CD00,m000,wk00,JRCSF,CD00-m000-wk00
467,468,340,CD00,m000,wk00,JRCSF,CD00-m000-wk00
468,469,336,CD00,m000,wk00,JRCSF,CD00-m000-wk00
469,470,328,CD00,m000,wk00,JRCSF,CD00-m000-wk00
470,471,328,CD00,m000,wk00,JRCSF,CD00-m000-wk00
471,472,321,CD00,m000,wk00,JRCSF,CD00-m000-wk00
472,473,317,CD00,m000,wk00,JRCSF,CD00-m000-wk00
473,474,322,CD00,m000,wk00,JRCSF,CD00-m000-wk00
474,475,324,CD00,m000,wk00,JRCSF,CD00-m000-wk00
475,476,327,CD00,m000,wk00,JRCSF,CD00-m000-wk00
476,477,317,CD00,m000,wk00,JRCSF,CD00-m000-wk00
477,478,324,CD00,m000,wk00,JRCSF,CD00-m000-wk00
478,479,312,CD00,m000,wk00,JRCSF,CD00-m000-wk00
479,480,303,CD00,m000,wk00,JRCSF,CD00-m000-wk00
480,481,305,CD00,m000,wk00,JRCSF,CD00-m000-wk00
481,482,304,CD00,m000,wk00,JRCSF,CD00-m000-wk00
482,483,310,CD00,m000,wk00,JRCSF,CD00-m000-wk00
483,484,310,CD00,m000,wk00,JRCSF,CD00-m000-wk00
484,485,310,CD00,m000,wk00,JRCSF,CD00-m000-wk00
485,486,313,CD00,m000,wk00,JRCSF,CD00-m000-wk00
486,487,303,CD00,m000,wk00,JRCSF,CD00-m000-wk00
487,488,297,CD00,m000,wk00,JRCSF,CD00-m000-wk00
488,489,293,CD00,m000,wk00,JRCSF,CD00-m000-wk00
489,490,277,CD00,m000,wk00,JRCSF,CD00-m000-wk00
490,491,281,CD00,m000,wk00,JRCSF,CD00-m000-wk00
491,492,281,CD00,m000,wk00,JRCSF,CD00-m000-wk00
492,493,281,CD00,m000,wk00,JRCSF,CD00-m000-wk00
493,494,280,CD00,m000,wk00,JRCSF,CD00-m000-wk00
494,495,281,CD00,m000,wk00,JRCSF,CD00-m000-wk00
495,496,274,CD00,m000,wk00,JRCSF,CD00-m000-wk00
496,497,260,CD00,m000,wk00,JRCSF,CD00-m000-wk00
497,498,257,CD00,m000,wk00,JRCSF,CD00-m000-wk00
498,499,255,CD00,m000,wk00,JRCSF,CD00-m000-wk00
499,500,254,CD00,m000,wk00,JRCSF,CD00-m000-wk00
500,501,255,CD00,m000,wk00,JRCSF,CD00-m000-wk00
501,502,259,CD00,m000,wk00,JRCSF,CD00-m000-wk00
502,503,255,CD00,m000,wk00,JRCSF,CD00-m000-wk00
503,504,252,CD00,m000,wk00,JRCSF,CD00-m000-wk00
504,505,251,CD00,m000,wk00,JRCSF,CD00-m000-wk00
505,506,246,CD00,m000,wk00,JRCSF,CD00-m000-wk00
506,507,253,CD00,m000,wk00,JRCSF,CD00-m000-wk00
507,508,254,CD00,m000,wk00,JRCSF,CD00-m000-wk00
508,509,254,CD00,m000,wk00,JRCSF,CD00-m000-wk00
509,510,258,CD00,m000,wk00,JRCSF,CD00-m000-wk00
510,511,258,CD00,m000,wk00,JRCSF,CD00-m000-wk00
511,512,257,CD00,m000,wk00,JRCSF,CD00-m000-wk00
512,513,260,CD00,m000,wk00,JRCSF,CD00-m000-wk00
513,514,261,CD00,m000,wk00,JRCSF,CD00-m000-wk00
514,515,263,CD00,m000,wk00,JRCSF,CD00-m000-wk00
515,516,261,CD00,m000,wk00,JRCSF,CD00-m000-wk00
516,517,266,CD00,m000,wk00,JRCSF,CD00-m000-wk00
517,518,275,CD00,m000,wk00,JRCSF,CD00-m000-wk00
518,519,275,CD00,m000,wk00,JRCSF,CD00-m000-wk00
519,520,281,CD00,m000,wk00,JRCSF,CD00-m000-wk00
520,521,280,CD00,m000,wk00,JRCSF,CD00-m000-wk00
521,522,289,CD00,m000,wk00,JRCSF,CD00-m000-wk00
522,523,290,CD00,m000,wk00,JRCSF,CD00-m000-wk00
523,524,283,CD00,m000,wk00,JRCSF,CD00-m000-wk00
524,525,283,CD00,m000,wk00,JRCSF,CD00-m000-wk00
525,526,283,CD00,m000,wk00,JRCSF,CD00-m000-wk00
526,527,286,CD00,m000,wk00,JRCSF,CD00-m000-wk00
527,528,281,CD00,m000,wk00,JRCSF,CD00-m000-wk00
528,529,278,CD00,m000,wk00,JRCSF,CD00-m000-wk00
529,530,281,CD00,m000,wk00,JRCSF,CD00-m000-wk00
530,531,291,CD00,m000,wk00,JRCSF,CD00-m000-wk00
531,532,290,CD00,m000,wk00,JRCSF,CD00-m000-wk00
532,533,291,CD00,m000,wk00,JRCSF,CD00-m000-wk00
533,534,285,CD00,m000,wk00,JRCSF,CD00-m000-wk00
534,535,287,CD00,m000,wk00,JRCSF,CD00-m000-wk00
535,536,294,CD00,m000,wk00,JRCSF,CD00-m000-wk00
536,537,299,CD00,m000,wk00,JRCSF,CD00-m000-wk00
537,538,294,CD00,m000,wk00,JRCSF,CD00-m000-wk00
538,539,303,CD00,m000,wk00,JRCSF,CD00-m000-wk00
539,540,298,CD00,m000,wk00,JRCSF,CD00-m000-wk00
540,541,294,CD00,m000,wk00,JRCSF,CD00-m000-wk00
541,542,296,CD00,m000,wk00,JRCSF,CD00-m000-wk00
542,543,296,CD00,m000,wk00,JRCSF,CD00-m000-wk00
543,544,289,CD00,m000,wk00,JRCSF,CD00-m000-wk00
544,545,287,CD00,m000,wk00,JRCSF,CD00-m000-wk00
545,546,290,CD00,m000,wk00,JRCSF,CD00-m000-wk00
546,547,291,CD00,m000,wk00,JRCSF,CD00-m000-wk00
547,548,289,CD00,m000,wk00,JRCSF,CD00-m000-wk00
548,549,291,CD00,m000,wk00,JRCSF,CD00-m000-wk00
549,550,300,CD00,m000,wk00,JRCSF,CD00-m000-wk00
550,551,306,CD00,m000,wk00,JRCSF,CD00-m000-wk00
551,552,300,CD00,m000,wk00,JRCSF,CD00-m000-wk00
552,553,297,CD00,m000,wk00,JRCSF,CD00-m000-wk00
553,554,305,CD00,m000,wk00,JRCSF,CD00-m000-wk00
554,555,310,CD00,m000,wk00,JRCSF,CD00-m000-wk00
555,556,310,CD00,m000,wk00,JRCSF,CD00-m000-wk00
556,557,312,CD00,m000,wk00,JRCSF,CD00-m000-wk00
557,558,300,CD00,m000,wk00,JRCSF,CD00-m000-wk00
558,559,302,CD00,m000,wk00,JRCSF,CD00-m000-wk00
559,560,302,CD00,m000,wk00,JRCSF,CD00-m000-wk00
560,561,302,CD00,m000,wk00,JRCSF,CD00-m000-wk00
561,562,309,CD00,m000,wk00,JRCSF,CD00-m000-wk00
562,563,311,CD00,m000,wk00,JRCSF,CD00-m000-wk00
563,564,307,CD00,m000,wk00,JRCSF,CD00-m000-wk00
564,565,302,CD00,m000,wk00,JRCSF,CD00-m000-wk00
565,566,302,CD00,m000,wk00,JRCSF,CD00-m000-wk00
566,567,297,CD00,m000,wk00,JRCSF,CD00-m000-wk00
567,568,302,CD00,m000,wk00,JRCSF,CD00-m000-wk00
568,569,303,CD00,m000,wk00,JRCSF,CD00-m000-wk00
569,570,304,CD00,m000,wk00,JRCSF,CD00-m000-wk00
570,571,300,CD00,m000,wk00,JRCSF,CD00-m000-wk00
571,572,310,CD00,m000,wk00,JRCSF,CD00-m000-wk00
572,573,307,CD00,m000,wk00,JRCSF,CD00-m000-wk00
573,574,307,CD00,m000,wk00,JRCSF,CD00-m000-wk00
574,575,304,CD00,m000,wk00,JRCSF,CD00-m000-wk00
575,576,305,CD00,m000,wk00,JRCSF,CD00-m000-wk00
576,577,304,CD00,m000,wk00,JRCSF,CD00-m000-wk00
577,578,306,CD00,m000,wk00,JRCSF,CD00-m000-wk00
578,579,304,CD00,m000,wk00,JRCSF,CD00-m000-wk00
579,580,306,CD00,m000,wk00,JRCSF,CD00-m000-wk00
580,581,308,CD00,m000,wk00,JRCSF,CD00-m000-wk00
581,582,310,CD00,m000,wk00,JRCSF,CD00-m000-wk00
582,583,304,CD00,m000,wk00,JRCSF,CD00-m000-wk00
583,584,312,CD00,m000,wk00,JRCSF,CD00-m000-wk00
584,585,318,CD00,m000,wk00,JRCSF,CD00-m000-wk00
585,586,319,CD00,m000,wk00,JRCSF,CD00-m000-wk00
586,587,315,CD00,m000,wk00,JRCSF,CD00-m000-wk00
587,588,314,CD00,m000,wk00,JRCSF,CD00-m000-wk00
588,589,312,CD00,m000,wk00,JRCSF,CD00-m000-wk00
589,590,310,CD00,m000,wk00,JRCSF,CD00-m000-wk00
590,591,314,CD00,m000,wk00,JRCSF,CD00-m000-wk00
591,592,315,CD00,m000,wk00,JRCSF,CD00-m000-wk00
592,593,307,CD00,m000,wk00,JRCSF,CD00-m000-wk00
593,594,307,CD00,m000,wk00,JRCSF,CD00-m000-wk00
594,595,306,CD00,m000,wk00,JRCSF,CD00-m000-wk00
595,596,306,CD00,m000,wk00,JRCSF,CD00-m000-wk00
596,597,310,CD00,m000,wk00,JRCSF,CD00-m000-wk00
597,598,304,CD00,m000,wk00,JRCSF,CD00-m000-wk00
598,599,314,CD00,m000,wk00,JRCSF,CD00-m000-wk00
599,600,315,CD00,m000,wk00,JRCSF,CD00-m000-wk00
600,601,320,CD00,m000,wk00,JRCSF,CD00-m000-wk00
601,602,320,CD00,m000,wk00,JRCSF,CD00-m000-wk00
602,603,324,CD00,m000,wk00,JRCSF,CD00-m000-wk00
603,604,320,CD00,m000,wk00,JRCSF,CD00-m000-wk00
604,605,324,CD00,m000,wk00,JRCSF,CD00-m000-wk00
605,606,319,CD00,m000,wk00,JRCSF,CD00-m000-wk00
606,607,325,CD00,m000,wk00,JRCSF,CD00-m000-wk00
607,608,322,CD00,m000,wk00,JRCSF,CD00-m000-wk00
608,609,315,CD00,m000,wk00,JRCSF,CD00-m000-wk00
609,610,312,CD00,m000,wk00,JRCSF,CD00-m000-wk00
610,611,312,CD00,m000,wk00,JRCSF,CD00-m000-wk00
611,612,321,CD00,m000,wk00,JRCSF,CD00-m000-wk00
612,613,312,CD00,m000,wk00,JRCSF,CD00-m000-wk00
613,614,324,CD00,m000,wk00,JRCSF,CD00-m000-wk00
614,615,318,CD00,m000,wk00,JRCSF,CD00-m000-wk00
615,616,311,CD00,m000,wk00,JRCSF,CD00-m000-wk00
616,617,312,CD00,m000,wk00,JRCSF,CD00-m000-wk00
617,618,308,CD00,m000,wk00,JRCSF,CD00-m000-wk00
618,619,316,CD00,m000,wk00,JRCSF,CD00-m000-wk00
619,620,310,CD00,m000,wk00,JRCSF,CD00-m000-wk00
620,621,306,CD00,m000,wk00,JRCSF,CD00-m000-wk00
621,622,304,CD00,m000,wk00,JRCSF,CD00-m000-wk00
622,623,303,CD00,m000,wk00,JRCSF,CD00-m000-wk00
623,624,305,CD00,m000,wk00,JRCSF,CD00-m000-wk00
624,625,302,CD00,m000,wk00,JRCSF,CD00-m000-wk00
625,626,300,CD00,m000,wk00,JRCSF,CD00-m000-wk00
626,627,301,CD00,m000,wk00,JRCSF,CD00-m000-wk00
627,628,301,CD00,m000,wk00,JRCSF,CD00-m000-wk00
628,629,301,CD00,m000,wk00,JRCSF,CD00-m000-wk00
629,630,300,CD00,m000,wk00,JRCSF,CD00-m000-wk00
630,631,293,CD00,m000,wk00,JRCSF,CD00-m000-wk00
631,632,291,CD00,m000,wk00,JRCSF,CD00-m000-wk00
632,633,296,CD00,m000,wk00,JRCSF,CD00-m000-wk00
633,634,311,CD00,m000,wk00,JRCSF,CD00-m000-wk00
634,635,308,CD00,m000,wk00,JRCSF,CD00-m000-wk00
635,636,292,CD00,m000,wk00,JRCSF,CD00-m000-wk00
636,637,288,CD00,m000,wk00,JRCSF,CD00-m000-wk00
637,638,283,CD00,m000,wk00,JRCSF,CD00-m000-wk00
638,639,268,CD00,m000,wk00,JRCSF,CD00-m000-wk00
639,640,266,CD00,m000,wk00,JRCSF,CD00-m000-wk00
640,641,267,CD00,m000,wk00,JRCSF,CD00-m000-wk00
641,642,267,CD00,m000,wk00,JRCSF,CD00-m000-wk00
642,643,266,CD00,m000,wk00,JRCSF,CD00-m000-wk00
643,644,268,CD00,m000,wk00,JRCSF,CD00-m000-wk00
644,645,270,CD00,m000,wk00,JRCSF,CD00-m000-wk00
645,646,267,CD00,m000,wk00,JRCSF,CD00-m000-wk00
646,647,271,CD00,m000,wk00,JRCSF,CD00-m000-wk00
647,648,271,CD00,m000,wk00,JRCSF,CD00-m000-wk00
648,649,272,CD00,m000,wk00,JRCSF,CD00-m000-wk00
649,650,272,CD00,m000,wk00,JRCSF,CD00-m000-wk00
650,651,279,CD00,m000,wk00,JRCSF,CD00-m000-wk00
651,652,281,CD00,m000,wk00,JRCSF,CD00-m000-wk00
652,653,279,CD00,m000,wk00,JRCSF,CD00-m000-wk00
653,654,275,CD00,m000,wk00,JRCSF,CD00-m000-wk00
654,655,269,CD00,m000,wk00,JRCSF,CD00-m000-wk00
655,656,270,CD00,m000,wk00,JRCSF,CD00-m000-wk00
656,657,272,CD00,m000,wk00,JRCSF,CD00-m000-wk00
657,658,270,CD00,m000,wk00,JRCSF,CD00-m000-wk00
658,659,268,CD00,m000,wk00,JRCSF,CD00-m000-wk00
659,660,268,CD00,m000,wk00,JRCSF,CD00-m000-wk00
660,661,268,CD00,m000,wk00,JRCSF,CD00-m000-wk00
661,662,267,CD00,m000,wk00,JRCSF,CD00-m000-wk00
662,663,265,CD00,m000,wk00,JRCSF,CD00-m000-wk00
663,664,265,CD00,m000,wk00,JRCSF,CD00-m000-wk00
664,665,270,CD00,m000,wk00,JRCSF,CD00-m000-wk00
665,666,266,CD00,m000,wk00,JRCSF,CD00-m000-wk00
666,667,265,CD00,m000,wk00,JRCSF,CD00-m000-wk00
667,668,265,CD00,m000,wk00,JRCSF,CD00-m000-wk00
668,669,268,CD00,m000,wk00,JRCSF,CD00-m000-wk00
669,670,270,CD00,m000,wk00,JRCSF,CD00-m000-wk00
670,671,266,CD00,m000,wk00,JRCSF,CD00-m000-wk00
671,672,267,CD00,m000,wk00,JRCSF,CD00-m000-wk00
672,673,267,CD00,m000,wk00,JRCSF,CD00-m000-wk00
673,674,266,CD00,m000,wk00,JRCSF,CD00-m000-wk00
674,675,267,CD00,m000,wk00,JRCSF,CD00-m000-wk00
675,676,259,CD00,m000,wk00,JRCSF,CD00-m000-wk00
676,677,260,CD00,m000,wk00,JRCSF,CD00-m000-wk00
677,678,258,CD00,m000,wk00,JRCSF,CD00-m000-wk00
678,679,263,CD00,m000,wk00,JRCSF,CD00-m000-wk00
679,680,263,CD00,m000,wk00,JRCSF,CD00-m000-wk00
680,681,270,CD00,m000,wk00,JRCSF,CD00-m000-wk00
681,682,264,CD00,m000,wk00,JRCSF,CD00-m000-wk00
682,683,266,CD00,m000,wk00,JRCSF,CD00-m000-wk00
683,684,265,CD00,m000,wk00,JRCSF,CD00-m000-wk00
684,685,264,CD00,m000,wk00,JRCSF,CD00-m000-wk00
685,686,264,CD00,m000,wk00,JRCSF,CD00-m000-wk00
686,687,268,CD00,m000,wk00,JRCSF,CD00-m000-wk00
687,688,267,CD00,m000,wk00,JRCSF,CD00-m000-wk00
688,689,261,CD00,m000,wk00,JRCSF,CD00-m000-wk00
689,690,260,CD00,m000,wk00,JRCSF,CD00-m000-wk00
690,691,260,CD00,m000,wk00,JRCSF,CD00-m000-wk00
691,692,259,CD00,m000,wk00,JRCSF,CD00-m000-wk00
692,693,263,CD00,m000,wk00,JRCSF,CD00-m000-wk00
693,694,271,CD00,m000,wk00,JRCSF,CD00-m000-wk00
694,695,278,CD00,m000,wk00,JRCSF,CD00-m000-wk00
695,696,279,CD00,m000,wk00,JRCSF,CD00-m000-wk00
696,697,273,CD00,m000,wk00,JRCSF,CD00-m000-wk00
697,698,283,CD00,m000,wk00,JRCSF,CD00-m000-wk00
698,699,277,CD00,m000,wk00,JRCSF,CD00-m000-wk00
699,700,287,CD00,m000,wk00,JRCSF,CD00-m000-wk00
700,701,282,CD00,m000,wk00,JRCSF,CD00-m000-wk00
701,702,273,CD00,m000,wk00,JRCSF,CD00-m000-wk00
702,703,282,CD00,m000,wk00,JRCSF,CD00-m000-wk00
703,704,291,CD00,m000,wk00,JRCSF,CD00-m000-wk00
704,705,284,CD00,m000,wk00,JRCSF,CD00-m000-wk00
705,706,289,CD00,m000,wk00,JRCSF,CD00-m000-wk00
706,707,283,CD00,m000,wk00,JRCSF,CD00-m000-wk00
707,708,282,CD00,m000,wk00,JRCSF,CD00-m000-wk00
708,709,297,CD00,m000,wk00,JRCSF,CD00-m000-wk00
709,710,293,CD00,m000,wk00,JRCSF,CD00-m000-wk00
710,711,291,CD00,m000,wk00,JRCSF,CD00-m000-wk00
711,712,283,CD00,m000,wk00,JRCSF,CD00-m000-wk00
712,713,291,CD00,m000,wk00,JRCSF,CD00-m000-wk00
713,714,295,CD00,m000,wk00,JRCSF,CD00-m000-wk00
714,715,302,CD00,m000,wk00,JRCSF,CD00-m000-wk00
715,716,304,CD00,m000,wk00,JRCSF,CD00-m000-wk00
716,717,305,CD00,m000,wk00,JRCSF,CD00-m000-wk00
717,718,303,CD00,m000,wk00,JRCSF,CD00-m000-wk00
718,719,304,CD00,m000,wk00,JRCSF,CD00-m000-wk00
719,720,302,CD00,m000,wk00,JRCSF,CD00-m000-wk00
720,721,296,CD00,m000,wk00,JRCSF,CD00-m000-wk00
721,722,309,CD00,m000,wk00,JRCSF,CD00-m000-wk00
722,723,308,CD00,m000,wk00,JRCSF,CD00-m000-wk00
723,724,316,CD00,m000,wk00,JRCSF,CD00-m000-wk00
724,726,318,CD00,m000,wk00,JRCSF,CD00-m000-wk00
725,727,323,CD00,m000,wk00,JRCSF,CD00-m000-wk00
726,728,325,CD00,m000,wk00,JRCSF,CD00-m000-wk00
727,725,316,CD00,m000,wk00,JRCSF,CD00-m000-wk00
728,729,331,CD00,m000,wk00,JRCSF,CD00-m000-wk00
729,730,331,CD00,m000,wk00,JRCSF,CD00-m000-wk00
730,731,336,CD00,m000,wk00,JRCSF,CD00-m000-wk00
731,732,340,CD00,m000,wk00,JRCSF,CD00-m000-wk00
732,733,348,CD00,m000,wk00,JRCSF,CD00-m000-wk00
733,734,341,CD00,m000,wk00,JRCSF,CD00-m000-wk00
734,735,348,CD00,m000,wk00,JRCSF,CD00-m000-wk00
735,736,342,CD00,m000,wk00,JRCSF,CD00-m000-wk00
736,737,348,CD00,m000,wk00,JRCSF,CD00-m000-wk00
737,738,347,CD00,m000,wk00,JRCSF,CD00-m000-wk00
738,739,352,CD00,m000,wk00,JRCSF,CD00-m000-wk00
739,740,353,CD00,m000,wk00,JRCSF,CD00-m000-wk00
740,741,350,CD00,m000,wk00,JRCSF,CD00-m000-wk00
741,742,357,CD00,m000,wk00,JRCSF,CD00-m000-wk00
742,743,360,CD00,m000,wk00,JRCSF,CD00-m000-wk00
743,744,374,CD00,m000,wk00,JRCSF,CD00-m000-wk00
744,745,380,CD00,m000,wk00,JRCSF,CD00-m000-wk00
745,746,380,CD00,m000,wk00,JRCSF,CD00-m000-wk00
746,747,374,CD00,m000,wk00,JRCSF,CD00-m000-wk00
747,748,387,CD00,m000,wk00,JRCSF,CD00-m000-wk00
748,749,373,CD00,m000,wk00,JRCSF,CD00-m000-wk00
749,750,364,CD00,m000,wk00,JRCSF,CD00-m000-wk00
750,751,374,CD00,m000,wk00,JRCSF,CD00-m000-wk00
751,752,370,CD00,m000,wk00,JRCSF,CD00-m000-wk00
752,753,374,CD00,m000,wk00,JRCSF,CD00-m000-wk00
753,754,365,CD00,m000,wk00,JRCSF,CD00-m000-wk00
754,755,370,CD00,m000,wk00,JRCSF,CD00-m000-wk00
755,756,375,CD00,m000,wk00,JRCSF,CD00-m000-wk00
756,757,376,CD00,m000,wk00,JRCSF,CD00-m000-wk00
757,758,377,CD00,m000,wk00,JRCSF,CD00-m000-wk00
758,759,389,CD00,m000,wk00,JRCSF,CD00-m000-wk00
759,760,392,CD00,m000,wk00,JRCSF,CD00-m000-wk00
760,761,391,CD00,m000,wk00,JRCSF,CD00-m000-wk00
761,762,390,CD00,m000,wk00,JRCSF,CD00-m000-wk00
762,763,391,CD00,m000,wk00,JRCSF,CD00-m000-wk00
763,764,379,CD00,m000,wk00,JRCSF,CD00-m000-wk00
764,766,387,CD00,m000,wk00,JRCSF,CD00-m000-wk00
765,765,373,CD00,m000,wk00,JRCSF,CD00-m000-wk00
766,767,394,CD00,m000,wk00,JRCSF,CD00-m000-wk00
767,768,401,CD00,m000,wk00,JRCSF,CD00-m000-wk00
768,769,397,CD00,m000,wk00,JRCSF,CD00-m000-wk00
769,770,401,CD00,m000,wk00,JRCSF,CD00-m000-wk00
770,771,398,CD00,m000,wk00,JRCSF,CD00-m000-wk00
771,772,388,CD00,m000,wk00,JRCSF,CD00-m000-wk00
772,773,386,CD00,m000,wk00,JRCSF,CD00-m000-wk00
773,774,381,CD00,m000,wk00,JRCSF,CD00-m000-wk00
774,775,385,CD00,m000,wk00,JRCSF,CD00-m000-wk00
775,776,396,CD00,m000,wk00,JRCSF,CD00-m000-wk00
776,777,393,CD00,m000,wk00,JRCSF,CD00-m000-wk00
777,778,391,CD00,m000,wk00,JRCSF,CD00-m000-wk00
778,779,384,CD00,m000,wk00,JRCSF,CD00-m000-wk00
779,780,381,CD00,m000,wk00,JRCSF,CD00-m000-wk00
780,781,380,CD00,m000,wk00,JRCSF,CD00-m000-wk00
781,782,374,CD00,m000,wk00,JRCSF,CD00-m000-wk00
782,783,377,CD00,m000,wk00,JRCSF,CD00-m000-wk00
783,784,374,CD00,m000,wk00,JRCSF,CD00-m000-wk00
784,785,374,CD00,m000,wk00,JRCSF,CD00-m000-wk00
785,786,372,CD00,m000,wk00,JRCSF,CD00-m000-wk00
786,787,369,CD00,m000,wk00,JRCSF,CD00-m000-wk00
787,788,367,CD00,m000,wk00,JRCSF,CD00-m000-wk00
788,789,366,CD00,m000,wk00,JRCSF,CD00-m000-wk00
789,790,364,CD00,m000,wk00,JRCSF,CD00-m000-wk00
790,791,364,CD00,m000,wk00,JRCSF,CD00-m000-wk00
791,792,369,CD00,m000,wk00,JRCSF,CD00-m000-wk00
792,793,372,CD00,m000,wk00,JRCSF,CD00-m000-wk00
793,794,367,CD00,m000,wk00,JRCSF,CD00-m000-wk00
794,795,354,CD00,m000,wk00,JRCSF,CD00-m000-wk00
795,796,338,CD00,m000,wk00,JRCSF,CD00-m000-wk00
796,797,338,CD00,m000,wk00,JRCSF,CD00-m000-wk00
797,798,336,CD00,m000,wk00,JRCSF,CD00-m000-wk00
798,799,336,CD00,m000,wk00,JRCSF,CD00-m000-wk00
799,800,336,CD00,m000,wk00,JRCSF,CD00-m000-wk00
800,801,330,CD00,m000,wk00,JRCSF,CD00-m000-wk00
801,802,319,CD00,m000,wk00,JRCSF,CD00-m000-wk00
802,803,313,CD00,m000,wk00,JRCSF,CD00-m000-wk00
803,804,308,CD00,m000,wk00,JRCSF,CD00-m000-wk00
804,805,305,CD00,m000,wk00,JRCSF,CD00-m000-wk00
805,806,300,CD00,m000,wk00,JRCSF,CD00-m000-wk00
806,807,302,CD00,m000,wk00,JRCSF,CD00-m000-wk00
807,808,303,CD00,m000,wk00,JRCSF,CD00-m000-wk00
808,809,293,CD00,m000,wk00,JRCSF,CD00-m000-wk00
809,810,294,CD00,m000,wk00,JRCSF,CD00-m000-wk00
810,811,296,CD00,m000,wk00,JRCSF,CD00-m000-wk00
811,812,295,CD00,m000,wk00,JRCSF,CD00-m000-wk00
812,813,286,CD00,m000,wk00,JRCSF,CD00-m000-wk00
813,814,283,CD00,m000,wk00,JRCSF,CD00-m000-wk00
814,815,282,CD00,m000,wk00,JRCSF,CD00-m000-wk00
815,816,274,CD00,m000,wk00,JRCSF,CD00-m000-wk00
816,817,272,CD00,m000,wk00,JRCSF,CD00-m000-wk00
817,818,270,CD00,m000,wk00,JRCSF,CD00-m000-wk00
818,819,273,CD00,m000,wk00,JRCSF,CD00-m000-wk00
819,820,269,CD00,m000,wk00,JRCSF,CD00-m000-wk00
820,821,269,CD00,m000,wk00,JRCSF,CD00-m000-wk00
821,822,267,CD00,m000,wk00,JRCSF,CD00-m000-wk00
822,823,258,CD00,m000,wk00,JRCSF,CD00-m000-wk00
823,824,256,CD00,m000,wk00,JRCSF,CD00-m000-wk00
824,825,254,CD00,m000,wk00,JRCSF,CD00-m000-wk00
825,826,248,CD00,m000,wk00,JRCSF,CD00-m000-wk00
826,827,244,CD00,m000,wk00,JRCSF,CD00-m000-wk00
827,828,235,CD00,m000,wk00,JRCSF,CD00-m000-wk00
828,829,228,CD00,m000,wk00,JRCSF,CD00-m000-wk00
829,830,223,CD00,m000,wk00,JRCSF,CD00-m000-wk00
830,831,218,CD00,m000,wk00,JRCSF,CD00-m000-wk00
831,832,213,CD00,m000,wk00,JRCSF,CD00-m000-wk00
832,833,206,CD00,m000,wk00,JRCSF,CD00-m000-wk00
833,834,205,CD00,m000,wk00,JRCSF,CD00-m000-wk00
834,835,196,CD00,m000,wk00,JRCSF,CD00-m000-wk00
835,836,196,CD00,m000,wk00,JRCSF,CD00-m000-wk00
836,837,196,CD00,m000,wk00,JRCSF,CD00-m000-wk00
837,838,193,CD00,m000,wk00,JRCSF,CD00-m000-wk00
838,839,189,CD00,m000,wk00,JRCSF,CD00-m000-wk00
839,840,189,CD00,m000,wk00,JRCSF,CD00-m000-wk00
840,841,167,CD00,m000,wk00,JRCSF,CD00-m000-wk00
841,842,167,CD00,m000,wk00,JRCSF,CD00-m000-wk00
842,843,157,CD00,m000,wk00,JRCSF,CD00-m000-wk00
843,844,157,CD00,m000,wk00,JRCSF,CD00-m000-wk00
844,845,140,CD00,m000,wk00,JRCSF,CD00-m000-wk00
845,846,138,CD00,m000,wk00,JRCSF,CD00-m000-wk00
846,847,135,CD00,m000,wk00,JRCSF,CD00-m000-wk00
847,848,134,CD00,m000,wk00,JRCSF,CD00-m000-wk00
848,849,128,CD00,m000,wk00,JRCSF,CD00-m000-wk00
849,850,126,CD00,m000,wk00,JRCSF,CD00-m000-wk00
850,851,117,CD00,m000,wk00,JRCSF,CD00-m000-wk00
851,852,117,CD00,m000,wk00,JRCSF,CD00-m000-wk00
852,853,115,CD00,m000,wk00,JRCSF,CD00-m000-wk00
853,854,109,CD00,m000,wk00,JRCSF,CD00-m000-wk00
854,855,109,CD00,m000,wk00,JRCSF,CD00-m000-wk00
855,856,108,CD00,m000,wk00,JRCSF,CD00-m000-wk00
856,857,106,CD00,m000,wk00,JRCSF,CD00-m000-wk00
857,858,98,CD00,m000,wk00,JRCSF,CD00-m000-wk00
858,859,90,CD00,m000,wk00,JRCSF,CD00-m000-wk00
859,860,89,CD00,m000,wk00,JRCSF,CD00-m000-wk00
860,861,79,CD00,m000,wk00,JRCSF,CD00-m000-wk00
861,862,72,CD00,m000,wk00,JRCSF,CD00-m000-wk00
862,863,71,CD00,m000,wk00,JRCSF,CD00-m000-wk00
863,864,70,CD00,m000,wk00,JRCSF,CD00-m000-wk00
864,865,61,CD00,m000,wk00,JRCSF,CD00-m000-wk00
865,866,19,CD00,m000,wk00,JRCSF,CD00-m000-wk00
866,867,5,CD00,m000,wk00,JRCSF,CD00-m000-wk00
867,1,83,CD00,m000,wk00,REJOc,CD00-m000-wk00
868,2,86,CD00,m000,wk00,REJOc,CD00-m000-wk00
869,3,88,CD00,m000,wk00,REJOc,CD00-m000-wk00
870,4,88,CD00,m000,wk00,REJOc,CD00-m000-wk00
871,5,89,CD00,m000,wk00,REJOc,CD00-m000-wk00
872,6,91,CD00,m000,wk00,REJOc,CD00-m000-wk00
873,7,92,CD00,m000,wk00,REJOc,CD00-m000-wk00
874,8,92,CD00,m000,wk00,REJOc,CD00-m000-wk00
875,9,93,CD00,m000,wk00,REJOc,CD00-m000-wk00
876,10,96,CD00,m000,wk00,REJOc,CD00-m000-wk00
877,11,96,CD00,m000,wk00,REJOc,CD00-m000-wk00
878,12,97,CD00,m000,wk00,REJOc,CD00-m000-wk00
879,13,104,CD00,m000,wk00,REJOc,CD00-m000-wk00
880,14,109,CD00,m000,wk00,REJOc,CD00-m000-wk00
881,15,109,CD00,m000,wk00,REJOc,CD00-m000-wk00
882,16,109,CD00,m000,wk00,REJOc,CD00-m000-wk00
883,17,110,CD00,m000,wk00,REJOc,CD00-m000-wk00
884,18,116,CD00,m000,wk00,REJOc,CD00-m000-wk00
885,19,118,CD00,m000,wk00,REJOc,CD00-m000-wk00
886,20,119,CD00,m000,wk00,REJOc,CD00-m000-wk00
887,21,123,CD00,m000,wk00,REJOc,CD00-m000-wk00
888,22,127,CD00,m000,wk00,REJOc,CD00-m000-wk00
889,23,127,CD00,m000,wk00,REJOc,CD00-m000-wk00
890,24,128,CD00,m000,wk00,REJOc,CD00-m000-wk00
891,25,134,CD00,m000,wk00,REJOc,CD00-m000-wk00
892,26,136,CD00,m000,wk00,REJOc,CD00-m000-wk00
893,27,138,CD00,m000,wk00,REJOc,CD00-m000-wk00
894,28,139,CD00,m000,wk00,REJOc,CD00-m000-wk00
895,29,140,CD00,m000,wk00,REJOc,CD00-m000-wk00
896,30,140,CD00,m000,wk00,REJOc,CD00-m000-wk00
897,31,138,CD00,m000,wk00,REJOc,CD00-m000-wk00
898,32,141,CD00,m000,wk00,REJOc,CD00-m000-wk00
899,33,142,CD00,m000,wk00,REJOc,CD00-m000-wk00
900,34,142,CD00,m000,wk00,REJOc,CD00-m000-wk00
901,35,142,CD00,m000,wk00,REJOc,CD00-m000-wk00
902,36,141,CD00,m000,wk00,REJOc,CD00-m000-wk00
903,37,158,CD00,m000,wk00,REJOc,CD00-m000-wk00
904,38,188,CD00,m000,wk00,REJOc,CD00-m000-wk00
905,39,191,CD00,m000,wk00,REJOc,CD00-m000-wk00
906,40,197,CD00,m000,wk00,REJOc,CD00-m000-wk00
907,41,201,CD00,m000,wk00,REJOc,CD00-m000-wk00
908,42,208,CD00,m000,wk00,REJOc,CD00-m000-wk00
909,43,210,CD00,m000,wk00,REJOc,CD00-m000-wk00
910,44,210,CD00,m000,wk00,REJOc,CD00-m000-wk00
911,45,209,CD00,m000,wk00,REJOc,CD00-m000-wk00
912,46,210,CD00,m000,wk00,REJOc,CD00-m000-wk00
913,47,210,CD00,m000,wk00,REJOc,CD00-m000-wk00
914,48,212,CD00,m000,wk00,REJOc,CD00-m000-wk00
915,49,211,CD00,m000,wk00,REJOc,CD00-m000-wk00
916,50,223,CD00,m000,wk00,REJOc,CD00-m000-wk00
917,51,223,CD00,m000,wk00,REJOc,CD00-m000-wk00
918,52,223,CD00,m000,wk00,REJOc,CD00-m000-wk00
919,53,214,CD00,m000,wk00,REJOc,CD00-m000-wk00
920,54,220,CD00,m000,wk00,REJOc,CD00-m000-wk00
921,55,221,CD00,m000,wk00,REJOc,CD00-m000-wk00
922,56,221,CD00,m000,wk00,REJOc,CD00-m000-wk00
923,57,222,CD00,m000,wk00,REJOc,CD00-m000-wk00
924,58,228,CD00,m000,wk00,REJOc,CD00-m000-wk00
925,59,232,CD00,m000,wk00,REJOc,CD00-m000-wk00
926,60,228,CD00,m000,wk00,REJOc,CD00-m000-wk00
927,61,231,CD00,m000,wk00,REJOc,CD00-m000-wk00
928,62,227,CD00,m000,wk00,REJOc,CD00-m000-wk00
929,63,229,CD00,m000,wk00,REJOc,CD00-m000-wk00
930,64,229,CD00,m000,wk00,REJOc,CD00-m000-wk00
931,65,229,CD00,m000,wk00,REJOc,CD00-m000-wk00
932,66,220,CD00,m000,wk00,REJOc,CD00-m000-wk00
933,67,224,CD00,m000,wk00,REJOc,CD00-m000-wk00
934,68,226,CD00,m000,wk00,REJOc,CD00-m000-wk00
935,69,225,CD00,m000,wk00,REJOc,CD00-m000-wk00
936,70,232,CD00,m000,wk00,REJOc,CD00-m000-wk00
937,71,237,CD00,m000,wk00,REJOc,CD00-m000-wk00
938,72,235,CD00,m000,wk00,REJOc,CD00-m000-wk00
939,73,238,CD00,m000,wk00,REJOc,CD00-m000-wk00
940,74,247,CD00,m000,wk00,REJOc,CD00-m000-wk00
941,75,240,CD00,m000,wk00,REJOc,CD00-m000-wk00
942,76,237,CD00,m000,wk00,REJOc,CD00-m000-wk00
943,77,240,CD00,m000,wk00,REJOc,CD00-m000-wk00
944,78,246,CD00,m000,wk00,REJOc,CD00-m000-wk00
945,79,247,CD00,m000,wk00,REJOc,CD00-m000-wk00
946,80,249,CD00,m000,wk00,REJOc,CD00-m000-wk00
947,81,247,CD00,m000,wk00,REJOc,CD00-m000-wk00
948,82,246,CD00,m000,wk00,REJOc,CD00-m000-wk00
949,83,245,CD00,m000,wk00,REJOc,CD00-m000-wk00
950,84,253,CD00,m000,wk00,REJOc,CD00-m000-wk00
951,85,253,CD00,m000,wk00,REJOc,CD00-m000-wk00
952,86,251,CD00,m000,wk00,REJOc,CD00-m000-wk00
953,87,247,CD00,m000,wk00,REJOc,CD00-m000-wk00
954,88,245,CD00,m000,wk00,REJOc,CD00-m000-wk00
955,89,245,CD00,m000,wk00,REJOc,CD00-m000-wk00
956,90,244,CD00,m000,wk00,REJOc,CD00-m000-wk00
957,91,239,CD00,m000,wk00,REJOc,CD00-m000-wk00
958,92,236,CD00,m000,wk00,REJOc,CD00-m000-wk00
959,93,237,CD00,m000,wk00,REJOc,CD00-m000-wk00
960,94,237,CD00,m000,wk00,REJOc,CD00-m000-wk00
961,95,235,CD00,m000,wk00,REJOc,CD00-m000-wk00
962,96,231,CD00,m000,wk00,REJOc,CD00-m000-wk00
963,97,231,CD00,m000,wk00,REJOc,CD00-m000-wk00
964,98,232,CD00,m000,wk00,REJOc,CD00-m000-wk00
965,99,233,CD00,m000,wk00,REJOc,CD00-m000-wk00
966,100,237,CD00,m000,wk00,REJOc,CD00-m000-wk00
967,101,240,CD00,m000,wk00,REJOc,CD00-m000-wk00
968,102,231,CD00,m000,wk00,REJOc,CD00-m000-wk00
969,103,230,CD00,m000,wk00,REJOc,CD00-m000-wk00
970,104,233,CD00,m000,wk00,REJOc,CD00-m000-wk00
971,105,234,CD00,m000,wk00,REJOc,CD00-m000-wk00
972,106,241,CD00,m000,wk00,REJOc,CD00-m000-wk00
973,107,239,CD00,m000,wk00,REJOc,CD00-m000-wk00
974,108,239,CD00,m000,wk00,REJOc,CD00-m000-wk00
975,109,234,CD00,m000,wk00,REJOc,CD00-m000-wk00
976,110,235,CD00,m000,wk00,REJOc,CD00-m000-wk00
977,111,236,CD00,m000,wk00,REJOc,CD00-m000-wk00
978,112,229,CD00,m000,wk00,REJOc,CD00-m000-wk00
979,113,226,CD00,m000,wk00,REJOc,CD00-m000-wk00
980,114,225,CD00,m000,wk00,REJOc,CD00-m000-wk00
981,115,226,CD00,m000,wk00,REJOc,CD00-m000-wk00
982,116,226,CD00,m000,wk00,REJOc,CD00-m000-wk00
983,117,219,CD00,m000,wk00,REJOc,CD00-m000-wk00
984,118,218,CD00,m000,wk00,REJOc,CD00-m000-wk00
985,119,220,CD00,m000,wk00,REJOc,CD00-m000-wk00
986,120,222,CD00,m000,wk00,REJOc,CD00-m000-wk00
987,121,217,CD00,m000,wk00,REJOc,CD00-m000-wk00
988,122,216,CD00,m000,wk00,REJOc,CD00-m000-wk00
989,123,215,CD00,m000,wk00,REJOc,CD00-m000-wk00
990,124,218,CD00,m000,wk00,REJOc,CD00-m000-wk00
991,125,215,CD00,m000,wk00,REJOc,CD00-m000-wk00
992,126,215,CD00,m000,wk00,REJOc,CD00-m000-wk00
993,127,214,CD00,m000,wk00,REJOc,CD00-m000-wk00
994,128,204,CD00,m000,wk00,REJOc,CD00-m000-wk00
995,129,204,CD00,m000,wk00,REJOc,CD00-m000-wk00
996,130,202,CD00,m000,wk00,REJOc,CD00-m000-wk00
997,131,202,CD00,m000,wk00,REJOc,CD00-m000-wk00
998,132,206,CD00,m000,wk00,REJOc,CD00-m000-wk00
999,133,202,CD00,m000,wk00,REJOc,CD00-m000-wk00
1000,134,204,CD00,m000,wk00,REJOc,CD00-m000-wk00
1001,135,200,CD00,m000,wk00,REJOc,CD00-m000-wk00
1002,136,198,CD00,m000,wk00,REJOc,CD00-m000-wk00
1003,137,193,CD00,m000,wk00,REJOc,CD00-m000-wk00
1004,138,181,CD00,m000,wk00,REJOc,CD00-m000-wk00
1005,139,196,CD00,m000,wk00,REJOc,CD00-m000-wk00
1006,140,193,CD00,m000,wk00,REJOc,CD00-m000-wk00
1007,141,192,CD00,m000,wk00,REJOc,CD00-m000-wk00
1008,142,197,CD00,m000,wk00,REJOc,CD00-m000-wk00
1009,143,199,CD00,m000,wk00,REJOc,CD00-m000-wk00
1010,144,199,CD00,m000,wk00,REJOc,CD00-m000-wk00
1011,145,203,CD00,m000,wk00,REJOc,CD00-m000-wk00
1012,146,212,CD00,m000,wk00,REJOc,CD00-m000-wk00
1013,147,209,CD00,m000,wk00,REJOc,CD00-m000-wk00
1014,148,207,CD00,m000,wk00,REJOc,CD00-m000-wk00
1015,149,210,CD00,m000,wk00,REJOc,CD00-m000-wk00
1016,150,207,CD00,m000,wk00,REJOc,CD00-m000-wk00
1017,151,212,CD00,m000,wk00,REJOc,CD00-m000-wk00
1018,152,210,CD00,m000,wk00,REJOc,CD00-m000-wk00
1019,153,210,CD00,m000,wk00,REJOc,CD00-m000-wk00
1020,154,211,CD00,m000,wk00,REJOc,CD00-m000-wk00
1021,155,216,CD00,m000,wk00,REJOc,CD00-m000-wk00
1022,156,214,CD00,m000,wk00,REJOc,CD00-m000-wk00
1023,157,213,CD00,m000,wk00,REJOc,CD00-m000-wk00
1024,158,211,CD00,m000,wk00,REJOc,CD00-m000-wk00
1025,159,211,CD00,m000,wk00,REJOc,CD00-m000-wk00
1026,160,214,CD00,m000,wk00,REJOc,CD00-m000-wk00
1027,161,214,CD00,m000,wk00,REJOc,CD00-m000-wk00
1028,162,215,CD00,m000,wk00,REJOc,CD00-m000-wk00
1029,163,217,CD00,m000,wk00,REJOc,CD00-m000-wk00
1030,164,216,CD00,m000,wk00,REJOc,CD00-m000-wk00
1031,165,211,CD00,m000,wk00,REJOc,CD00-m000-wk00
1032,166,214,CD00,m000,wk00,REJOc,CD00-m000-wk00
1033,167,216,CD00,m000,wk00,REJOc,CD00-m000-wk00
1034,168,218,CD00,m000,wk00,REJOc,CD00-m000-wk00
1035,169,216,CD00,m000,wk00,REJOc,CD00-m000-wk00
1036,170,211,CD00,m000,wk00,REJOc,CD00-m000-wk00
1037,171,206,CD00,m000,wk00,REJOc,CD00-m000-wk00
1038,172,204,CD00,m000,wk00,REJOc,CD00-m000-wk00
1039,173,207,CD00,m000,wk00,REJOc,CD00-m000-wk00
1040,174,205,CD00,m000,wk00,REJOc,CD00-m000-wk00
1041,175,206,CD00,m000,wk00,REJOc,CD00-m000-wk00
1042,176,208,CD00,m000,wk00,REJOc,CD00-m000-wk00
1043,177,204,CD00,m000,wk00,REJOc,CD00-m000-wk00
1044,178,200,CD00,m000,wk00,REJOc,CD00-m000-wk00
1045,179,199,CD00,m000,wk00,REJOc,CD00-m000-wk00
1046,180,201,CD00,m000,wk00,REJOc,CD00-m000-wk00
1047,181,207,CD00,m000,wk00,REJOc,CD00-m000-wk00
1048,182,209,CD00,m000,wk00,REJOc,CD00-m000-wk00
1049,183,208,CD00,m000,wk00,REJOc,CD00-m000-wk00
1050,184,204,CD00,m000,wk00,REJOc,CD00-m000-wk00
1051,185,203,CD00,m000,wk00,REJOc,CD00-m000-wk00
1052,186,205,CD00,m000,wk00,REJOc,CD00-m000-wk00
1053,187,205,CD00,m000,wk00,REJOc,CD00-m000-wk00
1054,188,205,CD00,m000,wk00,REJOc,CD00-m000-wk00
1055,189,207,CD00,m000,wk00,REJOc,CD00-m000-wk00
1056,190,208,CD00,m000,wk00,REJOc,CD00-m000-wk00
1057,191,206,CD00,m000,wk00,REJOc,CD00-m000-wk00
1058,192,210,CD00,m000,wk00,REJOc,CD00-m000-wk00
1059,193,209,CD00,m000,wk00,REJOc,CD00-m000-wk00
1060,194,200,CD00,m000,wk00,REJOc,CD00-m000-wk00
1061,195,197,CD00,m000,wk00,REJOc,CD00-m000-wk00
1062,196,197,CD00,m000,wk00,REJOc,CD00-m000-wk00
1063,197,202,CD00,m000,wk00,REJOc,CD00-m000-wk00
1064,198,196,CD00,m000,wk00,REJOc,CD00-m000-wk00
1065,199,194,CD00,m000,wk00,REJOc,CD00-m000-wk00
1066,200,198,CD00,m000,wk00,REJOc,CD00-m000-wk00
1067,201,211,CD00,m000,wk00,REJOc,CD00-m000-wk00
1068,202,213,CD00,m000,wk00,REJOc,CD00-m000-wk00
1069,203,226,CD00,m000,wk00,REJOc,CD00-m000-wk00
1070,204,216,CD00,m000,wk00,REJOc,CD00-m000-wk00
1071,205,217,CD00,m000,wk00,REJOc,CD00-m000-wk00
1072,206,214,CD00,m000,wk00,REJOc,CD00-m000-wk00
1073,207,222,CD00,m000,wk00,REJOc,CD00-m000-wk00
1074,208,225,CD00,m000,wk00,REJOc,CD00-m000-wk00
1075,209,214,CD00,m000,wk00,REJOc,CD00-m000-wk00
1076,210,214,CD00,m000,wk00,REJOc,CD00-m000-wk00
1077,211,213,CD00,m000,wk00,REJOc,CD00-m000-wk00
1078,212,217,CD00,m000,wk00,REJOc,CD00-m000-wk00
1079,213,220,CD00,m000,wk00,REJOc,CD00-m000-wk00
1080,214,219,CD00,m000,wk00,REJOc,CD00-m000-wk00
1081,215,222,CD00,m000,wk00,REJOc,CD00-m000-wk00
1082,216,220,CD00,m000,wk00,REJOc,CD00-m000-wk00
1083,217,226,CD00,m000,wk00,REJOc,CD00-m000-wk00
1084,218,224,CD00,m000,wk00,REJOc,CD00-m000-wk00
1085,219,213,CD00,m000,wk00,REJOc,CD00-m000-wk00
1086,220,216,CD00,m000,wk00,REJOc,CD00-m000-wk00
1087,221,217,CD00,m000,wk00,REJOc,CD00-m000-wk00
1088,222,216,CD00,m000,wk00,REJOc,CD00-m000-wk00
1089,223,213,CD00,m000,wk00,REJOc,CD00-m000-wk00
1090,224,212,CD00,m000,wk00,REJOc,CD00-m000-wk00
1091,225,210,CD00,m000,wk00,REJOc,CD00-m000-wk00
1092,226,210,CD00,m000,wk00,REJOc,CD00-m000-wk00
1093,227,211,CD00,m000,wk00,REJOc,CD00-m000-wk00
1094,228,212,CD00,m000,wk00,REJOc,CD00-m000-wk00
1095,229,210,CD00,m000,wk00,REJOc,CD00-m000-wk00
1096,230,208,CD00,m000,wk00,REJOc,CD00-m000-wk00
1097,231,218,CD00,m000,wk00,REJOc,CD00-m000-wk00
1098,232,218,CD00,m000,wk00,REJOc,CD00-m000-wk00
1099,233,218,CD00,m000,wk00,REJOc,CD00-m000-wk00
1100,234,217,CD00,m000,wk00,REJOc,CD00-m000-wk00
1101,235,218,CD00,m000,wk00,REJOc,CD00-m000-wk00
1102,236,217,CD00,m000,wk00,REJOc,CD00-m000-wk00
1103,237,225,CD00,m000,wk00,REJOc,CD00-m000-wk00
1104,238,224,CD00,m000,wk00,REJOc,CD00-m000-wk00
1105,239,208,CD00,m000,wk00,REJOc,CD00-m000-wk00
1106,240,206,CD00,m000,wk00,REJOc,CD00-m000-wk00
1107,241,208,CD00,m000,wk00,REJOc,CD00-m000-wk00
1108,242,207,CD00,m000,wk00,REJOc,CD00-m000-wk00
1109,243,203,CD00,m000,wk00,REJOc,CD00-m000-wk00
1110,244,206,CD00,m000,wk00,REJOc,CD00-m000-wk00
1111,245,207,CD00,m000,wk00,REJOc,CD00-m000-wk00
1112,246,225,CD00,m000,wk00,REJOc,CD00-m000-wk00
1113,247,217,CD00,m000,wk00,REJOc,CD00-m000-wk00
1114,248,220,CD00,m000,wk00,REJOc,CD00-m000-wk00
1115,249,219,CD00,m000,wk00,REJOc,CD00-m000-wk00
1116,250,212,CD00,m000,wk00,REJOc,CD00-m000-wk00
1117,251,210,CD00,m000,wk00,REJOc,CD00-m000-wk00
1118,252,221,CD00,m000,wk00,REJOc,CD00-m000-wk00
1119,253,221,CD00,m000,wk00,REJOc,CD00-m000-wk00
1120,254,223,CD00,m000,wk00,REJOc,CD00-m000-wk00
1121,255,225,CD00,m000,wk00,REJOc,CD00-m000-wk00
1122,256,226,CD00,m000,wk00,REJOc,CD00-m000-wk00
1123,257,221,CD00,m000,wk00,REJOc,CD00-m000-wk00
1124,258,222,CD00,m000,wk00,REJOc,CD00-m000-wk00
1125,259,233,CD00,m000,wk00,REJOc,CD00-m000-wk00
1126,260,234,CD00,m000,wk00,REJOc,CD00-m000-wk00
1127,261,232,CD00,m000,wk00,REJOc,CD00-m000-wk00
1128,262,232,CD00,m000,wk00,REJOc,CD00-m000-wk00
1129,263,232,CD00,m000,wk00,REJOc,CD00-m000-wk00
1130,264,234,CD00,m000,wk00,REJOc,CD00-m000-wk00
1131,265,234,CD00,m000,wk00,REJOc,CD00-m000-wk00
1132,266,241,CD00,m000,wk00,REJOc,CD00-m000-wk00
1133,267,240,CD00,m000,wk00,REJOc,CD00-m000-wk00
1134,268,240,CD00,m000,wk00,REJOc,CD00-m000-wk00
1135,269,241,CD00,m000,wk00,REJOc,CD00-m000-wk00
1136,270,242,CD00,m000,wk00,REJOc,CD00-m000-wk00
1137,271,246,CD00,m000,wk00,REJOc,CD00-m000-wk00
1138,272,248,CD00,m000,wk00,REJOc,CD00-m000-wk00
1139,273,246,CD00,m000,wk00,REJOc,CD00-m000-wk00
1140,274,240,CD00,m000,wk00,REJOc,CD00-m000-wk00
1141,275,238,CD00,m000,wk00,REJOc,CD00-m000-wk00
1142,276,240,CD00,m000,wk00,REJOc,CD00-m000-wk00
1143,277,241,CD00,m000,wk00,REJOc,CD00-m000-wk00
1144,278,242,CD00,m000,wk00,REJOc,CD00-m000-wk00
1145,279,240,CD00,m000,wk00,REJOc,CD00-m000-wk00
1146,280,243,CD00,m000,wk00,REJOc,CD00-m000-wk00
1147,281,238,CD00,m000,wk00,REJOc,CD00-m000-wk00
1148,282,244,CD00,m000,wk00,REJOc,CD00-m000-wk00
1149,283,244,CD00,m000,wk00,REJOc,CD00-m000-wk00
1150,284,244,CD00,m000,wk00,REJOc,CD00-m000-wk00
1151,285,244,CD00,m000,wk00,REJOc,CD00-m000-wk00
1152,286,241,CD00,m000,wk00,REJOc,CD00-m000-wk00
1153,287,250,CD00,m000,wk00,REJOc,CD00-m000-wk00
1154,288,250,CD00,m000,wk00,REJOc,CD00-m000-wk00
1155,289,246,CD00,m000,wk00,REJOc,CD00-m000-wk00
1156,290,247,CD00,m000,wk00,REJOc,CD00-m000-wk00
1157,291,245,CD00,m000,wk00,REJOc,CD00-m000-wk00
1158,292,244,CD00,m000,wk00,REJOc,CD00-m000-wk00
1159,293,247,CD00,m000,wk00,REJOc,CD00-m000-wk00
1160,294,247,CD00,m000,wk00,REJOc,CD00-m000-wk00
1161,295,243,CD00,m000,wk00,REJOc,CD00-m000-wk00
1162,296,240,CD00,m000,wk00,REJOc,CD00-m000-wk00
1163,297,245,CD00,m000,wk00,REJOc,CD00-m000-wk00
1164,298,245,CD00,m000,wk00,REJOc,CD00-m000-wk00
1165,299,242,CD00,m000,wk00,REJOc,CD00-m000-wk00
1166,300,243,CD00,m000,wk00,REJOc,CD00-m000-wk00
1167,301,238,CD00,m000,wk00,REJOc,CD00-m000-wk00
1168,302,237,CD00,m000,wk00,REJOc,CD00-m000-wk00
1169,303,233,CD00,m000,wk00,REJOc,CD00-m000-wk00
1170,304,235,CD00,m000,wk00,REJOc,CD00-m000-wk00
1171,305,235,CD00,m000,wk00,REJOc,CD00-m000-wk00
1172,306,228,CD00,m000,wk00,REJOc,CD00-m000-wk00
1173,307,227,CD00,m000,wk00,REJOc,CD00-m000-wk00
1174,308,231,CD00,m000,wk00,REJOc,CD00-m000-wk00
1175,309,232,CD00,m000,wk00,REJOc,CD00-m000-wk00
1176,310,225,CD00,m000,wk00,REJOc,CD00-m000-wk00
1177,311,226,CD00,m000,wk00,REJOc,CD00-m000-wk00
1178,312,213,CD00,m000,wk00,REJOc,CD00-m000-wk00
1179,313,215,CD00,m000,wk00,REJOc,CD00-m000-wk00
1180,314,214,CD00,m000,wk00,REJOc,CD00-m000-wk00
1181,315,217,CD00,m000,wk00,REJOc,CD00-m000-wk00
1182,316,218,CD00,m000,wk00,REJOc,CD00-m000-wk00
1183,317,211,CD00,m000,wk00,REJOc,CD00-m000-wk00
1184,318,205,CD00,m000,wk00,REJOc,CD00-m000-wk00
1185,319,202,CD00,m000,wk00,REJOc,CD00-m000-wk00
1186,320,199,CD00,m000,wk00,REJOc,CD00-m000-wk00
1187,321,202,CD00,m000,wk00,REJOc,CD00-m000-wk00
1188,322,203,CD00,m000,wk00,REJOc,CD00-m000-wk00
1189,323,199,CD00,m000,wk00,REJOc,CD00-m000-wk00
1190,324,199,CD00,m000,wk00,REJOc,CD00-m000-wk00
1191,325,200,CD00,m000,wk00,REJOc,CD00-m000-wk00
1192,326,199,CD00,m000,wk00,REJOc,CD00-m000-wk00
1193,327,198,CD00,m000,wk00,REJOc,CD00-m000-wk00
1194,328,196,CD00,m000,wk00,REJOc,CD00-m000-wk00
1195,329,197,CD00,m000,wk00,REJOc,CD00-m000-wk00
1196,330,203,CD00,m000,wk00,REJOc,CD00-m000-wk00
1197,331,197,CD00,m000,wk00,REJOc,CD00-m000-wk00
1198,332,191,CD00,m000,wk00,REJOc,CD00-m000-wk00
1199,333,191,CD00,m000,wk00,REJOc,CD00-m000-wk00
1200,334,190,CD00,m000,wk00,REJOc,CD00-m000-wk00
1201,335,189,CD00,m000,wk00,REJOc,CD00-m000-wk00
1202,336,187,CD00,m000,wk00,REJOc,CD00-m000-wk00
1203,337,190,CD00,m000,wk00,REJOc,CD00-m000-wk00
1204,338,188,CD00,m000,wk00,REJOc,CD00-m000-wk00
1205,339,192,CD00,m000,wk00,REJOc,CD00-m000-wk00
1206,340,184,CD00,m000,wk00,REJOc,CD00-m000-wk00
1207,341,175,CD00,m000,wk00,REJOc,CD00-m000-wk00
1208,342,175,CD00,m000,wk00,REJOc,CD00-m000-wk00
1209,343,176,CD00,m000,wk00,REJOc,CD00-m000-wk00
1210,344,176,CD00,m000,wk00,REJOc,CD00-m000-wk00
1211,345,169,CD00,m000,wk00,REJOc,CD00-m000-wk00
1212,347,168,CD00,m000,wk00,REJOc,CD00-m000-wk00
1213,346,167,CD00,m000,wk00,REJOc,CD00-m000-wk00
1214,348,167,CD00,m000,wk00,REJOc,CD00-m000-wk00
1215,349,168,CD00,m000,wk00,REJOc,CD00-m000-wk00
1216,350,169,CD00,m000,wk00,REJOc,CD00-m000-wk00
1217,351,167,CD00,m000,wk00,REJOc,CD00-m000-wk00
1218,352,170,CD00,m000,wk00,REJOc,CD00-m000-wk00
1219,353,169,CD00,m000,wk00,REJOc,CD00-m000-wk00
1220,354,170,CD00,m000,wk00,REJOc,CD00-m000-wk00
1221,355,170,CD00,m000,wk00,REJOc,CD00-m000-wk00
1222,356,169,CD00,m000,wk00,REJOc,CD00-m000-wk00
1223,357,172,CD00,m000,wk00,REJOc,CD00-m000-wk00
1224,358,174,CD00,m000,wk00,REJOc,CD00-m000-wk00
1225,359,182,CD00,m000,wk00,REJOc,CD00-m000-wk00
1226,360,187,CD00,m000,wk00,REJOc,CD00-m000-wk00
1227,361,187,CD00,m000,wk00,REJOc,CD00-m000-wk00
1228,362,180,CD00,m000,wk00,REJOc,CD00-m000-wk00
1229,363,189,CD00,m000,wk00,REJOc,CD00-m000-wk00
1230,364,189,CD00,m000,wk00,REJOc,CD00-m000-wk00
1231,365,185,CD00,m000,wk00,REJOc,CD00-m000-wk00
1232,366,182,CD00,m000,wk00,REJOc,CD00-m000-wk00
1233,367,184,CD00,m000,wk00,REJOc,CD00-m000-wk00
1234,369,184,CD00,m000,wk00,REJOc,CD00-m000-wk00
1235,370,187,CD00,m000,wk00,REJOc,CD00-m000-wk00
1236,368,183,CD00,m000,wk00,REJOc,CD00-m000-wk00
1237,371,186,CD00,m000,wk00,REJOc,CD00-m000-wk00
1238,372,185,CD00,m000,wk00,REJOc,CD00-m000-wk00
1239,373,185,CD00,m000,wk00,REJOc,CD00-m000-wk00
1240,374,186,CD00,m000,wk00,REJOc,CD00-m000-wk00
1241,375,187,CD00,m000,wk00,REJOc,CD00-m000-wk00
1242,376,191,CD00,m000,wk00,REJOc,CD00-m000-wk00
1243,377,187,CD00,m000,wk00,REJOc,CD00-m000-wk00
1244,378,186,CD00,m000,wk00,REJOc,CD00-m000-wk00
1245,379,186,CD00,m000,wk00,REJOc,CD00-m000-wk00
1246,380,189,CD00,m000,wk00,REJOc,CD00-m000-wk00
1247,381,188,CD00,m000,wk00,REJOc,CD00-m000-wk00
1248,382,188,CD00,m000,wk00,REJOc,CD00-m000-wk00
1249,383,185,CD00,m000,wk00,REJOc,CD00-m000-wk00
1250,384,187,CD00,m000,wk00,REJOc,CD00-m000-wk00
1251,385,184,CD00,m000,wk00,REJOc,CD00-m000-wk00
1252,386,180,CD00,m000,wk00,REJOc,CD00-m000-wk00
1253,387,184,CD00,m000,wk00,REJOc,CD00-m000-wk00
1254,388,183,CD00,m000,wk00,REJOc,CD00-m000-wk00
1255,389,179,CD00,m000,wk00,REJOc,CD00-m000-wk00
1256,390,193,CD00,m000,wk00,REJOc,CD00-m000-wk00
1257,391,191,CD00,m000,wk00,REJOc,CD00-m000-wk00
1258,392,178,CD00,m000,wk00,REJOc,CD00-m000-wk00
1259,393,180,CD00,m000,wk00,REJOc,CD00-m000-wk00
1260,394,179,CD00,m000,wk00,REJOc,CD00-m000-wk00
1261,395,184,CD00,m000,wk00,REJOc,CD00-m000-wk00
1262,396,191,CD00,m000,wk00,REJOc,CD00-m000-wk00
1263,397,197,CD00,m000,wk00,REJOc,CD00-m000-wk00
1264,398,199,CD00,m000,wk00,REJOc,CD00-m000-wk00
1265,399,199,CD00,m000,wk00,REJOc,CD00-m000-wk00
1266,400,197,CD00,m000,wk00,REJOc,CD00-m000-wk00
1267,401,199,CD00,m000,wk00,REJOc,CD00-m000-wk00
1268,402,197,CD00,m000,wk00,REJOc,CD00-m000-wk00
1269,403,201,CD00,m000,wk00,REJOc,CD00-m000-wk00
1270,404,209,CD00,m000,wk00,REJOc,CD00-m000-wk00
1271,405,204,CD00,m000,wk00,REJOc,CD00-m000-wk00
1272,406,207,CD00,m000,wk00,REJOc,CD00-m000-wk00
1273,407,205,CD00,m000,wk00,REJOc,CD00-m000-wk00
1274,408,206,CD00,m000,wk00,REJOc,CD00-m000-wk00
1275,409,199,CD00,m000,wk00,REJOc,CD00-m000-wk00
1276,410,197,CD00,m000,wk00,REJOc,CD00-m000-wk00
1277,411,193,CD00,m000,wk00,REJOc,CD00-m000-wk00
1278,412,203,CD00,m000,wk00,REJOc,CD00-m000-wk00
1279,413,207,CD00,m000,wk00,REJOc,CD00-m000-wk00
1280,414,207,CD00,m000,wk00,REJOc,CD00-m000-wk00
1281,415,202,CD00,m000,wk00,REJOc,CD00-m000-wk00
1282,416,206,CD00,m000,wk00,REJOc,CD00-m000-wk00
1283,417,202,CD00,m000,wk00,REJOc,CD00-m000-wk00
1284,418,205,CD00,m000,wk00,REJOc,CD00-m000-wk00
1285,419,207,CD00,m000,wk00,REJOc,CD00-m000-wk00
1286,420,206,CD00,m000,wk00,REJOc,CD00-m000-wk00
1287,421,212,CD00,m000,wk00,REJOc,CD00-m000-wk00
1288,422,212,CD00,m000,wk00,REJOc,CD00-m000-wk00
1289,423,210,CD00,m000,wk00,REJOc,CD00-m000-wk00
1290,424,210,CD00,m000,wk00,REJOc,CD00-m000-wk00
1291,425,210,CD00,m000,wk00,REJOc,CD00-m000-wk00
1292,426,211,CD00,m000,wk00,REJOc,CD00-m000-wk00
1293,427,209,CD00,m000,wk00,REJOc,CD00-m000-wk00
1294,428,213,CD00,m000,wk00,REJOc,CD00-m000-wk00
1295,429,214,CD00,m000,wk00,REJOc,CD00-m000-wk00
1296,430,201,CD00,m000,wk00,REJOc,CD00-m000-wk00
1297,431,203,CD00,m000,wk00,REJOc,CD00-m000-wk00
1298,432,211,CD00,m000,wk00,REJOc,CD00-m000-wk00
1299,433,209,CD00,m000,wk00,REJOc,CD00-m000-wk00
1300,434,204,CD00,m000,wk00,REJOc,CD00-m000-wk00
1301,435,197,CD00,m000,wk00,REJOc,CD00-m000-wk00
1302,436,201,CD00,m000,wk00,REJOc,CD00-m000-wk00
1303,437,201,CD00,m000,wk00,REJOc,CD00-m000-wk00
1304,438,202,CD00,m000,wk00,REJOc,CD00-m000-wk00
1305,439,200,CD00,m000,wk00,REJOc,CD00-m000-wk00
1306,440,200,CD00,m000,wk00,REJOc,CD00-m000-wk00
1307,441,207,CD00,m000,wk00,REJOc,CD00-m000-wk00
1308,442,207,CD00,m000,wk00,REJOc,CD00-m000-wk00
1309,443,205,CD00,m000,wk00,REJOc,CD00-m000-wk00
1310,444,202,CD00,m000,wk00,REJOc,CD00-m000-wk00
1311,445,206,CD00,m000,wk00,REJOc,CD00-m000-wk00
1312,446,205,CD00,m000,wk00,REJOc,CD00-m000-wk00
1313,447,204,CD00,m000,wk00,REJOc,CD00-m000-wk00
1314,448,203,CD00,m000,wk00,REJOc,CD00-m000-wk00
1315,449,199,CD00,m000,wk00,REJOc,CD00-m000-wk00
1316,450,197,CD00,m000,wk00,REJOc,CD00-m000-wk00
1317,451,207,CD00,m000,wk00,REJOc,CD00-m000-wk00
1318,452,203,CD00,m000,wk00,REJOc,CD00-m000-wk00
1319,453,202,CD00,m000,wk00,REJOc,CD00-m000-wk00
1320,454,198,CD00,m000,wk00,REJOc,CD00-m000-wk00
1321,455,198,CD00,m000,wk00,REJOc,CD00-m000-wk00
1322,456,196,CD00,m000,wk00,REJOc,CD00-m000-wk00
1323,457,200,CD00,m000,wk00,REJOc,CD00-m000-wk00
1324,458,199,CD00,m000,wk00,REJOc,CD00-m000-wk00
1325,459,195,CD00,m000,wk00,REJOc,CD00-m000-wk00
1326,460,194,CD00,m000,wk00,REJOc,CD00-m000-wk00
1327,461,187,CD00,m000,wk00,REJOc,CD00-m000-wk00
1328,462,193,CD00,m000,wk00,REJOc,CD00-m000-wk00
1329,463,182,CD00,m000,wk00,REJOc,CD00-m000-wk00
1330,464,184,CD00,m000,wk00,REJOc,CD00-m000-wk00
1331,465,181,CD00,m000,wk00,REJOc,CD00-m000-wk00
1332,466,181,CD00,m000,wk00,REJOc,CD00-m000-wk00
1333,467,180,CD00,m000,wk00,REJOc,CD00-m000-wk00
1334,468,179,CD00,m000,wk00,REJOc,CD00-m000-wk00
1335,469,179,CD00,m000,wk00,REJOc,CD00-m000-wk00
1336,470,179,CD00,m000,wk00,REJOc,CD00-m000-wk00
1337,471,178,CD00,m000,wk00,REJOc,CD00-m000-wk00
1338,472,182,CD00,m000,wk00,REJOc,CD00-m000-wk00
1339,473,191,CD00,m000,wk00,REJOc,CD00-m000-wk00
1340,474,189,CD00,m000,wk00,REJOc,CD00-m000-wk00
1341,475,183,CD00,m000,wk00,REJOc,CD00-m000-wk00
1342,476,179,CD00,m000,wk00,REJOc,CD00-m000-wk00
1343,477,177,CD00,m000,wk00,REJOc,CD00-m000-wk00
1344,479,175,CD00,m000,wk00,REJOc,CD00-m000-wk00
1345,478,174,CD00,m000,wk00,REJOc,CD00-m000-wk00
1346,480,173,CD00,m000,wk00,REJOc,CD00-m000-wk00
1347,481,175,CD00,m000,wk00,REJOc,CD00-m000-wk00
1348,482,174,CD00,m000,wk00,REJOc,CD00-m000-wk00
1349,483,176,CD00,m000,wk00,REJOc,CD00-m000-wk00
1350,484,173,CD00,m000,wk00,REJOc,CD00-m000-wk00
1351,485,175,CD00,m000,wk00,REJOc,CD00-m000-wk00
1352,486,167,CD00,m000,wk00,REJOc,CD00-m000-wk00
1353,487,166,CD00,m000,wk00,REJOc,CD00-m000-wk00
1354,488,168,CD00,m000,wk00,REJOc,CD00-m000-wk00
1355,489,168,CD00,m000,wk00,REJOc,CD00-m000-wk00
1356,490,165,CD00,m000,wk00,REJOc,CD00-m000-wk00
1357,491,165,CD00,m000,wk00,REJOc,CD00-m000-wk00
1358,492,168,CD00,m000,wk00,REJOc,CD00-m000-wk00
1359,493,175,CD00,m000,wk00,REJOc,CD00-m000-wk00
1360,494,173,CD00,m000,wk00,REJOc,CD00-m000-wk00
1361,495,174,CD00,m000,wk00,REJOc,CD00-m000-wk00
1362,496,168,CD00,m000,wk00,REJOc,CD00-m000-wk00
1363,497,161,CD00,m000,wk00,REJOc,CD00-m000-wk00
1364,498,161,CD00,m000,wk00,REJOc,CD00-m000-wk00
1365,499,158,CD00,m000,wk00,REJOc,CD00-m000-wk00
1366,500,158,CD00,m000,wk00,REJOc,CD00-m000-wk00
1367,501,156,CD00,m000,wk00,REJOc,CD00-m000-wk00
1368,502,156,CD00,m000,wk00,REJOc,CD00-m000-wk00
1369,503,151,CD00,m000,wk00,REJOc,CD00-m000-wk00
1370,504,149,CD00,m000,wk00,REJOc,CD00-m000-wk00
1371,505,154,CD00,m000,wk00,REJOc,CD00-m000-wk00
1372,506,152,CD00,m000,wk00,REJOc,CD00-m000-wk00
1373,508,156,CD00,m000,wk00,REJOc,CD00-m000-wk00
1374,509,158,CD00,m000,wk00,REJOc,CD00-m000-wk00
1375,507,153,CD00,m000,wk00,REJOc,CD00-m000-wk00
1376,510,156,CD00,m000,wk00,REJOc,CD00-m000-wk00
1377,511,154,CD00,m000,wk00,REJOc,CD00-m000-wk00
1378,512,153,CD00,m000,wk00,REJOc,CD00-m000-wk00
1379,513,157,CD00,m000,wk00,REJOc,CD00-m000-wk00
1380,514,156,CD00,m000,wk00,REJOc,CD00-m000-wk00
1381,515,158,CD00,m000,wk00,REJOc,CD00-m000-wk00
1382,516,158,CD00,m000,wk00,REJOc,CD00-m000-wk00
1383,517,158,CD00,m000,wk00,REJOc,CD00-m000-wk00
1384,518,157,CD00,m000,wk00,REJOc,CD00-m000-wk00
1385,519,153,CD00,m000,wk00,REJOc,CD00-m000-wk00
1386,520,156,CD00,m000,wk00,REJOc,CD00-m000-wk00
1387,521,149,CD00,m000,wk00,REJOc,CD00-m000-wk00
1388,522,146,CD00,m000,wk00,REJOc,CD00-m000-wk00
1389,523,147,CD00,m000,wk00,REJOc,CD00-m000-wk00
1390,524,146,CD00,m000,wk00,REJOc,CD00-m000-wk00
1391,525,144,CD00,m000,wk00,REJOc,CD00-m000-wk00
1392,526,145,CD00,m000,wk00,REJOc,CD00-m000-wk00
1393,527,144,CD00,m000,wk00,REJOc,CD00-m000-wk00
1394,528,144,CD00,m000,wk00,REJOc,CD00-m000-wk00
1395,529,147,CD00,m000,wk00,REJOc,CD00-m000-wk00
1396,530,146,CD00,m000,wk00,REJOc,CD00-m000-wk00
1397,531,142,CD00,m000,wk00,REJOc,CD00-m000-wk00
1398,532,140,CD00,m000,wk00,REJOc,CD00-m000-wk00
1399,533,142,CD00,m000,wk00,REJOc,CD00-m000-wk00
1400,534,140,CD00,m000,wk00,REJOc,CD00-m000-wk00
1401,535,137,CD00,m000,wk00,REJOc,CD00-m000-wk00
1402,536,136,CD00,m000,wk00,REJOc,CD00-m000-wk00
1403,537,133,CD00,m000,wk00,REJOc,CD00-m000-wk00
1404,538,141,CD00,m000,wk00,REJOc,CD00-m000-wk00
1405,539,142,CD00,m000,wk00,REJOc,CD00-m000-wk00
1406,540,144,CD00,m000,wk00,REJOc,CD00-m000-wk00
1407,541,138,CD00,m000,wk00,REJOc,CD00-m000-wk00
1408,542,137,CD00,m000,wk00,REJOc,CD00-m000-wk00
1409,543,141,CD00,m000,wk00,REJOc,CD00-m000-wk00
1410,544,145,CD00,m000,wk00,REJOc,CD00-m000-wk00
1411,545,153,CD00,m000,wk00,REJOc,CD00-m000-wk00
1412,546,152,CD00,m000,wk00,REJOc,CD00-m000-wk00
1413,547,153,CD00,m000,wk00,REJOc,CD00-m000-wk00
1414,548,158,CD00,m000,wk00,REJOc,CD00-m000-wk00
1415,549,153,CD00,m000,wk00,REJOc,CD00-m000-wk00
1416,550,155,CD00,m000,wk00,REJOc,CD00-m000-wk00
1417,551,147,CD00,m000,wk00,REJOc,CD00-m000-wk00
1418,552,144,CD00,m000,wk00,REJOc,CD00-m000-wk00
1419,553,147,CD00,m000,wk00,REJOc,CD00-m000-wk00
1420,554,147,CD00,m000,wk00,REJOc,CD00-m000-wk00
1421,555,146,CD00,m000,wk00,REJOc,CD00-m000-wk00
1422,556,144,CD00,m000,wk00,REJOc,CD00-m000-wk00
1423,557,144,CD00,m000,wk00,REJOc,CD00-m000-wk00
1424,558,146,CD00,m000,wk00,REJOc,CD00-m000-wk00
1425,559,142,CD00,m000,wk00,REJOc,CD00-m000-wk00
1426,560,138,CD00,m000,wk00,REJOc,CD00-m000-wk00
1427,561,138,CD00,m000,wk00,REJOc,CD00-m000-wk00
1428,562,138,CD00,m000,wk00,REJOc,CD00-m000-wk00
1429,563,140,CD00,m000,wk00,REJOc,CD00-m000-wk00
1430,564,134,CD00,m000,wk00,REJOc,CD00-m000-wk00
1431,565,136,CD00,m000,wk00,REJOc,CD00-m000-wk00
1432,566,136,CD00,m000,wk00,REJOc,CD00-m000-wk00
1433,567,138,CD00,m000,wk00,REJOc,CD00-m000-wk00
1434,568,135,CD00,m000,wk00,REJOc,CD00-m000-wk00
1435,569,138,CD00,m000,wk00,REJOc,CD00-m000-wk00
1436,570,139,CD00,m000,wk00,REJOc,CD00-m000-wk00
1437,571,139,CD00,m000,wk00,REJOc,CD00-m000-wk00
1438,572,132,CD00,m000,wk00,REJOc,CD00-m000-wk00
1439,573,133,CD00,m000,wk00,REJOc,CD00-m000-wk00
1440,574,130,CD00,m000,wk00,REJOc,CD00-m000-wk00
1441,575,130,CD00,m000,wk00,REJOc,CD00-m000-wk00
1442,576,130,CD00,m000,wk00,REJOc,CD00-m000-wk00
1443,577,132,CD00,m000,wk00,REJOc,CD00-m000-wk00
1444,578,130,CD00,m000,wk00,REJOc,CD00-m000-wk00
1445,579,133,CD00,m000,wk00,REJOc,CD00-m000-wk00
1446,580,132,CD00,m000,wk00,REJOc,CD00-m000-wk00
1447,581,130,CD00,m000,wk00,REJOc,CD00-m000-wk00
1448,582,130,CD00,m000,wk00,REJOc,CD00-m000-wk00
1449,583,129,CD00,m000,wk00,REJOc,CD00-m000-wk00
1450,584,128,CD00,m000,wk00,REJOc,CD00-m000-wk00
1451,585,129,CD00,m000,wk00,REJOc,CD00-m000-wk00
1452,586,131,CD00,m000,wk00,REJOc,CD00-m000-wk00
1453,587,130,CD00,m000,wk00,REJOc,CD00-m000-wk00
1454,588,135,CD00,m000,wk00,REJOc,CD00-m000-wk00
1455,589,135,CD00,m000,wk00,REJOc,CD00-m000-wk00
1456,590,135,CD00,m000,wk00,REJOc,CD00-m000-wk00
1457,591,139,CD00,m000,wk00,REJOc,CD00-m000-wk00
1458,592,131,CD00,m000,wk00,REJOc,CD00-m000-wk00
1459,593,131,CD00,m000,wk00,REJOc,CD00-m000-wk00
1460,595,130,CD00,m000,wk00,REJOc,CD00-m000-wk00
1461,594,127,CD00,m000,wk00,REJOc,CD00-m000-wk00
1462,596,128,CD00,m000,wk00,REJOc,CD00-m000-wk00
1463,597,127,CD00,m000,wk00,REJOc,CD00-m000-wk00
1464,598,130,CD00,m000,wk00,REJOc,CD00-m000-wk00
1465,599,133,CD00,m000,wk00,REJOc,CD00-m000-wk00
1466,600,133,CD00,m000,wk00,REJOc,CD00-m000-wk00
1467,601,134,CD00,m000,wk00,REJOc,CD00-m000-wk00
1468,602,134,CD00,m000,wk00,REJOc,CD00-m000-wk00
1469,603,133,CD00,m000,wk00,REJOc,CD00-m000-wk00
1470,604,138,CD00,m000,wk00,REJOc,CD00-m000-wk00
1471,605,131,CD00,m000,wk00,REJOc,CD00-m000-wk00
1472,606,133,CD00,m000,wk00,REJOc,CD00-m000-wk00
1473,607,132,CD00,m000,wk00,REJOc,CD00-m000-wk00
1474,608,140,CD00,m000,wk00,REJOc,CD00-m000-wk00
1475,609,136,CD00,m000,wk00,REJOc,CD00-m000-wk00
1476,610,135,CD00,m000,wk00,REJOc,CD00-m000-wk00
1477,611,134,CD00,m000,wk00,REJOc,CD00-m000-wk00
1478,612,128,CD00,m000,wk00,REJOc,CD00-m000-wk00
1479,613,126,CD00,m000,wk00,REJOc,CD00-m000-wk00
1480,614,127,CD00,m000,wk00,REJOc,CD00-m000-wk00
1481,615,126,CD00,m000,wk00,REJOc,CD00-m000-wk00
1482,616,125,CD00,m000,wk00,REJOc,CD00-m000-wk00
1483,617,128,CD00,m000,wk00,REJOc,CD00-m000-wk00
1484,618,129,CD00,m000,wk00,REJOc,CD00-m000-wk00
1485,619,129,CD00,m000,wk00,REJOc,CD00-m000-wk00
1486,620,127,CD00,m000,wk00,REJOc,CD00-m000-wk00
1487,621,133,CD00,m000,wk00,REJOc,CD00-m000-wk00
1488,622,133,CD00,m000,wk00,REJOc,CD00-m000-wk00
1489,623,139,CD00,m000,wk00,REJOc,CD00-m000-wk00
1490,624,140,CD00,m000,wk00,REJOc,CD00-m000-wk00
1491,625,141,CD00,m000,wk00,REJOc,CD00-m000-wk00
1492,626,144,CD00,m000,wk00,REJOc,CD00-m000-wk00
1493,627,146,CD00,m000,wk00,REJOc,CD00-m000-wk00
1494,628,145,CD00,m000,wk00,REJOc,CD00-m000-wk00
1495,629,141,CD00,m000,wk00,REJOc,CD00-m000-wk00
1496,630,140,CD00,m000,wk00,REJOc,CD00-m000-wk00
1497,631,135,CD00,m000,wk00,REJOc,CD00-m000-wk00
1498,632,137,CD00,m000,wk00,REJOc,CD00-m000-wk00
1499,633,137,CD00,m000,wk00,REJOc,CD00-m000-wk00
1500,634,136,CD00,m000,wk00,REJOc,CD00-m000-wk00
1501,635,136,CD00,m000,wk00,REJOc,CD00-m000-wk00
1502,636,137,CD00,m000,wk00,REJOc,CD00-m000-wk00
1503,637,137,CD00,m000,wk00,REJOc,CD00-m000-wk00
1504,638,133,CD00,m000,wk00,REJOc,CD00-m000-wk00
1505,639,144,CD00,m000,wk00,REJOc,CD00-m000-wk00
1506,640,149,CD00,m000,wk00,REJOc,CD00-m000-wk00
1507,641,162,CD00,m000,wk00,REJOc,CD00-m000-wk00
1508,642,151,CD00,m000,wk00,REJOc,CD00-m000-wk00
1509,643,140,CD00,m000,wk00,REJOc,CD00-m000-wk00
1510,644,139,CD00,m000,wk00,REJOc,CD00-m000-wk00
1511,645,135,CD00,m000,wk00,REJOc,CD00-m000-wk00
1512,646,135,CD00,m000,wk00,REJOc,CD00-m000-wk00
1513,647,135,CD00,m000,wk00,REJOc,CD00-m000-wk00
1514,648,131,CD00,m000,wk00,REJOc,CD00-m000-wk00
1515,649,133,CD00,m000,wk00,REJOc,CD00-m000-wk00
1516,650,133,CD00,m000,wk00,REJOc,CD00-m000-wk00
1517,651,134,CD00,m000,wk00,REJOc,CD00-m000-wk00
1518,652,137,CD00,m000,wk00,REJOc,CD00-m000-wk00
1519,653,138,CD00,m000,wk00,REJOc,CD00-m000-wk00
1520,654,139,CD00,m000,wk00,REJOc,CD00-m000-wk00
1521,655,140,CD00,m000,wk00,REJOc,CD00-m000-wk00
1522,656,136,CD00,m000,wk00,REJOc,CD00-m000-wk00
1523,657,136,CD00,m000,wk00,REJOc,CD00-m000-wk00
1524,658,137,CD00,m000,wk00,REJOc,CD00-m000-wk00
1525,659,136,CD00,m000,wk00,REJOc,CD00-m000-wk00
1526,660,137,CD00,m000,wk00,REJOc,CD00-m000-wk00
1527,661,136,CD00,m000,wk00,REJOc,CD00-m000-wk00
1528,662,135,CD00,m000,wk00,REJOc,CD00-m000-wk00
1529,663,140,CD00,m000,wk00,REJOc,CD00-m000-wk00
1530,664,136,CD00,m000,wk00,REJOc,CD00-m000-wk00
1531,665,135,CD00,m000,wk00,REJOc,CD00-m000-wk00
1532,666,136,CD00,m000,wk00,REJOc,CD00-m000-wk00
1533,667,137,CD00,m000,wk00,REJOc,CD00-m000-wk00
1534,668,137,CD00,m000,wk00,REJOc,CD00-m000-wk00
1535,669,139,CD00,m000,wk00,REJOc,CD00-m000-wk00
1536,670,137,CD00,m000,wk00,REJOc,CD00-m000-wk00
1537,671,136,CD00,m000,wk00,REJOc,CD00-m000-wk00
1538,672,134,CD00,m000,wk00,REJOc,CD00-m000-wk00
1539,673,133,CD00,m000,wk00,REJOc,CD00-m000-wk00
1540,674,135,CD00,m000,wk00,REJOc,CD00-m000-wk00
1541,675,138,CD00,m000,wk00,REJOc,CD00-m000-wk00
1542,676,141,CD00,m000,wk00,REJOc,CD00-m000-wk00
1543,677,139,CD00,m000,wk00,REJOc,CD00-m000-wk00
1544,678,132,CD00,m000,wk00,REJOc,CD00-m000-wk00
1545,679,131,CD00,m000,wk00,REJOc,CD00-m000-wk00
1546,680,129,CD00,m000,wk00,REJOc,CD00-m000-wk00
1547,681,129,CD00,m000,wk00,REJOc,CD00-m000-wk00
1548,682,128,CD00,m000,wk00,REJOc,CD00-m000-wk00
1549,683,129,CD00,m000,wk00,REJOc,CD00-m000-wk00
1550,684,130,CD00,m000,wk00,REJOc,CD00-m000-wk00
1551,685,127,CD00,m000,wk00,REJOc,CD00-m000-wk00
1552,686,131,CD00,m000,wk00,REJOc,CD00-m000-wk00
1553,687,133,CD00,m000,wk00,REJOc,CD00-m000-wk00
1554,688,134,CD00,m000,wk00,REJOc,CD00-m000-wk00
1555,689,134,CD00,m000,wk00,REJOc,CD00-m000-wk00
1556,690,127,CD00,m000,wk00,REJOc,CD00-m000-wk00
1557,691,129,CD00,m000,wk00,REJOc,CD00-m000-wk00
1558,692,129,CD00,m000,wk00,REJOc,CD00-m000-wk00
1559,693,128,CD00,m000,wk00,REJOc,CD00-m000-wk00
1560,694,133,CD00,m000,wk00,REJOc,CD00-m000-wk00
1561,695,140,CD00,m000,wk00,REJOc,CD00-m000-wk00
1562,696,132,CD00,m000,wk00,REJOc,CD00-m000-wk00
1563,697,131,CD00,m000,wk00,REJOc,CD00-m000-wk00
1564,698,128,CD00,m000,wk00,REJOc,CD00-m000-wk00
1565,699,128,CD00,m000,wk00,REJOc,CD00-m000-wk00
1566,700,130,CD00,m000,wk00,REJOc,CD00-m000-wk00
1567,701,133,CD00,m000,wk00,REJOc,CD00-m000-wk00
1568,702,136,CD00,m000,wk00,REJOc,CD00-m000-wk00
1569,703,139,CD00,m000,wk00,REJOc,CD00-m000-wk00
1570,704,139,CD00,m000,wk00,REJOc,CD00-m000-wk00
1571,705,138,CD00,m000,wk00,REJOc,CD00-m000-wk00
1572,707,137,CD00,m000,wk00,REJOc,CD00-m000-wk00
1573,706,133,CD00,m000,wk00,REJOc,CD00-m000-wk00
1574,708,138,CD00,m000,wk00,REJOc,CD00-m000-wk00
1575,709,139,CD00,m000,wk00,REJOc,CD00-m000-wk00
1576,710,138,CD00,m000,wk00,REJOc,CD00-m000-wk00
1577,711,141,CD00,m000,wk00,REJOc,CD00-m000-wk00
1578,712,139,CD00,m000,wk00,REJOc,CD00-m000-wk00
1579,713,142,CD00,m000,wk00,REJOc,CD00-m000-wk00
1580,714,140,CD00,m000,wk00,REJOc,CD00-m000-wk00
1581,715,138,CD00,m000,wk00,REJOc,CD00-m000-wk00
1582,716,141,CD00,m000,wk00,REJOc,CD00-m000-wk00
1583,717,141,CD00,m000,wk00,REJOc,CD00-m000-wk00
1584,718,144,CD00,m000,wk00,REJOc,CD00-m000-wk00
1585,719,139,CD00,m000,wk00,REJOc,CD00-m000-wk00
1586,720,141,CD00,m000,wk00,REJOc,CD00-m000-wk00
1587,721,143,CD00,m000,wk00,REJOc,CD00-m000-wk00
1588,722,145,CD00,m000,wk00,REJOc,CD00-m000-wk00
1589,723,145,CD00,m000,wk00,REJOc,CD00-m000-wk00
1590,724,145,CD00,m000,wk00,REJOc,CD00-m000-wk00
1591,725,143,CD00,m000,wk00,REJOc,CD00-m000-wk00
1592,726,145,CD00,m000,wk00,REJOc,CD00-m000-wk00
1593,727,144,CD00,m000,wk00,REJOc,CD00-m000-wk00
1594,728,140,CD00,m000,wk00,REJOc,CD00-m000-wk00
1595,729,142,CD00,m000,wk00,REJOc,CD00-m000-wk00
1596,730,142,CD00,m000,wk00,REJOc,CD00-m000-wk00
1597,731,139,CD00,m000,wk00,REJOc,CD00-m000-wk00
1598,732,139,CD00,m000,wk00,REJOc,CD00-m000-wk00
1599,733,139,CD00,m000,wk00,REJOc,CD00-m000-wk00
1600,734,139,CD00,m000,wk00,REJOc,CD00-m000-wk00
1601,735,139,CD00,m000,wk00,REJOc,CD00-m000-wk00
1602,736,142,CD00,m000,wk00,REJOc,CD00-m000-wk00
1603,737,139,CD00,m000,wk00,REJOc,CD00-m000-wk00
1604,738,139,CD00,m000,wk00,REJOc,CD00-m000-wk00
1605,739,135,CD00,m000,wk00,REJOc,CD00-m000-wk00
1606,740,135,CD00,m000,wk00,REJOc,CD00-m000-wk00
1607,741,130,CD00,m000,wk00,REJOc,CD00-m000-wk00
1608,742,132,CD00,m000,wk00,REJOc,CD00-m000-wk00
1609,743,130,CD00,m000,wk00,REJOc,CD00-m000-wk00
1610,744,139,CD00,m000,wk00,REJOc,CD00-m000-wk00
1611,745,139,CD00,m000,wk00,REJOc,CD00-m000-wk00
1612,746,140,CD00,m000,wk00,REJOc,CD00-m000-wk00
1613,747,136,CD00,m000,wk00,REJOc,CD00-m000-wk00
1614,748,134,CD00,m000,wk00,REJOc,CD00-m000-wk00
1615,749,134,CD00,m000,wk00,REJOc,CD00-m000-wk00
1616,750,133,CD00,m000,wk00,REJOc,CD00-m000-wk00
1617,751,135,CD00,m000,wk00,REJOc,CD00-m000-wk00
1618,752,133,CD00,m000,wk00,REJOc,CD00-m000-wk00
1619,753,133,CD00,m000,wk00,REJOc,CD00-m000-wk00
1620,754,135,CD00,m000,wk00,REJOc,CD00-m000-wk00
1621,755,138,CD00,m000,wk00,REJOc,CD00-m000-wk00
1622,756,137,CD00,m000,wk00,REJOc,CD00-m000-wk00
1623,757,137,CD00,m000,wk00,REJOc,CD00-m000-wk00
1624,758,141,CD00,m000,wk00,REJOc,CD00-m000-wk00
1625,759,140,CD00,m000,wk00,REJOc,CD00-m000-wk00
1626,760,140,CD00,m000,wk00,REJOc,CD00-m000-wk00
1627,761,138,CD00,m000,wk00,REJOc,CD00-m000-wk00
1628,762,137,CD00,m000,wk00,REJOc,CD00-m000-wk00
1629,763,137,CD00,m000,wk00,REJOc,CD00-m000-wk00
1630,764,135,CD00,m000,wk00,REJOc,CD00-m000-wk00
1631,765,133,CD00,m000,wk00,REJOc,CD00-m000-wk00
1632,766,138,CD00,m000,wk00,REJOc,CD00-m000-wk00
1633,767,137,CD00,m000,wk00,REJOc,CD00-m000-wk00
1634,768,137,CD00,m000,wk00,REJOc,CD00-m000-wk00
1635,769,135,CD00,m000,wk00,REJOc,CD00-m000-wk00
1636,770,137,CD00,m000,wk00,REJOc,CD00-m000-wk00
1637,771,133,CD00,m000,wk00,REJOc,CD00-m000-wk00
1638,772,138,CD00,m000,wk00,REJOc,CD00-m000-wk00
1639,773,139,CD00,m000,wk00,REJOc,CD00-m000-wk00
1640,774,140,CD00,m000,wk00,REJOc,CD00-m000-wk00
1641,775,140,CD00,m000,wk00,REJOc,CD00-m000-wk00
1642,776,141,CD00,m000,wk00,REJOc,CD00-m000-wk00
1643,777,138,CD00,m000,wk00,REJOc,CD00-m000-wk00
1644,778,136,CD00,m000,wk00,REJOc,CD00-m000-wk00
1645,779,135,CD00,m000,wk00,REJOc,CD00-m000-wk00
1646,780,135,CD00,m000,wk00,REJOc,CD00-m000-wk00
1647,781,136,CD00,m000,wk00,REJOc,CD00-m000-wk00
1648,782,135,CD00,m000,wk00,REJOc,CD00-m000-wk00
1649,783,136,CD00,m000,wk00,REJOc,CD00-m000-wk00
1650,784,137,CD00,m000,wk00,REJOc,CD00-m000-wk00
1651,785,138,CD00,m000,wk00,REJOc,CD00-m000-wk00
1652,786,131,CD00,m000,wk00,REJOc,CD00-m000-wk00
1653,787,129,CD00,m000,wk00,REJOc,CD00-m000-wk00
1654,788,128,CD00,m000,wk00,REJOc,CD00-m000-wk00
1655,789,124,CD00,m000,wk00,REJOc,CD00-m000-wk00
1656,790,122,CD00,m000,wk00,REJOc,CD00-m000-wk00
1657,791,122,CD00,m000,wk00,REJOc,CD00-m000-wk00
1658,792,123,CD00,m000,wk00,REJOc,CD00-m000-wk00
1659,793,123,CD00,m000,wk00,REJOc,CD00-m000-wk00
1660,794,120,CD00,m000,wk00,REJOc,CD00-m000-wk00
1661,795,113,CD00,m000,wk00,REJOc,CD00-m000-wk00
1662,796,114,CD00,m000,wk00,REJOc,CD00-m000-wk00
1663,797,113,CD00,m000,wk00,REJOc,CD00-m000-wk00
1664,798,118,CD00,m000,wk00,REJOc,CD00-m000-wk00
1665,799,118,CD00,m000,wk00,REJOc,CD00-m000-wk00
1666,800,113,CD00,m000,wk00,REJOc,CD00-m000-wk00
1667,801,104,CD00,m000,wk00,REJOc,CD00-m000-wk00
1668,802,101,CD00,m000,wk00,REJOc,CD00-m000-wk00
1669,803,99,CD00,m000,wk00,REJOc,CD00-m000-wk00
1670,804,99,CD00,m000,wk00,REJOc,CD00-m000-wk00
1671,805,97,CD00,m000,wk00,REJOc,CD00-m000-wk00
1672,806,99,CD00,m000,wk00,REJOc,CD00-m000-wk00
1673,807,98,CD00,m000,wk00,REJOc,CD00-m000-wk00
1674,808,96,CD00,m000,wk00,REJOc,CD00-m000-wk00
1675,809,89,CD00,m000,wk00,REJOc,CD00-m000-wk00
1676,810,88,CD00,m000,wk00,REJOc,CD00-m000-wk00
1677,811,95,CD00,m000,wk00,REJOc,CD00-m000-wk00
1678,812,93,CD00,m000,wk00,REJOc,CD00-m000-wk00
1679,813,88,CD00,m000,wk00,REJOc,CD00-m000-wk00
1680,814,89,CD00,m000,wk00,REJOc,CD00-m000-wk00
1681,815,87,CD00,m000,wk00,REJOc,CD00-m000-wk00
1682,816,85,CD00,m000,wk00,REJOc,CD00-m000-wk00
1683,817,85,CD00,m000,wk00,REJOc,CD00-m000-wk00
1684,818,85,CD00,m000,wk00,REJOc,CD00-m000-wk00
1685,819,85,CD00,m000,wk00,REJOc,CD00-m000-wk00
1686,820,82,CD00,m000,wk00,REJOc,CD00-m000-wk00
1687,821,79,CD00,m000,wk00,REJOc,CD00-m000-wk00
1688,822,78,CD00,m000,wk00,REJOc,CD00-m000-wk00
1689,823,75,CD00,m000,wk00,REJOc,CD00-m000-wk00
1690,824,75,CD00,m000,wk00,REJOc,CD00-m000-wk00
1691,825,75,CD00,m000,wk00,REJOc,CD00-m000-wk00
1692,826,75,CD00,m000,wk00,REJOc,CD00-m000-wk00
1693,827,75,CD00,m000,wk00,REJOc,CD00-m000-wk00
1694,828,73,CD00,m000,wk00,REJOc,CD00-m000-wk00
1695,829,73,CD00,m000,wk00,REJOc,CD00-m000-wk00
1696,830,70,CD00,m000,wk00,REJOc,CD00-m000-wk00
1697,831,70,CD00,m000,wk00,REJOc,CD00-m000-wk00
1698,832,67,CD00,m000,wk00,REJOc,CD00-m000-wk00
1699,833,65,CD00,m000,wk00,REJOc,CD00-m000-wk00
1700,834,65,CD00,m000,wk00,REJOc,CD00-m000-wk00
1701,835,65,CD00,m000,wk00,REJOc,CD00-m000-wk00
1702,836,65,CD00,m000,wk00,REJOc,CD00-m000-wk00
1703,837,63,CD00,m000,wk00,REJOc,CD00-m000-wk00
1704,838,63,CD00,m000,wk00,REJOc,CD00-m000-wk00
1705,839,61,CD00,m000,wk00,REJOc,CD00-m000-wk00
1706,840,60,CD00,m000,wk00,REJOc,CD00-m000-wk00
1707,841,59,CD00,m000,wk00,REJOc,CD00-m000-wk00
1708,842,55,CD00,m000,wk00,REJOc,CD00-m000-wk00
1709,843,53,CD00,m000,wk00,REJOc,CD00-m000-wk00
1710,844,50,CD00,m000,wk00,REJOc,CD00-m000-wk00
1711,845,48,CD00,m000,wk00,REJOc,CD00-m000-wk00
1712,846,44,CD00,m000,wk00,REJOc,CD00-m000-wk00
1713,847,42,CD00,m000,wk00,REJOc,CD00-m000-wk00
1714,848,39,CD00,m000,wk00,REJOc,CD00-m000-wk00
1715,849,39,CD00,m000,wk00,REJOc,CD00-m000-wk00
1716,850,38,CD00,m000,wk00,REJOc,CD00-m000-wk00
1717,851,37,CD00,m000,wk00,REJOc,CD00-m000-wk00
1718,852,36,CD00,m000,wk00,REJOc,CD00-m000-wk00
1719,853,34,CD00,m000,wk00,REJOc,CD00-m000-wk00
1720,854,34,CD00,m000,wk00,REJOc,CD00-m000-wk00
1721,855,31,CD00,m000,wk00,REJOc,CD00-m000-wk00
1722,856,29,CD00,m000,wk00,REJOc,CD00-m000-wk00
1723,857,26,CD00,m000,wk00,REJOc,CD00-m000-wk00
1724,858,26,CD00,m000,wk00,REJOc,CD00-m000-wk00
1725,859,27,CD00,m000,wk00,REJOc,CD00-m000-wk00
1726,860,27,CD00,m000,wk00,REJOc,CD00-m000-wk00
1727,861,26,CD00,m000,wk00,REJOc,CD00-m000-wk00
1728,862,27,CD00,m000,wk00,REJOc,CD00-m000-wk00
1729,863,27,CD00,m000,wk00,REJOc,CD00-m000-wk00
1730,864,27,CD00,m000,wk00,REJOc,CD00-m000-wk00
1731,865,14,CD00,m000,wk00,REJOc,CD00-m000-wk00
1732,866,14,CD00,m000,wk00,REJOc,CD00-m000-wk00
1733,867,12,CD00,m000,wk00,REJOc,CD00-m000-wk00
1734,868,12,CD00,m000,wk00,REJOc,CD00-m000-wk00
1735,869,8,CD00,m000,wk00,REJOc,CD00-m000-wk00
1736,870,5,CD00,m000,wk00,REJOc,CD00-m000-wk00
1737,871,4,CD00,m000,wk00,REJOc,CD00-m000-wk00
