"ID","PathID","AUC","Frequency","NormAUC","Virus","Antibody"
1,"REJOc-VRC07-A",548.44082,0.647058823529412,354.873471764706,"REJOc","VRC07"
1,"REJOc-VRC07-B",402.48011,0.352941176470588,142.051803529412,"REJOc","VRC07"
2,"REJOc-N6-A",88.394165,0.588235294117647,51.9965676470588,"REJOc","N6"
2,"REJOc-N6-B",406.321565,0.411764705882353,167.308879705882,"REJOc","N6"
3,"REJOc-PGDM1400-A",47.654406,0.56,26.68646736,"REJOc","PGDM1400"
3,"REJOc-PGDM1400-B",73.746673,0.44,32.44853612,"REJOc","PGDM1400"
4,"JRCSF-VRC07-A",331.861224,0.642857142857143,213.339358285714,"JRCSF","VRC07"
4,"JRCSF-VRC07-B",258.891738,0.357142857142857,92.461335,"JRCSF","VRC07"
5,"RV-VRC07-A",405.951889,0.555555555555556,225.528827222222,"RV","VRC07"
5,"RV-VRC07-B",359.95734,0.333333333333333,119.98578,"RV","VRC07"
5,"RV-VRC07-C",346.9588805,0.111111111111111,38.5509867222222,"RV","VRC07"
6,"REJOc+M184I/V-VRC07-A",586.354002,0.59,345.94886118,"REJOc+M184I/V","VRC07"
6,"REJOc+M184I/V-VRC07-B",885.149177,0.41,362.91116257,"REJOc+M184I/V","VRC07"
7,"JRCSF-N6-A",13.7819,1,13.7819,"JRCSF","N6"
8,"JRCSF-PGDM1400-A",106.288481,0.33,35.07519873,"JRCSF","PGDM1400"
8,"JRCSF-PGDM1400-B",199.9027,0.67,133.934809,"JRCSF","PGDM1400"
