,POS_AA,REF_AA,ALT_AA,ALT_FREQ
0,643,T,N,0.014285714285714285
1,98,N,*,0.008620689655172414
2,87,N,K,0.008097165991902834
3,584,S,R,0.015625
4,584,S,L,0.0078125
5,584,S,V,0.0234375
6,793,K,R,0.008130081300813009
7,122,T,N,0.004629629629629629
8,391,N,*,0.005235602094240838
9,391,N,K,0.005235602094240838
10,224,F,V,0.0047169811320754715
11,45,K,R,0.004784688995215311
12,339,N,K,0.005208333333333333
13,385,N,*,0.005434782608695652
14,781,V,G,0.007352941176470588
15,252,I,L,0.00904977375565611
16,554,L,A,0.006802721088435374
17,554,L,C,0.02040816326530612
18,226,I,D,0.009523809523809525
19,310,I,*,0.008888888888888889
20,290,N,M,0.008097165991902834
21,102,Q,T,0.008658008658008658
22,102,Q,K,0.004329004329004329
23,211,F,*,0.009389671361502348
24,211,F,L,0.009389671361502348
25,211,F,V,0.004694835680751174
26,136,T,N,0.005050505050505051
27,38,Y,*,0.005319148936170213
28,48,T,N,0.0047169811320754715
29,666,A,E,0.007352941176470588
30,666,A,S,0.007352941176470588
31,556,R,S,0.013888888888888888
32,556,R,E,0.020833333333333332
33,623,N,I,0.007194244604316547
34,623,N,T,0.007194244604316547
35,271,V,*,0.008130081300813009
36,709,Q,K,0.007194244604316547
37,514,I,R,0.019230769230769232
38,138,S,F,0.0055248618784530384
39,138,S,Si,0.0055248618784530384
40,605,T,Y,0.007633587786259542
41,605,T,L,0.022900763358778626
42,634,I,M,0.007352941176470588
43,205,A,L,0.009216589861751152
44,205,A,G,0.009216589861751152
45,272,V,*,0.008064516129032258
46,309,H,I,0.008620689655172414
47,234,F,V,0.009216589861751152
48,192,Y,*,0.014285714285714285
49,192,Y,L,0.009523809523809525
50,719,H,N,0.007194244604316547
51,183,V,T,0.014423076923076924
52,183,V,S,0.009615384615384616
53,498,T,N,0.006211180124223602
54,390,F,V,0.0051813471502590676
55,319,T,K,0.009900990099009901
56,523,G,S,0.006802721088435374
57,523,G,E,0.006802721088435374
58,301,N,K,0.004201680672268907
59,301,N,T,0.008403361344537815
60,386,T,Y,0.005555555555555556
61,154,E,K,0.004739336492890996
62,207,P,Q,0.013513513513513514
63,207,P,K,0.009009009009009009
64,207,P,S,0.009009009009009009
65,782,E,D,0.007407407407407408
66,539,Q,P,0.007042253521126761
67,539,Q,G,0.007042253521126761
68,539,Q,R,0.02112676056338028
69,569,V,G,0.007246376811594203
70,569,V,L,0.007246376811594203
71,569,V,S,0.021739130434782608
72,515,G,S,0.006329113924050633
73,88,V,C,0.00816326530612245
74,588,D,S,0.007407407407407408
75,588,D,I,0.022222222222222223
76,591,L,P,0.007194244604316547
77,591,L,S,0.02158273381294964
78,642,Y,*,0.006622516556291391
79,642,Y,S,0.006622516556291391
80,642,Y,V,0.006622516556291391
81,509,K,N,0.006329113924050633
82,405,G,A,0.00980392156862745
83,405,G,E,0.00980392156862745
84,405,G,R,0.004901960784313725
85,511,A,S,0.006493506493506494
86,222,A,G,0.009259259259259259
87,518,F,P,0.006369426751592357
88,518,F,C,0.006369426751592357
89,96,K,E,0.008658008658008658
90,544,L,V,0.006896551724137931
91,544,L,C,0.020689655172413793
92,177,F,L,0.0196078431372549
93,240,C,M,0.009708737864077669
94,522,L,M,0.00684931506849315
95,522,L,G,0.00684931506849315
96,308,I,Y,0.008658008658008658
97,396,T,Y,0.005235602094240838
98,818,A,S,0.011764705882352941
99,599,G,K,0.007518796992481203
100,599,G,E,0.022556390977443608
101,259,Q,N,0.008583690987124463
102,259,Q,K,0.004291845493562232
103,619,D,I,0.015503875968992248
104,199,T,L,0.010309278350515464
105,199,T,H,0.010309278350515464
106,104,H,A,0.008583690987124463
107,104,H,N,0.008583690987124463
108,206,C,S,0.009345794392523364
109,206,C,L,0.009345794392523364
110,531,A,T,0.007042253521126761
111,531,A,S,0.014084507042253521
112,531,A,Q,0.02112676056338028
113,531,A,Ri,0.014084507042253521
114,589,Q,T,0.007407407407407408
115,589,Q,N,0.022222222222222223
116,397,N,*,0.005076142131979695
117,267,A,Q,0.008333333333333333
118,497,P,T,0.006211180124223602
119,547,I,S,0.006535947712418301
120,547,I,*,0.0196078431372549
121,547,I,L,0.006535947712418301
122,436,P,T,0.004975124378109453
123,436,P,H,0.004975124378109453
124,116,K,M,0.004424778761061947
125,116,K,N,0.004424778761061947
126,425,W,G,0.004761904761904762
127,256,I,Y,0.008849557522123894
128,543,L,V,0.0070921985815602835
129,543,L,C,0.02127659574468085
130,543,L,W,0.0070921985815602835
131,542,Q,V,0.0072992700729927005
132,542,Q,S,0.021897810218978103
133,513,G,N,0.006369426751592357
134,552,S,Q,0.006944444444444444
135,552,S,A,0.020833333333333332
136,55,S,L,0.00904977375565611
137,821,V,G,0.02531645569620253
138,187,N,*,0.014634146341463415
139,187,N,K,0.00975609756097561
140,79,N,K,0.004048582995951417
141,557,A,Y,0.006944444444444444
142,557,A,L,0.020833333333333332
143,557,A,G,0.006944444444444444
144,557,A,D,0.006944444444444444
145,153,G,R,0.004761904761904762
146,664,K,R,0.007352941176470588
147,294,K,R,0.008097165991902834
148,727,D,N,0.006944444444444444
149,727,D,E,0.006944444444444444
150,176,I,F,0.014423076923076924
151,176,I,M,0.004807692307692308
152,176,I,Ii,0.014423076923076924
153,610,N,I,0.022222222222222223
154,369,E,K,0.005434782608695652
155,245,T,H,0.00966183574879227
156,245,T,Q,0.00966183574879227
157,216,I,T,0.004545454545454545
158,216,I,H,0.00909090909090909
159,216,I,V,0.004545454545454545
160,60,Y,*,0.008771929824561403
161,662,L,V,0.007407407407407408
162,190,I,*,0.014423076923076924
163,190,I,Y,0.009615384615384616
164,771,T,P,0.007518796992481203
165,185,I,K,0.014778325123152709
166,185,I,N,0.009852216748768473
167,77,D,E,0.004166666666666667
168,585,Y,P,0.007751937984496124
169,585,Y,T,0.023255813953488372
170,585,Y,*,0.007751937984496124
171,237,T,N,0.008888888888888889
172,5,G,E,0.011235955056179775
173,120,K,T,0.009009009009009009
174,614,S,V,0.023622047244094488
175,481,E,D,0.005714285714285714
176,137,N,K,0.031088082901554404
177,162,I,N,0.004651162790697674
178,28,S,I,0.007194244604316547
179,109,S,R,0.004273504273504274
180,39,Y,H,0.005235602094240838
181,214,I,S,0.0136986301369863
182,214,I,M,0.0045662100456621
183,214,I,N,0.0091324200913242
184,519,L,W,0.006535947712418301
185,519,L,V,0.006535947712418301
186,250,H,Q,0.009433962264150943
187,250,H,M,0.009433962264150943
188,606,T,L,0.022556390977443608
189,549,Q,T,0.006535947712418301
190,549,Q,N,0.0196078431372549
191,106,D,G,0.008298755186721992
192,112,D,E,0.004366812227074236
193,112,D,N,0.008733624454148471
194,112,D,H,0.004366812227074236
195,112,D,Y,0.004366812227074236
196,303,N,I,0.008583690987124463
197,232,K,*,0.009174311926605505
198,570,W,G,0.03597122302158273
199,707,V,G,0.0072992700729927005
200,383,Y,*,0.005405405405405406
201,383,Y,L,0.005405405405405406
202,682,K,*,0.0078125
203,354,R,M,0.0058823529411764705
204,521,F,C,0.006711409395973154
205,521,F,V,0.020134228187919462
206,521,F,L,0.013422818791946308
207,521,F,S,0.006711409395973154
208,201,V,H,0.009478672985781991
209,201,V,S,0.009478672985781991
210,91,N,T,0.0041841004184100415
211,91,N,K,0.012552301255230125
212,91,N,D,0.0041841004184100415
213,126,V,G,0.004651162790697674
214,574,Q,A,0.007692307692307693
215,574,Q,S,0.023076923076923078
216,277,N,I,0.008298755186721992
217,277,N,K,0.004149377593360996
218,561,Q,T,0.007246376811594203
219,561,Q,N,0.021739130434782608
220,568,T,S,0.007407407407407408
221,568,T,Q,0.022222222222222223
222,659,L,V,0.007352941176470588
223,520,G,V,0.00641025641025641
224,520,G,W,0.00641025641025641
225,609,W,G,0.022058823529411766
226,527,S,H,0.006944444444444444
227,527,S,R,0.013888888888888888
228,296,N,I,0.008333333333333333
229,296,N,D,0.004166666666666667
230,528,T,Y,0.006944444444444444
231,157,N,H,0.004694835680751174
232,242,N,K,0.014492753623188406
233,242,N,T,0.004830917874396135
234,493,L,*,0.005714285714285714
235,685,I,L,0.007874015748031496
236,580,L,S,0.007575757575757576
237,580,L,W,0.022727272727272728
238,90,E,D,0.004098360655737705
239,90,E,R,0.00819672131147541
240,179,K,T,0.01507537688442211
241,179,K,*,0.010050251256281407
242,230,N,*,0.009615384615384616
243,289,L,*,0.008130081300813009
244,289,L,M,0.0040650406504065045
245,611,T,L,0.022388059701492536
246,143,H,N,0.005025125628140704
247,193,R,A,0.014354066985645933
248,193,R,*,0.009569377990430622
249,107,I,Y,0.008368200836820083
250,335,E,V,0.005291005291005291
251,600,K,T,0.007518796992481203
252,600,K,N,0.022556390977443608
253,227,L,S,0.009478672985781991
254,227,L,I,0.004739336492890996
255,602,I,L,0.007462686567164179
256,602,I,S,0.022388059701492536
257,243,V,C,0.009852216748768473
258,789,W,G,0.008064516129032258
259,789,W,R,0.008064516129032258
260,241,T,H,0.004807692307692308
261,241,T,Y,0.009615384615384616
262,241,T,K,0.004807692307692308
263,274,R,D,0.008333333333333333
264,353,F,V,0.005917159763313609
265,94,M,H,0.008438818565400843
266,94,M,R,0.004219409282700422
267,431,A,T,0.0049261083743842365
268,524,A,S,0.00684931506849315
269,534,V,D,0.007142857142857143
270,534,V,G,0.007142857142857143
271,534,V,*,0.02142857142857143
272,85,L,I,0.003952569169960474
273,712,S,T,0.014388489208633094
274,712,S,A,0.007194244604316547
275,239,P,T,0.009615384615384616
276,456,G,C,0.00510204081632653
277,275,S,L,0.008403361344537815
278,275,S,A,0.004201680672268907
279,537,T,G,0.007518796992481203
280,537,T,R,0.022556390977443608
281,624,N,T,0.007142857142857143
282,195,I,K,0.015228426395939087
283,195,I,D,0.01015228426395939
284,72,A,D,0.00425531914893617
285,72,A,T,0.00425531914893617
286,559,E,G,0.007042253521126761
287,559,E,R,0.02112676056338028
288,548,V,A,0.006329113924050633
289,548,V,C,0.0189873417721519
290,291,E,K,0.0163265306122449
291,291,E,D,0.004081632653061225
292,291,E,*,0.004081632653061225
293,828,I,T,0.0273972602739726
294,463,S,R,0.005494505494505495
295,409,N,T,0.005025125628140704
296,409,N,I,0.005025125628140704
297,409,N,K,0.005025125628140704
298,578,R,S,0.007692307692307693
299,578,R,E,0.023076923076923078
300,592,L,G,0.007633587786259542
301,592,L,W,0.022900763358778626
302,546,G,Y,0.006578947368421052
303,546,G,V,0.019736842105263157
304,626,T,N,0.006944444444444444
305,89,T,P,0.004081632653061225
306,89,T,D,0.00816326530612245
307,100,V,G,0.008438818565400843
308,144,S,N,0.005025125628140704
309,247,Q,N,0.009216589861751152
310,604,T,H,0.007246376811594203
311,604,T,P,0.021739130434782608
312,196,S,L,0.015228426395939087
313,196,S,G,0.005076142131979695
314,196,S,K,0.01015228426395939
315,276,E,K,0.008333333333333333
316,181,D,C,0.014492753623188406
317,181,D,G,0.01932367149758454
318,607,V,C,0.022727272727272728
319,297,C,V,0.00816326530612245
320,297,C,F,0.00816326530612245
321,270,K,R,0.008264462809917356
322,612,S,V,0.015625
323,663,D,E,0.007142857142857143
324,663,D,V,0.007142857142857143
325,447,I,M,0.004901960784313725
326,447,I,S,0.004901960784313725
327,617,S,L,0.015625
328,266,L,*,0.008298755186721992
329,266,L,I,0.004149377593360996
330,258,T,L,0.009009009009009009
331,718,T,P,0.006944444444444444
332,790,G,R,0.00819672131147541
333,779,R,G,0.007407407407407408
334,433,Y,*,0.004784688995215311
335,512,V,G,0.006535947712418301
336,213,P,N,0.00909090909090909
337,213,P,A,0.00909090909090909
338,213,P,T,0.004545454545454545
339,262,L,*,0.008620689655172414
340,254,P,Q,0.013452914798206279
341,576,Q,P,0.007692307692307693
342,576,Q,G,0.007692307692307693
343,576,Q,R,0.023076923076923078
344,300,P,T,0.00823045267489712
345,34,W,R,0.014084507042253521
346,529,M,G,0.006802721088435374
347,651,Q,L,0.014925373134328358
348,67,I,M,0.004464285714285714
349,67,I,S,0.004464285714285714
350,307,S,R,0.004405286343612335
351,307,S,V,0.00881057268722467
352,573,K,N,0.03007518796992481
353,573,K,T,0.007518796992481203
354,720,L,H,0.0070921985815602835
355,209,V,N,0.009345794392523364
356,209,V,G,0.009345794392523364
357,451,I,R,0.004830917874396135
358,616,K,N,0.016
359,551,Q,E,0.006802721088435374
360,551,Q,R,0.02040816326530612
361,338,W,*,0.005319148936170213
362,460,S,R,0.005154639175257732
363,526,G,K,0.006896551724137931
364,334,N,T,0.005263157894736842
365,101,E,R,0.008333333333333333
366,418,I,K,0.004878048780487805
367,418,I,M,0.004878048780487805
368,305,R,E,0.00851063829787234
369,583,E,K,0.031007751937984496
370,583,E,V,0.007751937984496124
371,677,W,L,0.007194244604316547
372,261,L,C,0.008620689655172414
373,231,D,*,0.009174311926605505
374,231,D,N,0.0045871559633027525
375,231,D,H,0.0045871559633027525
376,608,P,L,0.02142857142857143
377,286,I,L,0.004149377593360996
378,286,I,*,0.008298755186721992
379,246,V,S,0.008888888888888889
380,246,V,Y,0.008888888888888889
381,377,C,W,0.0053475935828877
382,558,I,*,0.00684931506849315
383,558,I,L,0.02054794520547945
384,558,I,C,0.00684931506849315
385,672,F,L,0.007462686567164179
386,217,H,L,0.008849557522123894
387,217,H,T,0.008849557522123894
388,217,H,P,0.004424778761061947
389,729,P,T,0.007042253521126761
390,263,N,M,0.008620689655172414
391,517,L,V,0.006329113924050633
392,265,S,V,0.008547008547008548
393,255,V,*,0.008888888888888889
394,594,I,L,0.007874015748031496
395,594,I,F,0.023622047244094488
396,398,T,Y,0.005025125628140704
397,398,T,S,0.005025125628140704
398,71,H,N,0.004219409282700422
399,660,L,F,0.014598540145985401
400,660,L,M,0.0072992700729927005
401,225,A,C,0.009523809523809525
402,225,A,E,0.004761904761904762
403,223,G,W,0.009389671361502348
404,716,F,L,0.014184397163120567
405,716,F,V,0.0070921985815602835
406,212,E,A,0.009216589861751152
407,212,E,*,0.009216589861751152
408,212,E,G,0.009216589861751152
409,212,E,K,0.004608294930875576
410,502,R,G,0.00641025641025641
411,81,Q,K,0.004048582995951417
412,81,Q,P,0.004048582995951417
413,285,I,*,0.00819672131147541
414,535,T,A,0.0072992700729927005
415,535,T,R,0.021897810218978103
416,392,S,*,0.0056179775280898875
417,747,S,A,0.007352941176470588
418,384,C,L,0.0053475935828877
419,635,D,Y,0.007352941176470588
420,772,D,G,0.014492753623188406
421,82,E,K,0.0040650406504065045
422,203,T,K,0.004424778761061947
423,203,T,Y,0.008849557522123894
424,70,T,K,0.017241379310344827
425,489,Q,K,0.005952380952380952
426,783,L,R,0.007352941176470588
427,61,D,E,0.004329004329004329
428,394,W,L,0.00558659217877095
429,581,A,Y,0.007692307692307693
430,581,A,L,0.023076923076923078
431,322,I,K,0.009852216748768473
432,197,C,*,0.01485148514851485
433,197,C,L,0.009900990099009901
434,401,N,K,0.005025125628140704
435,401,N,H,0.005025125628140704
436,200,S,P,0.005050505050505051
437,200,S,L,0.010101010101010102
438,200,S,*,0.005050505050505051
439,438,S,R,0.0049504950495049506
440,550,Q,A,0.0064516129032258064
441,550,Q,S,0.01935483870967742
442,694,L,R,0.007518796992481203
443,545,S,P,0.006535947712418301
444,545,S,W,0.006535947712418301
445,545,S,L,0.0196078431372549
446,545,S,A,0.006535947712418301
447,293,V,*,0.008097165991902834
448,284,I,S,0.00819672131147541
449,84,E,K,0.015810276679841896
450,84,E,D,0.003952569169960474
451,188,D,*,0.024390243902439025
452,302,N,T,0.008438818565400843
453,302,N,K,0.004219409282700422
454,641,I,R,0.006172839506172839
455,641,I,K,0.006172839506172839
456,455,D,Y,0.005050505050505051
457,194,L,D,0.015
458,194,L,A,0.01
459,248,C,V,0.00909090909090909
460,780,I,T,0.007407407407407408
461,780,I,S,0.014814814814814815
462,424,M,R,0.009523809523809525
463,562,Q,A,0.007246376811594203
464,562,Q,S,0.021739130434782608
465,186,K,Q,0.004878048780487805
466,269,D,T,0.008298755186721992
467,282,A,L,0.00819672131147541
468,280,D,Y,0.00411522633744856
469,280,D,T,0.00823045267489712
470,280,D,N,0.00411522633744856
471,387,A,S,0.005434782608695652
472,571,G,H,0.007194244604316547
473,571,G,A,0.02158273381294964
474,208,K,G,0.008888888888888889
475,278,F,S,0.008264462809917356
476,278,F,L,0.004132231404958678
477,400,G,W,0.005076142131979695
478,774,L,R,0.007142857142857143
479,774,L,I,0.007142857142857143
480,251,G,E,0.009523809523809525
481,587,K,G,0.007692307692307693
482,587,K,R,0.023076923076923078
483,597,C,L,0.007874015748031496
484,597,C,A,0.023622047244094488
485,281,N,K,0.004201680672268907
486,281,N,M,0.008403361344537815
487,123,P,Q,0.004651162790697674
488,717,Q,*,0.0070921985815602835
489,508,E,K,0.02564102564102564
490,508,E,Ei,0.00641025641025641
491,80,P,Q,0.004016064257028112
492,50,T,N,0.004484304932735426
493,180,Q,G,0.014925373134328358
494,180,Q,T,0.009950248756218905
495,488,V,G,0.011904761904761904
496,178,Y,*,0.015
497,178,Y,L,0.01
498,257,S,T,0.004524886877828055
499,257,S,Q,0.00904977375565611
500,579,V,P,0.007518796992481203
501,579,V,S,0.022556390977443608
502,601,L,H,0.007462686567164179
503,601,L,I,0.007462686567164179
504,601,L,S,0.022388059701492536
505,288,H,Q,0.008
506,288,H,I,0.008
507,288,H,N,0.012
508,311,A,H,0.008849557522123894
509,312,P,T,0.004694835680751174
510,108,I,N,0.008368200836820083
511,764,L,I,0.007407407407407408
512,575,L,P,0.007692307692307693
513,575,L,S,0.023076923076923078
514,229,C,M,0.009523809523809525
515,567,L,H,0.007246376811594203
516,567,L,S,0.021739130434782608
517,370,V,F,0.0053475935828877
518,388,Q,T,0.00546448087431694
519,388,Q,H,0.01092896174863388
520,149,L,F,0.004761904761904762
521,75,P,T,0.008333333333333333
522,304,T,Q,0.00851063829787234
523,304,T,K,0.00425531914893617
524,219,C,F,0.004694835680751174
525,219,C,L,0.009389671361502348
526,219,C,W,0.004694835680751174
527,376,N,K,0.005235602094240838
528,761,S,N,0.007246376811594203
529,761,S,G,0.007246376811594203
530,204,Q,G,0.009259259259259259
531,204,Q,T,0.009259259259259259
532,565,L,A,0.007352941176470588
533,565,L,C,0.022058823529411766
534,37,V,M,0.006329113924050633
535,382,F,L,0.005319148936170213
536,382,F,V,0.005319148936170213
537,382,F,C,0.005319148936170213
538,621,I,F,0.007518796992481203
539,210,T,L,0.009345794392523364
540,210,T,N,0.009345794392523364
541,260,L,Y,0.008547008547008548
542,477,N,K,0.005649717514124294
543,595,W,G,0.03076923076923077
544,429,G,*,0.009345794392523364
545,636,N,T,0.0072992700729927005
546,618,L,W,0.023255813953488372
547,618,L,P,0.007751937984496124
548,620,Q,R,0.007874015748031496
549,99,M,H,0.008583690987124463
550,99,M,T,0.008583690987124463
551,168,D,N,0.0045871559633027525
552,253,R,G,0.00904977375565611
553,572,I,*,0.007575757575757576
554,572,I,L,0.022727272727272728
555,541,R,T,0.007246376811594203
556,541,R,D,0.021739130434782608
557,268,E,K,0.008333333333333333
558,279,T,R,0.008333333333333333
559,105,E,*,0.008547008547008548
560,299,R,D,0.008264462809917356
561,395,D,G,0.005434782608695652
562,43,V,A,0.004761904761904762
563,43,V,L,0.004761904761904762
564,292,T,L,0.00819672131147541
565,103,M,D,0.008695652173913044
566,103,M,I,0.004347826086956522
567,538,V,T,0.0070921985815602835
568,538,V,Y,0.02127659574468085
569,129,K,N,0.004901960784313725
570,371,T,K,0.005376344086021506
571,577,A,K,0.007575757575757576
572,577,A,Q,0.022727272727272728
573,358,I,L,0.005747126436781609
574,215,P,H,0.009009009009009009
575,215,P,S,0.009009009009009009
576,287,V,Y,0.008
577,287,V,I,0.004
578,83,V,G,0.004081632653061225
579,462,S,R,0.0051813471502590676
580,533,S,Q,0.02112676056338028
581,533,S,*,0.007042253521126761
582,564,L,V,0.007462686567164179
583,564,L,C,0.022388059701492536
584,139,N,*,0.00510204081632653
585,646,E,G,0.007407407407407408
586,184,P,N,0.014705882352941176
587,184,P,T,0.0196078431372549
588,560,A,R,0.021739130434782608
589,560,A,L,0.007246376811594203
590,593,G,*,0.007633587786259542
591,593,G,N,0.007633587786259542
592,593,G,E,0.015267175572519083
593,593,G,A,0.007633587786259542
594,490,I,M,0.006060606060606061
595,490,I,S,0.006060606060606061
596,236,G,W,0.009216589861751152
597,553,N,S,0.006802721088435374
598,553,N,I,0.02040816326530612
599,218,Y,L,0.017857142857142856
600,218,Y,D,0.017857142857142856
601,689,G,W,0.007462686567164179
602,540,A,Q,0.006944444444444444
603,540,A,P,0.020833333333333332
604,406,P,T,0.004830917874396135
605,658,E,D,0.014598540145985401
606,173,E,K,0.01932367149758454
607,343,Q,K,0.011363636363636364
608,705,N,D,0.007246376811594203
609,198,N,H,0.01020408163265306
610,198,N,*,0.01020408163265306
611,198,N,K,0.00510204081632653
612,295,I,L,0.00823045267489712
613,295,I,S,0.00823045267489712
614,182,V,S,0.014354066985645933
615,182,V,C,0.009569377990430622
616,596,G,L,0.0078125
617,596,G,V,0.0234375
618,736,G,C,0.007042253521126761
619,615,N,I,0.015873015873015872
620,625,M,*,0.0070921985815602835
621,625,M,I,0.0070921985815602835
622,525,A,R,0.006944444444444444
623,582,M,G,0.007692307692307693
624,582,M,W,0.023076923076923078
625,135,V,F,0.005
626,135,V,D,0.005
627,657,Q,K,0.007352941176470588
628,264,G,A,0.008547008547008548
629,704,I,R,0.007194244604316547
630,586,L,K,0.007633587786259542
631,586,L,P,0.007633587786259542
632,586,L,*,0.022900763358778626
633,428,V,L,0.004694835680751174
634,598,S,W,0.007692307692307693
635,598,S,L,0.023076923076923078
636,97,S,K,0.008658008658008658
637,111,W,V,0.00423728813559322
638,298,T,Q,0.00816326530612245
639,244,S,Q,0.009708737864077669
640,244,S,R,0.0048543689320388345
641,244,S,T,0.009708737864077669
642,64,I,L,0.004366812227074236
643,273,I,S,0.0040650406504065045
644,273,I,L,0.012195121951219513
645,249,T,H,0.0091324200913242
646,590,Q,A,0.007407407407407408
647,590,Q,S,0.022222222222222223
648,613,W,G,0.023809523809523808
649,316,F,L,0.009174311926605505
650,191,S,L,0.014563106796116505
651,191,S,G,0.009708737864077669
652,191,S,*,0.009708737864077669
653,57,A,D,0.0045045045045045045
654,189,N,Y,0.014492753623188406
655,189,N,*,0.00966183574879227
656,510,R,S,0.00641025641025641
657,530,G,R,0.00684931506849315
658,530,G,Y,0.0136986301369863
659,555,L,E,0.00684931506849315
660,555,L,*,0.02054794520547945
661,516,A,S,0.006329113924050633
662,220,A,C,0.009259259259259259
663,563,H,S,0.007142857142857143
664,563,H,I,0.02142857142857143
665,563,H,M,0.014285714285714285
666,340,N,K,0.010869565217391304
667,532,A,V,0.007142857142857143
668,532,A,R,0.02142857142857143
669,238,G,R,0.008928571428571428
670,93,N,K,0.008438818565400843
671,93,N,*,0.008438818565400843
672,347,V,G,0.005952380952380952
673,536,L,D,0.007352941176470588
674,536,L,*,0.022058823529411766
675,115,L,R,0.004424778761061947
676,235,N,Q,0.009174311926605505
677,444,L,V,0.0049504950495049506
678,603,C,H,0.007518796992481203
679,603,C,A,0.022556390977443608
680,669,W,*,0.014388489208633094
681,669,W,R,0.007194244604316547
682,389,L,T,0.00558659217877095
683,389,L,R,0.00558659217877095
684,775,L,W,0.007142857142857143
685,464,P,T,0.005434782608695652
686,95,W,V,0.00851063829787234
687,95,W,L,0.00425531914893617
688,393,S,*,0.005555555555555556
689,393,S,G,0.005555555555555556
690,566,Q,T,0.007352941176470588
691,566,Q,N,0.022058823529411766
692,836,F,C,0.03076923076923077
693,443,C,W,0.004878048780487805
694,622,W,C,0.007518796992481203
695,403,T,N,0.004975124378109453
696,202,I,Y,0.009389671361502348
697,202,I,H,0.009389671361502348
