,POS_AA,COVERAGE,exp,sample,week,virus,sample_id
0,1,79,CD00,m000,wk00,JRCSF,CD00-m000-wk00
1,2,80,CD00,m000,wk00,JRCSF,CD00-m000-wk00
2,3,87,CD00,m000,wk00,JRCSF,CD00-m000-wk00
3,4,87,CD00,m000,wk00,JRCSF,CD00-m000-wk00
4,5,87,CD00,m000,wk00,JRCSF,CD00-m000-wk00
5,6,91,CD00,m000,wk00,JRCSF,CD00-m000-wk00
6,7,92,CD00,m000,wk00,JRCSF,CD00-m000-wk00
7,8,91,CD00,m000,wk00,JRCSF,CD00-m000-wk00
8,9,96,CD00,m000,wk00,JRCSF,CD00-m000-wk00
9,10,99,CD00,m000,wk00,JRCSF,CD00-m000-wk00
10,11,99,CD00,m000,wk00,JRCSF,CD00-m000-wk00
11,12,97,CD00,m000,wk00,JRCSF,CD00-m000-wk00
12,13,102,CD00,m000,wk00,JRCSF,CD00-m000-wk00
13,14,105,CD00,m000,wk00,JRCSF,CD00-m000-wk00
14,15,105,CD00,m000,wk00,JRCSF,CD00-m000-wk00
15,16,105,CD00,m000,wk00,JRCSF,CD00-m000-wk00
16,17,105,CD00,m000,wk00,JRCSF,CD00-m000-wk00
17,18,108,CD00,m000,wk00,JRCSF,CD00-m000-wk00
18,19,109,CD00,m000,wk00,JRCSF,CD00-m000-wk00
19,20,111,CD00,m000,wk00,JRCSF,CD00-m000-wk00
20,21,115,CD00,m000,wk00,JRCSF,CD00-m000-wk00
21,22,115,CD00,m000,wk00,JRCSF,CD00-m000-wk00
22,23,119,CD00,m000,wk00,JRCSF,CD00-m000-wk00
23,24,128,CD00,m000,wk00,JRCSF,CD00-m000-wk00
24,25,129,CD00,m000,wk00,JRCSF,CD00-m000-wk00
25,26,130,CD00,m000,wk00,JRCSF,CD00-m000-wk00
26,27,140,CD00,m000,wk00,JRCSF,CD00-m000-wk00
27,28,150,CD00,m000,wk00,JRCSF,CD00-m000-wk00
28,29,155,CD00,m000,wk00,JRCSF,CD00-m000-wk00
29,30,158,CD00,m000,wk00,JRCSF,CD00-m000-wk00
30,31,158,CD00,m000,wk00,JRCSF,CD00-m000-wk00
31,32,158,CD00,m000,wk00,JRCSF,CD00-m000-wk00
32,33,160,CD00,m000,wk00,JRCSF,CD00-m000-wk00
33,34,161,CD00,m000,wk00,JRCSF,CD00-m000-wk00
34,35,162,CD00,m000,wk00,JRCSF,CD00-m000-wk00
35,36,162,CD00,m000,wk00,JRCSF,CD00-m000-wk00
36,37,189,CD00,m000,wk00,JRCSF,CD00-m000-wk00
37,38,208,CD00,m000,wk00,JRCSF,CD00-m000-wk00
38,39,220,CD00,m000,wk00,JRCSF,CD00-m000-wk00
39,40,227,CD00,m000,wk00,JRCSF,CD00-m000-wk00
40,41,240,CD00,m000,wk00,JRCSF,CD00-m000-wk00
41,42,243,CD00,m000,wk00,JRCSF,CD00-m000-wk00
42,43,249,CD00,m000,wk00,JRCSF,CD00-m000-wk00
43,44,255,CD00,m000,wk00,JRCSF,CD00-m000-wk00
44,45,257,CD00,m000,wk00,JRCSF,CD00-m000-wk00
45,46,257,CD00,m000,wk00,JRCSF,CD00-m000-wk00
46,47,260,CD00,m000,wk00,JRCSF,CD00-m000-wk00
47,48,265,CD00,m000,wk00,JRCSF,CD00-m000-wk00
48,49,265,CD00,m000,wk00,JRCSF,CD00-m000-wk00
49,50,272,CD00,m000,wk00,JRCSF,CD00-m000-wk00
50,51,277,CD00,m000,wk00,JRCSF,CD00-m000-wk00
51,52,277,CD00,m000,wk00,JRCSF,CD00-m000-wk00
52,53,278,CD00,m000,wk00,JRCSF,CD00-m000-wk00
53,54,276,CD00,m000,wk00,JRCSF,CD00-m000-wk00
54,55,276,CD00,m000,wk00,JRCSF,CD00-m000-wk00
55,56,280,CD00,m000,wk00,JRCSF,CD00-m000-wk00
56,57,282,CD00,m000,wk00,JRCSF,CD00-m000-wk00
57,58,286,CD00,m000,wk00,JRCSF,CD00-m000-wk00
58,59,291,CD00,m000,wk00,JRCSF,CD00-m000-wk00
59,60,295,CD00,m000,wk00,JRCSF,CD00-m000-wk00
60,61,302,CD00,m000,wk00,JRCSF,CD00-m000-wk00
61,62,322,CD00,m000,wk00,JRCSF,CD00-m000-wk00
62,63,325,CD00,m000,wk00,JRCSF,CD00-m000-wk00
63,64,331,CD00,m000,wk00,JRCSF,CD00-m000-wk00
64,65,337,CD00,m000,wk00,JRCSF,CD00-m000-wk00
65,66,341,CD00,m000,wk00,JRCSF,CD00-m000-wk00
66,67,345,CD00,m000,wk00,JRCSF,CD00-m000-wk00
67,68,346,CD00,m000,wk00,JRCSF,CD00-m000-wk00
68,69,350,CD00,m000,wk00,JRCSF,CD00-m000-wk00
69,70,360,CD00,m000,wk00,JRCSF,CD00-m000-wk00
70,71,367,CD00,m000,wk00,JRCSF,CD00-m000-wk00
71,72,367,CD00,m000,wk00,JRCSF,CD00-m000-wk00
72,75,393,CD00,m000,wk00,JRCSF,CD00-m000-wk00
73,76,391,CD00,m000,wk00,JRCSF,CD00-m000-wk00
74,78,392,CD00,m000,wk00,JRCSF,CD00-m000-wk00
75,79,392,CD00,m000,wk00,JRCSF,CD00-m000-wk00
76,80,407,CD00,m000,wk00,JRCSF,CD00-m000-wk00
77,81,409,CD00,m000,wk00,JRCSF,CD00-m000-wk00
78,82,413,CD00,m000,wk00,JRCSF,CD00-m000-wk00
79,85,429,CD00,m000,wk00,JRCSF,CD00-m000-wk00
80,73,373,CD00,m000,wk00,JRCSF,CD00-m000-wk00
81,74,396,CD00,m000,wk00,JRCSF,CD00-m000-wk00
82,77,390,CD00,m000,wk00,JRCSF,CD00-m000-wk00
83,83,418,CD00,m000,wk00,JRCSF,CD00-m000-wk00
84,84,421,CD00,m000,wk00,JRCSF,CD00-m000-wk00
85,86,425,CD00,m000,wk00,JRCSF,CD00-m000-wk00
86,87,424,CD00,m000,wk00,JRCSF,CD00-m000-wk00
87,88,429,CD00,m000,wk00,JRCSF,CD00-m000-wk00
88,89,429,CD00,m000,wk00,JRCSF,CD00-m000-wk00
89,90,425,CD00,m000,wk00,JRCSF,CD00-m000-wk00
90,91,432,CD00,m000,wk00,JRCSF,CD00-m000-wk00
91,92,436,CD00,m000,wk00,JRCSF,CD00-m000-wk00
92,93,433,CD00,m000,wk00,JRCSF,CD00-m000-wk00
93,94,426,CD00,m000,wk00,JRCSF,CD00-m000-wk00
94,95,421,CD00,m000,wk00,JRCSF,CD00-m000-wk00
95,96,423,CD00,m000,wk00,JRCSF,CD00-m000-wk00
96,97,426,CD00,m000,wk00,JRCSF,CD00-m000-wk00
97,98,426,CD00,m000,wk00,JRCSF,CD00-m000-wk00
98,99,421,CD00,m000,wk00,JRCSF,CD00-m000-wk00
99,100,438,CD00,m000,wk00,JRCSF,CD00-m000-wk00
100,101,444,CD00,m000,wk00,JRCSF,CD00-m000-wk00
101,102,434,CD00,m000,wk00,JRCSF,CD00-m000-wk00
102,103,450,CD00,m000,wk00,JRCSF,CD00-m000-wk00
103,104,449,CD00,m000,wk00,JRCSF,CD00-m000-wk00
104,105,448,CD00,m000,wk00,JRCSF,CD00-m000-wk00
105,106,445,CD00,m000,wk00,JRCSF,CD00-m000-wk00
106,107,450,CD00,m000,wk00,JRCSF,CD00-m000-wk00
107,108,449,CD00,m000,wk00,JRCSF,CD00-m000-wk00
108,109,444,CD00,m000,wk00,JRCSF,CD00-m000-wk00
109,110,446,CD00,m000,wk00,JRCSF,CD00-m000-wk00
110,111,445,CD00,m000,wk00,JRCSF,CD00-m000-wk00
111,112,451,CD00,m000,wk00,JRCSF,CD00-m000-wk00
112,113,450,CD00,m000,wk00,JRCSF,CD00-m000-wk00
113,114,449,CD00,m000,wk00,JRCSF,CD00-m000-wk00
114,115,465,CD00,m000,wk00,JRCSF,CD00-m000-wk00
115,116,465,CD00,m000,wk00,JRCSF,CD00-m000-wk00
116,117,463,CD00,m000,wk00,JRCSF,CD00-m000-wk00
117,118,463,CD00,m000,wk00,JRCSF,CD00-m000-wk00
118,119,470,CD00,m000,wk00,JRCSF,CD00-m000-wk00
119,121,462,CD00,m000,wk00,JRCSF,CD00-m000-wk00
120,120,468,CD00,m000,wk00,JRCSF,CD00-m000-wk00
121,122,462,CD00,m000,wk00,JRCSF,CD00-m000-wk00
122,123,450,CD00,m000,wk00,JRCSF,CD00-m000-wk00
123,124,458,CD00,m000,wk00,JRCSF,CD00-m000-wk00
124,125,457,CD00,m000,wk00,JRCSF,CD00-m000-wk00
125,126,456,CD00,m000,wk00,JRCSF,CD00-m000-wk00
126,127,449,CD00,m000,wk00,JRCSF,CD00-m000-wk00
127,128,437,CD00,m000,wk00,JRCSF,CD00-m000-wk00
128,129,437,CD00,m000,wk00,JRCSF,CD00-m000-wk00
129,130,434,CD00,m000,wk00,JRCSF,CD00-m000-wk00
130,131,440,CD00,m000,wk00,JRCSF,CD00-m000-wk00
131,132,445,CD00,m000,wk00,JRCSF,CD00-m000-wk00
132,133,441,CD00,m000,wk00,JRCSF,CD00-m000-wk00
133,134,443,CD00,m000,wk00,JRCSF,CD00-m000-wk00
134,135,433,CD00,m000,wk00,JRCSF,CD00-m000-wk00
135,136,449,CD00,m000,wk00,JRCSF,CD00-m000-wk00
136,137,439,CD00,m000,wk00,JRCSF,CD00-m000-wk00
137,138,415,CD00,m000,wk00,JRCSF,CD00-m000-wk00
138,139,423,CD00,m000,wk00,JRCSF,CD00-m000-wk00
139,140,431,CD00,m000,wk00,JRCSF,CD00-m000-wk00
140,141,434,CD00,m000,wk00,JRCSF,CD00-m000-wk00
141,142,421,CD00,m000,wk00,JRCSF,CD00-m000-wk00
142,143,402,CD00,m000,wk00,JRCSF,CD00-m000-wk00
143,144,400,CD00,m000,wk00,JRCSF,CD00-m000-wk00
144,145,412,CD00,m000,wk00,JRCSF,CD00-m000-wk00
145,146,422,CD00,m000,wk00,JRCSF,CD00-m000-wk00
146,147,417,CD00,m000,wk00,JRCSF,CD00-m000-wk00
147,148,407,CD00,m000,wk00,JRCSF,CD00-m000-wk00
148,149,409,CD00,m000,wk00,JRCSF,CD00-m000-wk00
149,150,406,CD00,m000,wk00,JRCSF,CD00-m000-wk00
150,151,418,CD00,m000,wk00,JRCSF,CD00-m000-wk00
151,152,416,CD00,m000,wk00,JRCSF,CD00-m000-wk00
152,153,417,CD00,m000,wk00,JRCSF,CD00-m000-wk00
153,154,412,CD00,m000,wk00,JRCSF,CD00-m000-wk00
154,155,414,CD00,m000,wk00,JRCSF,CD00-m000-wk00
155,156,423,CD00,m000,wk00,JRCSF,CD00-m000-wk00
156,157,425,CD00,m000,wk00,JRCSF,CD00-m000-wk00
157,158,419,CD00,m000,wk00,JRCSF,CD00-m000-wk00
158,159,415,CD00,m000,wk00,JRCSF,CD00-m000-wk00
159,160,411,CD00,m000,wk00,JRCSF,CD00-m000-wk00
160,161,403,CD00,m000,wk00,JRCSF,CD00-m000-wk00
161,162,404,CD00,m000,wk00,JRCSF,CD00-m000-wk00
162,163,398,CD00,m000,wk00,JRCSF,CD00-m000-wk00
163,164,390,CD00,m000,wk00,JRCSF,CD00-m000-wk00
164,165,386,CD00,m000,wk00,JRCSF,CD00-m000-wk00
165,166,381,CD00,m000,wk00,JRCSF,CD00-m000-wk00
166,167,374,CD00,m000,wk00,JRCSF,CD00-m000-wk00
167,168,377,CD00,m000,wk00,JRCSF,CD00-m000-wk00
168,169,375,CD00,m000,wk00,JRCSF,CD00-m000-wk00
169,170,372,CD00,m000,wk00,JRCSF,CD00-m000-wk00
170,171,371,CD00,m000,wk00,JRCSF,CD00-m000-wk00
171,172,367,CD00,m000,wk00,JRCSF,CD00-m000-wk00
172,173,364,CD00,m000,wk00,JRCSF,CD00-m000-wk00
173,174,362,CD00,m000,wk00,JRCSF,CD00-m000-wk00
174,175,359,CD00,m000,wk00,JRCSF,CD00-m000-wk00
175,176,361,CD00,m000,wk00,JRCSF,CD00-m000-wk00
176,177,364,CD00,m000,wk00,JRCSF,CD00-m000-wk00
177,178,366,CD00,m000,wk00,JRCSF,CD00-m000-wk00
178,179,373,CD00,m000,wk00,JRCSF,CD00-m000-wk00
179,180,364,CD00,m000,wk00,JRCSF,CD00-m000-wk00
180,181,361,CD00,m000,wk00,JRCSF,CD00-m000-wk00
181,182,347,CD00,m000,wk00,JRCSF,CD00-m000-wk00
182,183,349,CD00,m000,wk00,JRCSF,CD00-m000-wk00
183,184,349,CD00,m000,wk00,JRCSF,CD00-m000-wk00
184,185,358,CD00,m000,wk00,JRCSF,CD00-m000-wk00
185,186,359,CD00,m000,wk00,JRCSF,CD00-m000-wk00
186,187,363,CD00,m000,wk00,JRCSF,CD00-m000-wk00
187,188,372,CD00,m000,wk00,JRCSF,CD00-m000-wk00
188,189,372,CD00,m000,wk00,JRCSF,CD00-m000-wk00
189,190,376,CD00,m000,wk00,JRCSF,CD00-m000-wk00
190,191,369,CD00,m000,wk00,JRCSF,CD00-m000-wk00
191,192,370,CD00,m000,wk00,JRCSF,CD00-m000-wk00
192,193,366,CD00,m000,wk00,JRCSF,CD00-m000-wk00
193,194,383,CD00,m000,wk00,JRCSF,CD00-m000-wk00
194,195,384,CD00,m000,wk00,JRCSF,CD00-m000-wk00
195,196,386,CD00,m000,wk00,JRCSF,CD00-m000-wk00
196,197,390,CD00,m000,wk00,JRCSF,CD00-m000-wk00
197,198,395,CD00,m000,wk00,JRCSF,CD00-m000-wk00
198,199,390,CD00,m000,wk00,JRCSF,CD00-m000-wk00
199,200,414,CD00,m000,wk00,JRCSF,CD00-m000-wk00
200,201,401,CD00,m000,wk00,JRCSF,CD00-m000-wk00
201,202,404,CD00,m000,wk00,JRCSF,CD00-m000-wk00
202,203,394,CD00,m000,wk00,JRCSF,CD00-m000-wk00
203,204,408,CD00,m000,wk00,JRCSF,CD00-m000-wk00
204,205,409,CD00,m000,wk00,JRCSF,CD00-m000-wk00
205,206,399,CD00,m000,wk00,JRCSF,CD00-m000-wk00
206,207,402,CD00,m000,wk00,JRCSF,CD00-m000-wk00
207,208,417,CD00,m000,wk00,JRCSF,CD00-m000-wk00
208,209,424,CD00,m000,wk00,JRCSF,CD00-m000-wk00
209,210,429,CD00,m000,wk00,JRCSF,CD00-m000-wk00
210,211,436,CD00,m000,wk00,JRCSF,CD00-m000-wk00
211,212,452,CD00,m000,wk00,JRCSF,CD00-m000-wk00
212,213,448,CD00,m000,wk00,JRCSF,CD00-m000-wk00
213,214,459,CD00,m000,wk00,JRCSF,CD00-m000-wk00
214,215,458,CD00,m000,wk00,JRCSF,CD00-m000-wk00
215,216,461,CD00,m000,wk00,JRCSF,CD00-m000-wk00
216,217,468,CD00,m000,wk00,JRCSF,CD00-m000-wk00
217,218,462,CD00,m000,wk00,JRCSF,CD00-m000-wk00
218,219,464,CD00,m000,wk00,JRCSF,CD00-m000-wk00
219,220,464,CD00,m000,wk00,JRCSF,CD00-m000-wk00
220,221,462,CD00,m000,wk00,JRCSF,CD00-m000-wk00
221,222,464,CD00,m000,wk00,JRCSF,CD00-m000-wk00
222,223,467,CD00,m000,wk00,JRCSF,CD00-m000-wk00
223,224,467,CD00,m000,wk00,JRCSF,CD00-m000-wk00
224,225,462,CD00,m000,wk00,JRCSF,CD00-m000-wk00
225,226,470,CD00,m000,wk00,JRCSF,CD00-m000-wk00
226,227,474,CD00,m000,wk00,JRCSF,CD00-m000-wk00
227,228,478,CD00,m000,wk00,JRCSF,CD00-m000-wk00
228,229,470,CD00,m000,wk00,JRCSF,CD00-m000-wk00
229,230,464,CD00,m000,wk00,JRCSF,CD00-m000-wk00
230,231,466,CD00,m000,wk00,JRCSF,CD00-m000-wk00
231,232,467,CD00,m000,wk00,JRCSF,CD00-m000-wk00
232,233,479,CD00,m000,wk00,JRCSF,CD00-m000-wk00
233,234,490,CD00,m000,wk00,JRCSF,CD00-m000-wk00
234,235,486,CD00,m000,wk00,JRCSF,CD00-m000-wk00
235,236,481,CD00,m000,wk00,JRCSF,CD00-m000-wk00
236,237,488,CD00,m000,wk00,JRCSF,CD00-m000-wk00
237,238,484,CD00,m000,wk00,JRCSF,CD00-m000-wk00
238,239,478,CD00,m000,wk00,JRCSF,CD00-m000-wk00
239,240,469,CD00,m000,wk00,JRCSF,CD00-m000-wk00
240,241,460,CD00,m000,wk00,JRCSF,CD00-m000-wk00
241,242,473,CD00,m000,wk00,JRCSF,CD00-m000-wk00
242,243,518,CD00,m000,wk00,JRCSF,CD00-m000-wk00
243,244,509,CD00,m000,wk00,JRCSF,CD00-m000-wk00
244,245,502,CD00,m000,wk00,JRCSF,CD00-m000-wk00
245,246,490,CD00,m000,wk00,JRCSF,CD00-m000-wk00
246,247,486,CD00,m000,wk00,JRCSF,CD00-m000-wk00
247,248,483,CD00,m000,wk00,JRCSF,CD00-m000-wk00
248,249,499,CD00,m000,wk00,JRCSF,CD00-m000-wk00
249,250,494,CD00,m000,wk00,JRCSF,CD00-m000-wk00
250,251,487,CD00,m000,wk00,JRCSF,CD00-m000-wk00
251,252,494,CD00,m000,wk00,JRCSF,CD00-m000-wk00
252,253,494,CD00,m000,wk00,JRCSF,CD00-m000-wk00
253,254,493,CD00,m000,wk00,JRCSF,CD00-m000-wk00
254,255,493,CD00,m000,wk00,JRCSF,CD00-m000-wk00
255,256,493,CD00,m000,wk00,JRCSF,CD00-m000-wk00
256,257,494,CD00,m000,wk00,JRCSF,CD00-m000-wk00
257,258,490,CD00,m000,wk00,JRCSF,CD00-m000-wk00
258,259,498,CD00,m000,wk00,JRCSF,CD00-m000-wk00
259,260,500,CD00,m000,wk00,JRCSF,CD00-m000-wk00
260,261,499,CD00,m000,wk00,JRCSF,CD00-m000-wk00
261,262,499,CD00,m000,wk00,JRCSF,CD00-m000-wk00
262,263,502,CD00,m000,wk00,JRCSF,CD00-m000-wk00
263,264,501,CD00,m000,wk00,JRCSF,CD00-m000-wk00
264,265,496,CD00,m000,wk00,JRCSF,CD00-m000-wk00
265,266,495,CD00,m000,wk00,JRCSF,CD00-m000-wk00
266,267,498,CD00,m000,wk00,JRCSF,CD00-m000-wk00
267,268,503,CD00,m000,wk00,JRCSF,CD00-m000-wk00
268,269,502,CD00,m000,wk00,JRCSF,CD00-m000-wk00
269,270,509,CD00,m000,wk00,JRCSF,CD00-m000-wk00
270,271,498,CD00,m000,wk00,JRCSF,CD00-m000-wk00
271,272,493,CD00,m000,wk00,JRCSF,CD00-m000-wk00
272,273,494,CD00,m000,wk00,JRCSF,CD00-m000-wk00
273,274,500,CD00,m000,wk00,JRCSF,CD00-m000-wk00
274,275,512,CD00,m000,wk00,JRCSF,CD00-m000-wk00
275,276,511,CD00,m000,wk00,JRCSF,CD00-m000-wk00
276,277,507,CD00,m000,wk00,JRCSF,CD00-m000-wk00
277,278,501,CD00,m000,wk00,JRCSF,CD00-m000-wk00
278,279,509,CD00,m000,wk00,JRCSF,CD00-m000-wk00
279,280,509,CD00,m000,wk00,JRCSF,CD00-m000-wk00
280,281,517,CD00,m000,wk00,JRCSF,CD00-m000-wk00
281,282,505,CD00,m000,wk00,JRCSF,CD00-m000-wk00
282,283,519,CD00,m000,wk00,JRCSF,CD00-m000-wk00
283,284,519,CD00,m000,wk00,JRCSF,CD00-m000-wk00
284,285,511,CD00,m000,wk00,JRCSF,CD00-m000-wk00
285,286,503,CD00,m000,wk00,JRCSF,CD00-m000-wk00
286,287,500,CD00,m000,wk00,JRCSF,CD00-m000-wk00
287,288,494,CD00,m000,wk00,JRCSF,CD00-m000-wk00
288,289,489,CD00,m000,wk00,JRCSF,CD00-m000-wk00
289,290,496,CD00,m000,wk00,JRCSF,CD00-m000-wk00
290,291,496,CD00,m000,wk00,JRCSF,CD00-m000-wk00
291,292,500,CD00,m000,wk00,JRCSF,CD00-m000-wk00
292,293,498,CD00,m000,wk00,JRCSF,CD00-m000-wk00
293,294,497,CD00,m000,wk00,JRCSF,CD00-m000-wk00
294,295,507,CD00,m000,wk00,JRCSF,CD00-m000-wk00
295,296,502,CD00,m000,wk00,JRCSF,CD00-m000-wk00
296,297,489,CD00,m000,wk00,JRCSF,CD00-m000-wk00
297,298,487,CD00,m000,wk00,JRCSF,CD00-m000-wk00
298,299,485,CD00,m000,wk00,JRCSF,CD00-m000-wk00
299,300,474,CD00,m000,wk00,JRCSF,CD00-m000-wk00
300,301,475,CD00,m000,wk00,JRCSF,CD00-m000-wk00
301,302,476,CD00,m000,wk00,JRCSF,CD00-m000-wk00
302,303,471,CD00,m000,wk00,JRCSF,CD00-m000-wk00
303,304,472,CD00,m000,wk00,JRCSF,CD00-m000-wk00
304,305,476,CD00,m000,wk00,JRCSF,CD00-m000-wk00
305,306,488,CD00,m000,wk00,JRCSF,CD00-m000-wk00
306,307,490,CD00,m000,wk00,JRCSF,CD00-m000-wk00
307,308,485,CD00,m000,wk00,JRCSF,CD00-m000-wk00
308,309,455,CD00,m000,wk00,JRCSF,CD00-m000-wk00
309,310,457,CD00,m000,wk00,JRCSF,CD00-m000-wk00
310,311,438,CD00,m000,wk00,JRCSF,CD00-m000-wk00
311,312,436,CD00,m000,wk00,JRCSF,CD00-m000-wk00
312,313,444,CD00,m000,wk00,JRCSF,CD00-m000-wk00
313,314,443,CD00,m000,wk00,JRCSF,CD00-m000-wk00
314,315,424,CD00,m000,wk00,JRCSF,CD00-m000-wk00
315,316,420,CD00,m000,wk00,JRCSF,CD00-m000-wk00
316,317,420,CD00,m000,wk00,JRCSF,CD00-m000-wk00
317,318,419,CD00,m000,wk00,JRCSF,CD00-m000-wk00
318,319,422,CD00,m000,wk00,JRCSF,CD00-m000-wk00
319,320,418,CD00,m000,wk00,JRCSF,CD00-m000-wk00
320,321,415,CD00,m000,wk00,JRCSF,CD00-m000-wk00
321,322,416,CD00,m000,wk00,JRCSF,CD00-m000-wk00
322,323,430,CD00,m000,wk00,JRCSF,CD00-m000-wk00
323,324,432,CD00,m000,wk00,JRCSF,CD00-m000-wk00
324,325,421,CD00,m000,wk00,JRCSF,CD00-m000-wk00
325,326,418,CD00,m000,wk00,JRCSF,CD00-m000-wk00
326,327,416,CD00,m000,wk00,JRCSF,CD00-m000-wk00
327,328,423,CD00,m000,wk00,JRCSF,CD00-m000-wk00
328,329,424,CD00,m000,wk00,JRCSF,CD00-m000-wk00
329,330,422,CD00,m000,wk00,JRCSF,CD00-m000-wk00
330,331,416,CD00,m000,wk00,JRCSF,CD00-m000-wk00
331,332,400,CD00,m000,wk00,JRCSF,CD00-m000-wk00
332,333,403,CD00,m000,wk00,JRCSF,CD00-m000-wk00
333,334,403,CD00,m000,wk00,JRCSF,CD00-m000-wk00
334,335,402,CD00,m000,wk00,JRCSF,CD00-m000-wk00
335,336,405,CD00,m000,wk00,JRCSF,CD00-m000-wk00
336,337,381,CD00,m000,wk00,JRCSF,CD00-m000-wk00
337,338,376,CD00,m000,wk00,JRCSF,CD00-m000-wk00
338,339,382,CD00,m000,wk00,JRCSF,CD00-m000-wk00
339,340,379,CD00,m000,wk00,JRCSF,CD00-m000-wk00
340,341,365,CD00,m000,wk00,JRCSF,CD00-m000-wk00
341,342,364,CD00,m000,wk00,JRCSF,CD00-m000-wk00
342,343,356,CD00,m000,wk00,JRCSF,CD00-m000-wk00
343,344,354,CD00,m000,wk00,JRCSF,CD00-m000-wk00
344,345,352,CD00,m000,wk00,JRCSF,CD00-m000-wk00
345,346,351,CD00,m000,wk00,JRCSF,CD00-m000-wk00
346,347,350,CD00,m000,wk00,JRCSF,CD00-m000-wk00
347,348,354,CD00,m000,wk00,JRCSF,CD00-m000-wk00
348,349,361,CD00,m000,wk00,JRCSF,CD00-m000-wk00
349,350,365,CD00,m000,wk00,JRCSF,CD00-m000-wk00
350,351,364,CD00,m000,wk00,JRCSF,CD00-m000-wk00
351,352,363,CD00,m000,wk00,JRCSF,CD00-m000-wk00
352,353,360,CD00,m000,wk00,JRCSF,CD00-m000-wk00
353,354,361,CD00,m000,wk00,JRCSF,CD00-m000-wk00
354,355,359,CD00,m000,wk00,JRCSF,CD00-m000-wk00
355,356,383,CD00,m000,wk00,JRCSF,CD00-m000-wk00
356,357,384,CD00,m000,wk00,JRCSF,CD00-m000-wk00
357,358,383,CD00,m000,wk00,JRCSF,CD00-m000-wk00
358,359,370,CD00,m000,wk00,JRCSF,CD00-m000-wk00
359,360,375,CD00,m000,wk00,JRCSF,CD00-m000-wk00
360,361,378,CD00,m000,wk00,JRCSF,CD00-m000-wk00
361,362,381,CD00,m000,wk00,JRCSF,CD00-m000-wk00
362,363,372,CD00,m000,wk00,JRCSF,CD00-m000-wk00
363,364,372,CD00,m000,wk00,JRCSF,CD00-m000-wk00
364,365,373,CD00,m000,wk00,JRCSF,CD00-m000-wk00
365,366,375,CD00,m000,wk00,JRCSF,CD00-m000-wk00
366,367,369,CD00,m000,wk00,JRCSF,CD00-m000-wk00
367,368,378,CD00,m000,wk00,JRCSF,CD00-m000-wk00
368,369,376,CD00,m000,wk00,JRCSF,CD00-m000-wk00
369,370,377,CD00,m000,wk00,JRCSF,CD00-m000-wk00
370,371,368,CD00,m000,wk00,JRCSF,CD00-m000-wk00
371,372,377,CD00,m000,wk00,JRCSF,CD00-m000-wk00
372,373,377,CD00,m000,wk00,JRCSF,CD00-m000-wk00
373,374,358,CD00,m000,wk00,JRCSF,CD00-m000-wk00
374,375,357,CD00,m000,wk00,JRCSF,CD00-m000-wk00
375,376,359,CD00,m000,wk00,JRCSF,CD00-m000-wk00
376,377,365,CD00,m000,wk00,JRCSF,CD00-m000-wk00
377,378,364,CD00,m000,wk00,JRCSF,CD00-m000-wk00
378,379,359,CD00,m000,wk00,JRCSF,CD00-m000-wk00
379,380,359,CD00,m000,wk00,JRCSF,CD00-m000-wk00
380,381,361,CD00,m000,wk00,JRCSF,CD00-m000-wk00
381,382,360,CD00,m000,wk00,JRCSF,CD00-m000-wk00
382,383,356,CD00,m000,wk00,JRCSF,CD00-m000-wk00
383,384,365,CD00,m000,wk00,JRCSF,CD00-m000-wk00
384,385,363,CD00,m000,wk00,JRCSF,CD00-m000-wk00
385,386,354,CD00,m000,wk00,JRCSF,CD00-m000-wk00
386,387,380,CD00,m000,wk00,JRCSF,CD00-m000-wk00
387,388,375,CD00,m000,wk00,JRCSF,CD00-m000-wk00
388,389,369,CD00,m000,wk00,JRCSF,CD00-m000-wk00
389,390,379,CD00,m000,wk00,JRCSF,CD00-m000-wk00
390,391,383,CD00,m000,wk00,JRCSF,CD00-m000-wk00
391,392,377,CD00,m000,wk00,JRCSF,CD00-m000-wk00
392,393,374,CD00,m000,wk00,JRCSF,CD00-m000-wk00
393,394,375,CD00,m000,wk00,JRCSF,CD00-m000-wk00
394,395,379,CD00,m000,wk00,JRCSF,CD00-m000-wk00
395,396,374,CD00,m000,wk00,JRCSF,CD00-m000-wk00
396,397,375,CD00,m000,wk00,JRCSF,CD00-m000-wk00
397,398,378,CD00,m000,wk00,JRCSF,CD00-m000-wk00
398,399,376,CD00,m000,wk00,JRCSF,CD00-m000-wk00
399,400,373,CD00,m000,wk00,JRCSF,CD00-m000-wk00
400,401,377,CD00,m000,wk00,JRCSF,CD00-m000-wk00
401,402,374,CD00,m000,wk00,JRCSF,CD00-m000-wk00
402,403,376,CD00,m000,wk00,JRCSF,CD00-m000-wk00
403,404,368,CD00,m000,wk00,JRCSF,CD00-m000-wk00
404,405,367,CD00,m000,wk00,JRCSF,CD00-m000-wk00
405,406,374,CD00,m000,wk00,JRCSF,CD00-m000-wk00
406,407,379,CD00,m000,wk00,JRCSF,CD00-m000-wk00
407,408,377,CD00,m000,wk00,JRCSF,CD00-m000-wk00
408,409,361,CD00,m000,wk00,JRCSF,CD00-m000-wk00
409,410,364,CD00,m000,wk00,JRCSF,CD00-m000-wk00
410,411,357,CD00,m000,wk00,JRCSF,CD00-m000-wk00
411,412,372,CD00,m000,wk00,JRCSF,CD00-m000-wk00
412,413,369,CD00,m000,wk00,JRCSF,CD00-m000-wk00
413,414,360,CD00,m000,wk00,JRCSF,CD00-m000-wk00
414,415,368,CD00,m000,wk00,JRCSF,CD00-m000-wk00
415,416,372,CD00,m000,wk00,JRCSF,CD00-m000-wk00
416,417,374,CD00,m000,wk00,JRCSF,CD00-m000-wk00
417,418,372,CD00,m000,wk00,JRCSF,CD00-m000-wk00
418,419,373,CD00,m000,wk00,JRCSF,CD00-m000-wk00
419,420,375,CD00,m000,wk00,JRCSF,CD00-m000-wk00
420,421,377,CD00,m000,wk00,JRCSF,CD00-m000-wk00
421,422,364,CD00,m000,wk00,JRCSF,CD00-m000-wk00
422,423,366,CD00,m000,wk00,JRCSF,CD00-m000-wk00
423,424,357,CD00,m000,wk00,JRCSF,CD00-m000-wk00
424,425,362,CD00,m000,wk00,JRCSF,CD00-m000-wk00
425,426,364,CD00,m000,wk00,JRCSF,CD00-m000-wk00
426,427,372,CD00,m000,wk00,JRCSF,CD00-m000-wk00
427,428,370,CD00,m000,wk00,JRCSF,CD00-m000-wk00
428,429,361,CD00,m000,wk00,JRCSF,CD00-m000-wk00
429,430,362,CD00,m000,wk00,JRCSF,CD00-m000-wk00
430,431,357,CD00,m000,wk00,JRCSF,CD00-m000-wk00
431,432,356,CD00,m000,wk00,JRCSF,CD00-m000-wk00
432,433,354,CD00,m000,wk00,JRCSF,CD00-m000-wk00
433,434,356,CD00,m000,wk00,JRCSF,CD00-m000-wk00
434,435,362,CD00,m000,wk00,JRCSF,CD00-m000-wk00
435,436,360,CD00,m000,wk00,JRCSF,CD00-m000-wk00
436,437,353,CD00,m000,wk00,JRCSF,CD00-m000-wk00
437,438,358,CD00,m000,wk00,JRCSF,CD00-m000-wk00
438,439,358,CD00,m000,wk00,JRCSF,CD00-m000-wk00
439,440,365,CD00,m000,wk00,JRCSF,CD00-m000-wk00
440,441,368,CD00,m000,wk00,JRCSF,CD00-m000-wk00
441,442,367,CD00,m000,wk00,JRCSF,CD00-m000-wk00
442,443,366,CD00,m000,wk00,JRCSF,CD00-m000-wk00
443,444,364,CD00,m000,wk00,JRCSF,CD00-m000-wk00
444,445,370,CD00,m000,wk00,JRCSF,CD00-m000-wk00
445,446,367,CD00,m000,wk00,JRCSF,CD00-m000-wk00
446,447,367,CD00,m000,wk00,JRCSF,CD00-m000-wk00
447,448,365,CD00,m000,wk00,JRCSF,CD00-m000-wk00
448,449,357,CD00,m000,wk00,JRCSF,CD00-m000-wk00
449,450,355,CD00,m000,wk00,JRCSF,CD00-m000-wk00
450,451,355,CD00,m000,wk00,JRCSF,CD00-m000-wk00
451,452,357,CD00,m000,wk00,JRCSF,CD00-m000-wk00
452,453,361,CD00,m000,wk00,JRCSF,CD00-m000-wk00
453,454,358,CD00,m000,wk00,JRCSF,CD00-m000-wk00
454,455,360,CD00,m000,wk00,JRCSF,CD00-m000-wk00
455,456,353,CD00,m000,wk00,JRCSF,CD00-m000-wk00
456,457,354,CD00,m000,wk00,JRCSF,CD00-m000-wk00
457,458,350,CD00,m000,wk00,JRCSF,CD00-m000-wk00
458,459,346,CD00,m000,wk00,JRCSF,CD00-m000-wk00
459,460,347,CD00,m000,wk00,JRCSF,CD00-m000-wk00
460,461,338,CD00,m000,wk00,JRCSF,CD00-m000-wk00
461,462,339,CD00,m000,wk00,JRCSF,CD00-m000-wk00
462,463,341,CD00,m000,wk00,JRCSF,CD00-m000-wk00
463,464,341,CD00,m000,wk00,JRCSF,CD00-m000-wk00
464,465,348,CD00,m000,wk00,JRCSF,CD00-m000-wk00
465,466,346,CD00,m000,wk00,JRCSF,CD00-m000-wk00
466,467,345,CD00,m000,wk00,JRCSF,CD00-m000-wk00
467,468,340,CD00,m000,wk00,JRCSF,CD00-m000-wk00
468,469,336,CD00,m000,wk00,JRCSF,CD00-m000-wk00
469,470,328,CD00,m000,wk00,JRCSF,CD00-m000-wk00
470,471,328,CD00,m000,wk00,JRCSF,CD00-m000-wk00
471,472,321,CD00,m000,wk00,JRCSF,CD00-m000-wk00
472,473,317,CD00,m000,wk00,JRCSF,CD00-m000-wk00
473,474,322,CD00,m000,wk00,JRCSF,CD00-m000-wk00
474,475,324,CD00,m000,wk00,JRCSF,CD00-m000-wk00
475,476,327,CD00,m000,wk00,JRCSF,CD00-m000-wk00
476,477,317,CD00,m000,wk00,JRCSF,CD00-m000-wk00
477,478,324,CD00,m000,wk00,JRCSF,CD00-m000-wk00
478,479,312,CD00,m000,wk00,JRCSF,CD00-m000-wk00
479,480,303,CD00,m000,wk00,JRCSF,CD00-m000-wk00
480,481,305,CD00,m000,wk00,JRCSF,CD00-m000-wk00
481,482,304,CD00,m000,wk00,JRCSF,CD00-m000-wk00
482,483,310,CD00,m000,wk00,JRCSF,CD00-m000-wk00
483,484,310,CD00,m000,wk00,JRCSF,CD00-m000-wk00
484,485,310,CD00,m000,wk00,JRCSF,CD00-m000-wk00
485,486,313,CD00,m000,wk00,JRCSF,CD00-m000-wk00
486,487,303,CD00,m000,wk00,JRCSF,CD00-m000-wk00
487,488,297,CD00,m000,wk00,JRCSF,CD00-m000-wk00
488,489,293,CD00,m000,wk00,JRCSF,CD00-m000-wk00
489,490,277,CD00,m000,wk00,JRCSF,CD00-m000-wk00
490,491,281,CD00,m000,wk00,JRCSF,CD00-m000-wk00
491,492,281,CD00,m000,wk00,JRCSF,CD00-m000-wk00
492,493,281,CD00,m000,wk00,JRCSF,CD00-m000-wk00
493,494,280,CD00,m000,wk00,JRCSF,CD00-m000-wk00
494,495,281,CD00,m000,wk00,JRCSF,CD00-m000-wk00
495,496,274,CD00,m000,wk00,JRCSF,CD00-m000-wk00
496,497,260,CD00,m000,wk00,JRCSF,CD00-m000-wk00
497,498,257,CD00,m000,wk00,JRCSF,CD00-m000-wk00
498,499,255,CD00,m000,wk00,JRCSF,CD00-m000-wk00
499,500,254,CD00,m000,wk00,JRCSF,CD00-m000-wk00
500,501,255,CD00,m000,wk00,JRCSF,CD00-m000-wk00
501,502,259,CD00,m000,wk00,JRCSF,CD00-m000-wk00
502,503,256,CD00,m000,wk00,JRCSF,CD00-m000-wk00
503,504,252,CD00,m000,wk00,JRCSF,CD00-m000-wk00
504,505,251,CD00,m000,wk00,JRCSF,CD00-m000-wk00
505,506,246,CD00,m000,wk00,JRCSF,CD00-m000-wk00
506,507,253,CD00,m000,wk00,JRCSF,CD00-m000-wk00
507,508,254,CD00,m000,wk00,JRCSF,CD00-m000-wk00
508,509,254,CD00,m000,wk00,JRCSF,CD00-m000-wk00
509,510,258,CD00,m000,wk00,JRCSF,CD00-m000-wk00
510,511,258,CD00,m000,wk00,JRCSF,CD00-m000-wk00
511,512,257,CD00,m000,wk00,JRCSF,CD00-m000-wk00
512,513,260,CD00,m000,wk00,JRCSF,CD00-m000-wk00
513,514,261,CD00,m000,wk00,JRCSF,CD00-m000-wk00
514,515,263,CD00,m000,wk00,JRCSF,CD00-m000-wk00
515,516,261,CD00,m000,wk00,JRCSF,CD00-m000-wk00
516,517,266,CD00,m000,wk00,JRCSF,CD00-m000-wk00
517,518,275,CD00,m000,wk00,JRCSF,CD00-m000-wk00
518,519,275,CD00,m000,wk00,JRCSF,CD00-m000-wk00
519,520,281,CD00,m000,wk00,JRCSF,CD00-m000-wk00
520,521,280,CD00,m000,wk00,JRCSF,CD00-m000-wk00
521,522,289,CD00,m000,wk00,JRCSF,CD00-m000-wk00
522,523,290,CD00,m000,wk00,JRCSF,CD00-m000-wk00
523,524,283,CD00,m000,wk00,JRCSF,CD00-m000-wk00
524,525,283,CD00,m000,wk00,JRCSF,CD00-m000-wk00
525,526,283,CD00,m000,wk00,JRCSF,CD00-m000-wk00
526,527,286,CD00,m000,wk00,JRCSF,CD00-m000-wk00
527,528,281,CD00,m000,wk00,JRCSF,CD00-m000-wk00
528,529,278,CD00,m000,wk00,JRCSF,CD00-m000-wk00
529,530,281,CD00,m000,wk00,JRCSF,CD00-m000-wk00
530,531,291,CD00,m000,wk00,JRCSF,CD00-m000-wk00
531,532,290,CD00,m000,wk00,JRCSF,CD00-m000-wk00
532,533,291,CD00,m000,wk00,JRCSF,CD00-m000-wk00
533,534,285,CD00,m000,wk00,JRCSF,CD00-m000-wk00
534,535,287,CD00,m000,wk00,JRCSF,CD00-m000-wk00
535,536,294,CD00,m000,wk00,JRCSF,CD00-m000-wk00
536,537,299,CD00,m000,wk00,JRCSF,CD00-m000-wk00
537,538,294,CD00,m000,wk00,JRCSF,CD00-m000-wk00
538,539,303,CD00,m000,wk00,JRCSF,CD00-m000-wk00
539,540,298,CD00,m000,wk00,JRCSF,CD00-m000-wk00
540,541,294,CD00,m000,wk00,JRCSF,CD00-m000-wk00
541,542,296,CD00,m000,wk00,JRCSF,CD00-m000-wk00
542,543,296,CD00,m000,wk00,JRCSF,CD00-m000-wk00
543,544,289,CD00,m000,wk00,JRCSF,CD00-m000-wk00
544,545,287,CD00,m000,wk00,JRCSF,CD00-m000-wk00
545,546,290,CD00,m000,wk00,JRCSF,CD00-m000-wk00
546,547,291,CD00,m000,wk00,JRCSF,CD00-m000-wk00
547,548,289,CD00,m000,wk00,JRCSF,CD00-m000-wk00
548,549,291,CD00,m000,wk00,JRCSF,CD00-m000-wk00
549,550,300,CD00,m000,wk00,JRCSF,CD00-m000-wk00
550,551,306,CD00,m000,wk00,JRCSF,CD00-m000-wk00
551,552,300,CD00,m000,wk00,JRCSF,CD00-m000-wk00
552,553,297,CD00,m000,wk00,JRCSF,CD00-m000-wk00
553,554,305,CD00,m000,wk00,JRCSF,CD00-m000-wk00
554,555,310,CD00,m000,wk00,JRCSF,CD00-m000-wk00
555,556,310,CD00,m000,wk00,JRCSF,CD00-m000-wk00
556,557,312,CD00,m000,wk00,JRCSF,CD00-m000-wk00
557,558,300,CD00,m000,wk00,JRCSF,CD00-m000-wk00
558,559,302,CD00,m000,wk00,JRCSF,CD00-m000-wk00
559,560,302,CD00,m000,wk00,JRCSF,CD00-m000-wk00
560,561,302,CD00,m000,wk00,JRCSF,CD00-m000-wk00
561,562,309,CD00,m000,wk00,JRCSF,CD00-m000-wk00
562,563,311,CD00,m000,wk00,JRCSF,CD00-m000-wk00
563,564,307,CD00,m000,wk00,JRCSF,CD00-m000-wk00
564,565,302,CD00,m000,wk00,JRCSF,CD00-m000-wk00
565,566,302,CD00,m000,wk00,JRCSF,CD00-m000-wk00
566,567,297,CD00,m000,wk00,JRCSF,CD00-m000-wk00
567,568,302,CD00,m000,wk00,JRCSF,CD00-m000-wk00
568,569,303,CD00,m000,wk00,JRCSF,CD00-m000-wk00
569,570,304,CD00,m000,wk00,JRCSF,CD00-m000-wk00
570,571,300,CD00,m000,wk00,JRCSF,CD00-m000-wk00
571,572,310,CD00,m000,wk00,JRCSF,CD00-m000-wk00
572,573,307,CD00,m000,wk00,JRCSF,CD00-m000-wk00
573,574,307,CD00,m000,wk00,JRCSF,CD00-m000-wk00
574,575,304,CD00,m000,wk00,JRCSF,CD00-m000-wk00
575,576,305,CD00,m000,wk00,JRCSF,CD00-m000-wk00
576,577,304,CD00,m000,wk00,JRCSF,CD00-m000-wk00
577,578,306,CD00,m000,wk00,JRCSF,CD00-m000-wk00
578,579,304,CD00,m000,wk00,JRCSF,CD00-m000-wk00
579,580,306,CD00,m000,wk00,JRCSF,CD00-m000-wk00
580,581,308,CD00,m000,wk00,JRCSF,CD00-m000-wk00
581,582,310,CD00,m000,wk00,JRCSF,CD00-m000-wk00
582,583,304,CD00,m000,wk00,JRCSF,CD00-m000-wk00
583,584,312,CD00,m000,wk00,JRCSF,CD00-m000-wk00
584,585,318,CD00,m000,wk00,JRCSF,CD00-m000-wk00
585,586,319,CD00,m000,wk00,JRCSF,CD00-m000-wk00
586,587,315,CD00,m000,wk00,JRCSF,CD00-m000-wk00
587,588,314,CD00,m000,wk00,JRCSF,CD00-m000-wk00
588,589,312,CD00,m000,wk00,JRCSF,CD00-m000-wk00
589,590,310,CD00,m000,wk00,JRCSF,CD00-m000-wk00
590,591,314,CD00,m000,wk00,JRCSF,CD00-m000-wk00
591,592,315,CD00,m000,wk00,JRCSF,CD00-m000-wk00
592,593,307,CD00,m000,wk00,JRCSF,CD00-m000-wk00
593,594,307,CD00,m000,wk00,JRCSF,CD00-m000-wk00
594,595,306,CD00,m000,wk00,JRCSF,CD00-m000-wk00
595,596,306,CD00,m000,wk00,JRCSF,CD00-m000-wk00
596,597,310,CD00,m000,wk00,JRCSF,CD00-m000-wk00
597,598,304,CD00,m000,wk00,JRCSF,CD00-m000-wk00
598,599,314,CD00,m000,wk00,JRCSF,CD00-m000-wk00
599,600,315,CD00,m000,wk00,JRCSF,CD00-m000-wk00
600,601,320,CD00,m000,wk00,JRCSF,CD00-m000-wk00
601,602,320,CD00,m000,wk00,JRCSF,CD00-m000-wk00
602,603,324,CD00,m000,wk00,JRCSF,CD00-m000-wk00
603,604,320,CD00,m000,wk00,JRCSF,CD00-m000-wk00
604,605,324,CD00,m000,wk00,JRCSF,CD00-m000-wk00
605,606,319,CD00,m000,wk00,JRCSF,CD00-m000-wk00
606,607,325,CD00,m000,wk00,JRCSF,CD00-m000-wk00
607,608,322,CD00,m000,wk00,JRCSF,CD00-m000-wk00
608,609,315,CD00,m000,wk00,JRCSF,CD00-m000-wk00
609,610,312,CD00,m000,wk00,JRCSF,CD00-m000-wk00
610,611,312,CD00,m000,wk00,JRCSF,CD00-m000-wk00
611,612,321,CD00,m000,wk00,JRCSF,CD00-m000-wk00
612,613,312,CD00,m000,wk00,JRCSF,CD00-m000-wk00
613,614,324,CD00,m000,wk00,JRCSF,CD00-m000-wk00
614,615,318,CD00,m000,wk00,JRCSF,CD00-m000-wk00
615,616,311,CD00,m000,wk00,JRCSF,CD00-m000-wk00
616,617,312,CD00,m000,wk00,JRCSF,CD00-m000-wk00
617,618,308,CD00,m000,wk00,JRCSF,CD00-m000-wk00
618,619,316,CD00,m000,wk00,JRCSF,CD00-m000-wk00
619,620,310,CD00,m000,wk00,JRCSF,CD00-m000-wk00
620,621,306,CD00,m000,wk00,JRCSF,CD00-m000-wk00
621,622,304,CD00,m000,wk00,JRCSF,CD00-m000-wk00
622,623,303,CD00,m000,wk00,JRCSF,CD00-m000-wk00
623,624,305,CD00,m000,wk00,JRCSF,CD00-m000-wk00
624,625,302,CD00,m000,wk00,JRCSF,CD00-m000-wk00
625,626,300,CD00,m000,wk00,JRCSF,CD00-m000-wk00
626,627,301,CD00,m000,wk00,JRCSF,CD00-m000-wk00
627,628,301,CD00,m000,wk00,JRCSF,CD00-m000-wk00
628,629,301,CD00,m000,wk00,JRCSF,CD00-m000-wk00
629,630,300,CD00,m000,wk00,JRCSF,CD00-m000-wk00
630,631,293,CD00,m000,wk00,JRCSF,CD00-m000-wk00
631,632,291,CD00,m000,wk00,JRCSF,CD00-m000-wk00
632,633,296,CD00,m000,wk00,JRCSF,CD00-m000-wk00
633,634,311,CD00,m000,wk00,JRCSF,CD00-m000-wk00
634,635,308,CD00,m000,wk00,JRCSF,CD00-m000-wk00
635,636,292,CD00,m000,wk00,JRCSF,CD00-m000-wk00
636,637,288,CD00,m000,wk00,JRCSF,CD00-m000-wk00
637,638,283,CD00,m000,wk00,JRCSF,CD00-m000-wk00
638,639,268,CD00,m000,wk00,JRCSF,CD00-m000-wk00
639,640,266,CD00,m000,wk00,JRCSF,CD00-m000-wk00
640,641,267,CD00,m000,wk00,JRCSF,CD00-m000-wk00
641,642,267,CD00,m000,wk00,JRCSF,CD00-m000-wk00
642,643,266,CD00,m000,wk00,JRCSF,CD00-m000-wk00
643,644,268,CD00,m000,wk00,JRCSF,CD00-m000-wk00
644,645,270,CD00,m000,wk00,JRCSF,CD00-m000-wk00
645,646,267,CD00,m000,wk00,JRCSF,CD00-m000-wk00
646,647,271,CD00,m000,wk00,JRCSF,CD00-m000-wk00
647,648,271,CD00,m000,wk00,JRCSF,CD00-m000-wk00
648,649,272,CD00,m000,wk00,JRCSF,CD00-m000-wk00
649,650,272,CD00,m000,wk00,JRCSF,CD00-m000-wk00
650,651,279,CD00,m000,wk00,JRCSF,CD00-m000-wk00
651,652,281,CD00,m000,wk00,JRCSF,CD00-m000-wk00
652,653,279,CD00,m000,wk00,JRCSF,CD00-m000-wk00
653,654,275,CD00,m000,wk00,JRCSF,CD00-m000-wk00
654,655,269,CD00,m000,wk00,JRCSF,CD00-m000-wk00
655,656,270,CD00,m000,wk00,JRCSF,CD00-m000-wk00
656,657,272,CD00,m000,wk00,JRCSF,CD00-m000-wk00
657,658,270,CD00,m000,wk00,JRCSF,CD00-m000-wk00
658,659,268,CD00,m000,wk00,JRCSF,CD00-m000-wk00
659,660,268,CD00,m000,wk00,JRCSF,CD00-m000-wk00
660,661,268,CD00,m000,wk00,JRCSF,CD00-m000-wk00
661,662,267,CD00,m000,wk00,JRCSF,CD00-m000-wk00
662,663,265,CD00,m000,wk00,JRCSF,CD00-m000-wk00
663,664,265,CD00,m000,wk00,JRCSF,CD00-m000-wk00
664,665,270,CD00,m000,wk00,JRCSF,CD00-m000-wk00
665,666,266,CD00,m000,wk00,JRCSF,CD00-m000-wk00
666,667,265,CD00,m000,wk00,JRCSF,CD00-m000-wk00
667,668,265,CD00,m000,wk00,JRCSF,CD00-m000-wk00
668,669,268,CD00,m000,wk00,JRCSF,CD00-m000-wk00
669,670,270,CD00,m000,wk00,JRCSF,CD00-m000-wk00
670,671,266,CD00,m000,wk00,JRCSF,CD00-m000-wk00
671,672,267,CD00,m000,wk00,JRCSF,CD00-m000-wk00
672,673,267,CD00,m000,wk00,JRCSF,CD00-m000-wk00
673,674,267,CD00,m000,wk00,JRCSF,CD00-m000-wk00
674,675,267,CD00,m000,wk00,JRCSF,CD00-m000-wk00
675,676,259,CD00,m000,wk00,JRCSF,CD00-m000-wk00
676,677,260,CD00,m000,wk00,JRCSF,CD00-m000-wk00
677,678,258,CD00,m000,wk00,JRCSF,CD00-m000-wk00
678,679,263,CD00,m000,wk00,JRCSF,CD00-m000-wk00
679,680,263,CD00,m000,wk00,JRCSF,CD00-m000-wk00
680,681,270,CD00,m000,wk00,JRCSF,CD00-m000-wk00
681,682,264,CD00,m000,wk00,JRCSF,CD00-m000-wk00
682,683,266,CD00,m000,wk00,JRCSF,CD00-m000-wk00
683,684,265,CD00,m000,wk00,JRCSF,CD00-m000-wk00
684,685,264,CD00,m000,wk00,JRCSF,CD00-m000-wk00
685,686,264,CD00,m000,wk00,JRCSF,CD00-m000-wk00
686,687,268,CD00,m000,wk00,JRCSF,CD00-m000-wk00
687,688,267,CD00,m000,wk00,JRCSF,CD00-m000-wk00
688,689,261,CD00,m000,wk00,JRCSF,CD00-m000-wk00
689,690,260,CD00,m000,wk00,JRCSF,CD00-m000-wk00
690,691,260,CD00,m000,wk00,JRCSF,CD00-m000-wk00
691,692,259,CD00,m000,wk00,JRCSF,CD00-m000-wk00
692,693,263,CD00,m000,wk00,JRCSF,CD00-m000-wk00
693,694,271,CD00,m000,wk00,JRCSF,CD00-m000-wk00
694,695,278,CD00,m000,wk00,JRCSF,CD00-m000-wk00
695,696,279,CD00,m000,wk00,JRCSF,CD00-m000-wk00
696,697,273,CD00,m000,wk00,JRCSF,CD00-m000-wk00
697,698,283,CD00,m000,wk00,JRCSF,CD00-m000-wk00
698,699,277,CD00,m000,wk00,JRCSF,CD00-m000-wk00
699,700,287,CD00,m000,wk00,JRCSF,CD00-m000-wk00
700,701,282,CD00,m000,wk00,JRCSF,CD00-m000-wk00
701,702,273,CD00,m000,wk00,JRCSF,CD00-m000-wk00
702,703,282,CD00,m000,wk00,JRCSF,CD00-m000-wk00
703,704,291,CD00,m000,wk00,JRCSF,CD00-m000-wk00
704,705,284,CD00,m000,wk00,JRCSF,CD00-m000-wk00
705,706,289,CD00,m000,wk00,JRCSF,CD00-m000-wk00
706,707,283,CD00,m000,wk00,JRCSF,CD00-m000-wk00
707,708,282,CD00,m000,wk00,JRCSF,CD00-m000-wk00
708,709,297,CD00,m000,wk00,JRCSF,CD00-m000-wk00
709,710,293,CD00,m000,wk00,JRCSF,CD00-m000-wk00
710,711,291,CD00,m000,wk00,JRCSF,CD00-m000-wk00
711,712,283,CD00,m000,wk00,JRCSF,CD00-m000-wk00
712,713,291,CD00,m000,wk00,JRCSF,CD00-m000-wk00
713,714,295,CD00,m000,wk00,JRCSF,CD00-m000-wk00
714,715,302,CD00,m000,wk00,JRCSF,CD00-m000-wk00
715,716,304,CD00,m000,wk00,JRCSF,CD00-m000-wk00
716,717,305,CD00,m000,wk00,JRCSF,CD00-m000-wk00
717,718,303,CD00,m000,wk00,JRCSF,CD00-m000-wk00
718,719,304,CD00,m000,wk00,JRCSF,CD00-m000-wk00
719,720,302,CD00,m000,wk00,JRCSF,CD00-m000-wk00
720,721,296,CD00,m000,wk00,JRCSF,CD00-m000-wk00
721,722,309,CD00,m000,wk00,JRCSF,CD00-m000-wk00
722,723,308,CD00,m000,wk00,JRCSF,CD00-m000-wk00
723,724,316,CD00,m000,wk00,JRCSF,CD00-m000-wk00
724,726,318,CD00,m000,wk00,JRCSF,CD00-m000-wk00
725,727,323,CD00,m000,wk00,JRCSF,CD00-m000-wk00
726,728,325,CD00,m000,wk00,JRCSF,CD00-m000-wk00
727,725,316,CD00,m000,wk00,JRCSF,CD00-m000-wk00
728,729,331,CD00,m000,wk00,JRCSF,CD00-m000-wk00
729,730,331,CD00,m000,wk00,JRCSF,CD00-m000-wk00
730,731,336,CD00,m000,wk00,JRCSF,CD00-m000-wk00
731,732,340,CD00,m000,wk00,JRCSF,CD00-m000-wk00
732,733,348,CD00,m000,wk00,JRCSF,CD00-m000-wk00
733,734,341,CD00,m000,wk00,JRCSF,CD00-m000-wk00
734,735,348,CD00,m000,wk00,JRCSF,CD00-m000-wk00
735,736,342,CD00,m000,wk00,JRCSF,CD00-m000-wk00
736,737,348,CD00,m000,wk00,JRCSF,CD00-m000-wk00
737,738,347,CD00,m000,wk00,JRCSF,CD00-m000-wk00
738,739,352,CD00,m000,wk00,JRCSF,CD00-m000-wk00
739,740,353,CD00,m000,wk00,JRCSF,CD00-m000-wk00
740,741,350,CD00,m000,wk00,JRCSF,CD00-m000-wk00
741,742,357,CD00,m000,wk00,JRCSF,CD00-m000-wk00
742,743,360,CD00,m000,wk00,JRCSF,CD00-m000-wk00
743,744,374,CD00,m000,wk00,JRCSF,CD00-m000-wk00
744,745,380,CD00,m000,wk00,JRCSF,CD00-m000-wk00
745,746,380,CD00,m000,wk00,JRCSF,CD00-m000-wk00
746,747,374,CD00,m000,wk00,JRCSF,CD00-m000-wk00
747,748,387,CD00,m000,wk00,JRCSF,CD00-m000-wk00
748,749,373,CD00,m000,wk00,JRCSF,CD00-m000-wk00
749,750,364,CD00,m000,wk00,JRCSF,CD00-m000-wk00
750,751,374,CD00,m000,wk00,JRCSF,CD00-m000-wk00
751,752,370,CD00,m000,wk00,JRCSF,CD00-m000-wk00
752,753,374,CD00,m000,wk00,JRCSF,CD00-m000-wk00
753,754,365,CD00,m000,wk00,JRCSF,CD00-m000-wk00
754,755,370,CD00,m000,wk00,JRCSF,CD00-m000-wk00
755,756,375,CD00,m000,wk00,JRCSF,CD00-m000-wk00
756,757,376,CD00,m000,wk00,JRCSF,CD00-m000-wk00
757,758,377,CD00,m000,wk00,JRCSF,CD00-m000-wk00
758,759,389,CD00,m000,wk00,JRCSF,CD00-m000-wk00
759,760,392,CD00,m000,wk00,JRCSF,CD00-m000-wk00
760,761,391,CD00,m000,wk00,JRCSF,CD00-m000-wk00
761,762,390,CD00,m000,wk00,JRCSF,CD00-m000-wk00
762,763,391,CD00,m000,wk00,JRCSF,CD00-m000-wk00
763,764,379,CD00,m000,wk00,JRCSF,CD00-m000-wk00
764,766,387,CD00,m000,wk00,JRCSF,CD00-m000-wk00
765,765,373,CD00,m000,wk00,JRCSF,CD00-m000-wk00
766,767,394,CD00,m000,wk00,JRCSF,CD00-m000-wk00
767,768,401,CD00,m000,wk00,JRCSF,CD00-m000-wk00
768,769,397,CD00,m000,wk00,JRCSF,CD00-m000-wk00
769,770,401,CD00,m000,wk00,JRCSF,CD00-m000-wk00
770,771,398,CD00,m000,wk00,JRCSF,CD00-m000-wk00
771,772,388,CD00,m000,wk00,JRCSF,CD00-m000-wk00
772,773,386,CD00,m000,wk00,JRCSF,CD00-m000-wk00
773,774,381,CD00,m000,wk00,JRCSF,CD00-m000-wk00
774,775,385,CD00,m000,wk00,JRCSF,CD00-m000-wk00
775,776,396,CD00,m000,wk00,JRCSF,CD00-m000-wk00
776,777,393,CD00,m000,wk00,JRCSF,CD00-m000-wk00
777,778,391,CD00,m000,wk00,JRCSF,CD00-m000-wk00
778,779,384,CD00,m000,wk00,JRCSF,CD00-m000-wk00
779,780,381,CD00,m000,wk00,JRCSF,CD00-m000-wk00
780,781,380,CD00,m000,wk00,JRCSF,CD00-m000-wk00
781,782,374,CD00,m000,wk00,JRCSF,CD00-m000-wk00
782,783,377,CD00,m000,wk00,JRCSF,CD00-m000-wk00
783,784,374,CD00,m000,wk00,JRCSF,CD00-m000-wk00
784,785,374,CD00,m000,wk00,JRCSF,CD00-m000-wk00
785,786,372,CD00,m000,wk00,JRCSF,CD00-m000-wk00
786,787,369,CD00,m000,wk00,JRCSF,CD00-m000-wk00
787,788,367,CD00,m000,wk00,JRCSF,CD00-m000-wk00
788,789,366,CD00,m000,wk00,JRCSF,CD00-m000-wk00
789,790,364,CD00,m000,wk00,JRCSF,CD00-m000-wk00
790,791,364,CD00,m000,wk00,JRCSF,CD00-m000-wk00
791,792,369,CD00,m000,wk00,JRCSF,CD00-m000-wk00
792,793,372,CD00,m000,wk00,JRCSF,CD00-m000-wk00
793,794,367,CD00,m000,wk00,JRCSF,CD00-m000-wk00
794,795,354,CD00,m000,wk00,JRCSF,CD00-m000-wk00
795,796,338,CD00,m000,wk00,JRCSF,CD00-m000-wk00
796,797,338,CD00,m000,wk00,JRCSF,CD00-m000-wk00
797,798,336,CD00,m000,wk00,JRCSF,CD00-m000-wk00
798,799,336,CD00,m000,wk00,JRCSF,CD00-m000-wk00
799,800,336,CD00,m000,wk00,JRCSF,CD00-m000-wk00
800,801,330,CD00,m000,wk00,JRCSF,CD00-m000-wk00
801,802,319,CD00,m000,wk00,JRCSF,CD00-m000-wk00
802,803,313,CD00,m000,wk00,JRCSF,CD00-m000-wk00
803,804,308,CD00,m000,wk00,JRCSF,CD00-m000-wk00
804,805,305,CD00,m000,wk00,JRCSF,CD00-m000-wk00
805,806,300,CD00,m000,wk00,JRCSF,CD00-m000-wk00
806,807,302,CD00,m000,wk00,JRCSF,CD00-m000-wk00
807,808,303,CD00,m000,wk00,JRCSF,CD00-m000-wk00
808,809,293,CD00,m000,wk00,JRCSF,CD00-m000-wk00
809,810,294,CD00,m000,wk00,JRCSF,CD00-m000-wk00
810,811,296,CD00,m000,wk00,JRCSF,CD00-m000-wk00
811,812,295,CD00,m000,wk00,JRCSF,CD00-m000-wk00
812,813,286,CD00,m000,wk00,JRCSF,CD00-m000-wk00
813,814,283,CD00,m000,wk00,JRCSF,CD00-m000-wk00
814,815,282,CD00,m000,wk00,JRCSF,CD00-m000-wk00
815,816,274,CD00,m000,wk00,JRCSF,CD00-m000-wk00
816,817,272,CD00,m000,wk00,JRCSF,CD00-m000-wk00
817,818,270,CD00,m000,wk00,JRCSF,CD00-m000-wk00
818,819,273,CD00,m000,wk00,JRCSF,CD00-m000-wk00
819,820,269,CD00,m000,wk00,JRCSF,CD00-m000-wk00
820,821,269,CD00,m000,wk00,JRCSF,CD00-m000-wk00
821,822,267,CD00,m000,wk00,JRCSF,CD00-m000-wk00
822,823,258,CD00,m000,wk00,JRCSF,CD00-m000-wk00
823,824,256,CD00,m000,wk00,JRCSF,CD00-m000-wk00
824,825,254,CD00,m000,wk00,JRCSF,CD00-m000-wk00
825,826,248,CD00,m000,wk00,JRCSF,CD00-m000-wk00
826,827,244,CD00,m000,wk00,JRCSF,CD00-m000-wk00
827,828,235,CD00,m000,wk00,JRCSF,CD00-m000-wk00
828,829,228,CD00,m000,wk00,JRCSF,CD00-m000-wk00
829,830,223,CD00,m000,wk00,JRCSF,CD00-m000-wk00
830,831,218,CD00,m000,wk00,JRCSF,CD00-m000-wk00
831,832,213,CD00,m000,wk00,JRCSF,CD00-m000-wk00
832,833,206,CD00,m000,wk00,JRCSF,CD00-m000-wk00
833,834,205,CD00,m000,wk00,JRCSF,CD00-m000-wk00
834,835,196,CD00,m000,wk00,JRCSF,CD00-m000-wk00
835,836,196,CD00,m000,wk00,JRCSF,CD00-m000-wk00
836,837,196,CD00,m000,wk00,JRCSF,CD00-m000-wk00
837,838,193,CD00,m000,wk00,JRCSF,CD00-m000-wk00
838,839,189,CD00,m000,wk00,JRCSF,CD00-m000-wk00
839,840,189,CD00,m000,wk00,JRCSF,CD00-m000-wk00
840,841,167,CD00,m000,wk00,JRCSF,CD00-m000-wk00
841,842,167,CD00,m000,wk00,JRCSF,CD00-m000-wk00
842,843,157,CD00,m000,wk00,JRCSF,CD00-m000-wk00
843,844,157,CD00,m000,wk00,JRCSF,CD00-m000-wk00
844,845,140,CD00,m000,wk00,JRCSF,CD00-m000-wk00
845,846,138,CD00,m000,wk00,JRCSF,CD00-m000-wk00
846,847,135,CD00,m000,wk00,JRCSF,CD00-m000-wk00
847,848,134,CD00,m000,wk00,JRCSF,CD00-m000-wk00
848,849,128,CD00,m000,wk00,JRCSF,CD00-m000-wk00
849,850,126,CD00,m000,wk00,JRCSF,CD00-m000-wk00
850,851,117,CD00,m000,wk00,JRCSF,CD00-m000-wk00
851,852,117,CD00,m000,wk00,JRCSF,CD00-m000-wk00
852,853,115,CD00,m000,wk00,JRCSF,CD00-m000-wk00
853,854,109,CD00,m000,wk00,JRCSF,CD00-m000-wk00
854,855,109,CD00,m000,wk00,JRCSF,CD00-m000-wk00
855,856,108,CD00,m000,wk00,JRCSF,CD00-m000-wk00
856,857,106,CD00,m000,wk00,JRCSF,CD00-m000-wk00
857,858,98,CD00,m000,wk00,JRCSF,CD00-m000-wk00
858,859,90,CD00,m000,wk00,JRCSF,CD00-m000-wk00
859,860,89,CD00,m000,wk00,JRCSF,CD00-m000-wk00
860,861,79,CD00,m000,wk00,JRCSF,CD00-m000-wk00
861,862,72,CD00,m000,wk00,JRCSF,CD00-m000-wk00
862,863,71,CD00,m000,wk00,JRCSF,CD00-m000-wk00
863,864,70,CD00,m000,wk00,JRCSF,CD00-m000-wk00
864,865,61,CD00,m000,wk00,JRCSF,CD00-m000-wk00
865,866,19,CD00,m000,wk00,JRCSF,CD00-m000-wk00
866,867,5,CD00,m000,wk00,JRCSF,CD00-m000-wk00
