,POS_AA,COVERAGE
0,1,79
1,2,80
2,3,87
3,4,87
4,5,87
5,6,91
6,7,92
7,8,91
8,9,96
9,10,99
10,11,99
11,12,97
12,13,102
13,14,105
14,15,105
15,16,105
16,17,105
17,18,108
18,19,109
19,20,111
20,21,115
21,22,114
22,23,119
23,24,128
24,25,129
25,26,130
26,27,140
27,28,150
28,29,155
29,30,158
30,31,158
31,32,158
32,33,160
33,34,161
34,35,162
35,36,162
36,37,189
37,38,208
38,39,220
39,40,227
40,41,240
41,42,243
42,43,249
43,44,255
44,45,257
45,46,257
46,47,260
47,48,265
48,49,265
49,50,272
50,51,277
51,52,277
52,53,278
53,54,276
54,55,276
55,56,280
56,57,282
57,58,286
58,59,291
59,60,295
60,61,302
61,62,322
62,63,325
63,64,331
64,65,337
65,66,341
66,67,345
67,68,346
68,69,350
69,70,360
70,71,367
71,72,367
72,75,393
73,76,389
74,78,392
75,79,392
76,80,407
77,81,409
78,82,413
79,85,429
80,73,373
81,74,396
82,77,390
83,83,418
84,84,421
85,86,425
86,87,424
87,88,429
88,89,429
89,90,425
90,91,432
91,92,436
92,93,433
93,94,426
94,95,421
95,96,423
96,97,426
97,98,426
98,99,421
99,100,438
100,101,444
101,102,434
102,103,450
103,104,449
104,105,448
105,106,445
106,107,450
107,108,449
108,109,444
109,110,446
110,111,445
111,112,451
112,113,450
113,114,449
114,115,465
115,116,465
116,117,463
117,118,463
118,119,470
119,121,462
120,120,468
121,122,462
122,123,450
123,124,458
124,125,457
125,126,456
126,127,449
127,128,437
128,129,437
129,130,434
130,131,440
131,132,445
132,133,441
133,134,443
134,135,433
135,136,449
136,137,439
137,138,415
138,139,423
139,140,431
140,141,434
141,142,421
142,143,402
143,144,400
144,145,412
145,146,422
146,147,417
147,148,407
148,149,409
149,150,406
150,151,418
151,152,416
152,153,417
153,154,412
154,155,414
155,156,423
156,157,425
157,158,419
158,159,415
159,160,411
160,161,403
161,162,404
162,163,398
163,164,390
164,165,386
165,166,381
166,167,374
167,168,377
168,169,375
169,170,372
170,171,371
171,172,367
172,173,364
173,174,362
174,175,359
175,176,361
176,177,364
177,178,366
178,179,373
179,180,364
180,181,361
181,182,347
182,183,349
183,184,349
184,185,358
185,186,359
186,187,363
187,188,372
188,189,372
189,190,376
190,191,369
191,192,370
192,193,366
193,194,383
194,195,384
195,196,386
196,197,390
197,198,395
198,199,390
199,200,414
200,201,401
201,202,404
202,203,394
203,204,408
204,205,409
205,206,399
206,207,402
207,208,417
208,209,424
209,210,429
210,211,436
211,212,452
212,213,448
213,214,459
214,215,458
215,216,461
216,217,468
217,218,462
218,219,464
219,220,464
220,221,462
221,222,464
222,223,467
223,224,467
224,225,462
225,226,470
226,227,474
227,228,478
228,229,470
229,230,464
230,231,466
231,232,467
232,233,477
233,234,490
234,235,486
235,236,481
236,237,488
237,238,484
238,239,478
239,240,469
240,241,460
241,242,473
242,243,518
243,244,509
244,245,502
245,246,490
246,247,486
247,248,483
248,249,499
249,250,494
250,251,487
251,252,494
252,253,494
253,254,493
254,255,493
255,256,493
256,257,494
257,258,490
258,259,498
259,260,500
260,261,499
261,262,499
262,263,502
263,264,501
264,265,496
265,266,495
266,267,498
267,268,503
268,269,502
269,270,509
270,271,498
271,272,493
272,273,494
273,274,498
274,275,512
275,276,511
276,277,507
277,278,501
278,279,509
279,280,507
280,281,517
281,282,505
282,283,519
283,284,519
284,285,511
285,286,503
286,287,500
287,288,494
288,289,489
289,290,496
290,291,496
291,292,500
292,293,498
293,294,497
294,295,507
295,296,502
296,297,489
297,298,487
298,299,485
299,300,474
300,301,475
301,302,476
302,303,471
303,304,472
304,305,476
305,306,488
306,307,490
307,308,485
308,309,455
309,310,457
310,311,438
311,312,436
312,313,442
313,314,443
314,315,424
315,316,420
316,317,420
317,318,419
318,319,422
319,320,418
320,321,415
321,322,416
322,323,430
323,324,432
324,325,421
325,326,418
326,327,416
327,328,423
328,329,424
329,330,422
330,331,416
331,332,400
332,333,403
333,334,403
334,335,402
335,336,405
336,337,381
337,338,376
338,339,382
339,340,379
340,341,365
341,342,364
342,343,356
343,344,354
344,345,352
345,346,351
346,347,350
347,348,354
348,349,361
349,350,365
350,351,364
351,352,363
352,353,360
353,354,361
354,355,359
355,356,383
356,357,384
357,358,383
358,359,370
359,360,375
360,361,378
361,362,381
362,363,372
363,364,372
364,365,373
365,366,375
366,367,369
367,368,378
368,369,376
369,370,377
370,371,368
371,372,377
372,373,377
373,374,358
374,375,357
375,376,359
376,377,365
377,378,364
378,379,359
379,380,359
380,381,361
381,382,360
382,383,356
383,384,365
384,385,363
385,386,354
386,387,380
387,388,375
388,389,369
389,390,379
390,391,383
391,392,377
392,393,374
393,394,375
394,395,378
395,396,374
396,397,375
397,398,378
398,399,376
399,400,373
400,401,377
401,402,374
402,403,376
403,404,368
404,405,367
405,406,374
406,407,379
407,408,377
408,409,361
409,410,364
410,411,357
411,412,372
412,413,369
413,414,360
414,415,368
415,416,370
416,417,374
417,418,372
418,419,373
419,420,375
420,421,377
421,422,364
422,423,366
423,424,357
424,425,362
425,426,364
426,427,372
427,428,370
428,429,361
429,430,362
430,431,357
431,432,356
432,433,354
433,434,356
434,435,362
435,436,360
436,437,353
437,438,358
438,439,358
439,440,365
440,441,367
441,442,367
442,443,366
443,444,364
444,445,370
445,446,367
446,447,367
447,448,365
448,449,357
449,450,355
450,451,355
451,452,356
452,453,361
453,454,358
454,455,360
455,456,353
456,457,354
457,458,350
458,459,346
459,460,347
460,461,338
461,462,339
462,463,341
463,464,341
464,465,348
465,466,346
466,467,345
467,468,340
468,469,336
469,470,328
470,471,328
471,472,321
472,473,317
473,474,322
474,475,324
475,476,327
476,477,317
477,478,324
478,479,312
479,480,303
480,481,305
481,482,304
482,483,310
483,484,310
484,485,310
485,486,313
486,487,303
487,488,297
488,489,293
489,490,277
490,491,281
491,492,281
492,493,281
493,494,280
494,495,281
495,496,274
496,497,260
497,498,257
498,499,255
499,500,254
500,501,255
501,502,259
502,503,255
503,504,252
504,505,251
505,506,246
506,507,253
507,508,254
508,509,254
509,510,258
510,511,258
511,512,257
512,513,260
513,514,261
514,515,263
515,516,261
516,517,266
517,518,275
518,519,275
519,520,281
520,521,280
521,522,289
522,523,290
523,524,283
524,525,283
525,526,283
526,527,286
527,528,281
528,529,278
529,530,281
530,531,291
531,532,290
532,533,291
533,534,285
534,535,287
535,536,294
536,537,299
537,538,294
538,539,303
539,540,298
540,541,294
541,542,296
542,543,296
543,544,289
544,545,287
545,546,290
546,547,291
547,548,289
548,549,291
549,550,300
550,551,306
551,552,300
552,553,297
553,554,305
554,555,310
555,556,310
556,557,312
557,558,300
558,559,302
559,560,302
560,561,302
561,562,309
562,563,311
563,564,307
564,565,302
565,566,302
566,567,297
567,568,302
568,569,303
569,570,304
570,571,300
571,572,310
572,573,307
573,574,307
574,575,304
575,576,305
576,577,304
577,578,306
578,579,304
579,580,306
580,581,308
581,582,310
582,583,304
583,584,312
584,585,318
585,586,319
586,587,315
587,588,314
588,589,312
589,590,310
590,591,314
591,592,315
592,593,307
593,594,307
594,595,306
595,596,306
596,597,310
597,598,304
598,599,314
599,600,315
600,601,320
601,602,320
602,603,324
603,604,320
604,605,324
605,606,319
606,607,325
607,608,322
608,609,315
609,610,312
610,611,312
611,612,321
612,613,312
613,614,324
614,615,318
615,616,311
616,617,312
617,618,308
618,619,316
619,620,310
620,621,306
621,622,304
622,623,303
623,624,305
624,625,302
625,626,300
626,627,301
627,628,301
628,629,301
629,630,300
630,631,293
631,632,291
632,633,296
633,634,311
634,635,308
635,636,292
636,637,288
637,638,283
638,639,268
639,640,266
640,641,267
641,642,267
642,643,266
643,644,268
644,645,270
645,646,267
646,647,271
647,648,271
648,649,272
649,650,272
650,651,279
651,652,281
652,653,279
653,654,275
654,655,269
655,656,270
656,657,272
657,658,270
658,659,268
659,660,268
660,661,268
661,662,267
662,663,265
663,664,265
664,665,270
665,666,266
666,667,265
667,668,265
668,669,268
669,670,270
670,671,266
671,672,267
672,673,267
673,674,266
674,675,267
675,676,259
676,677,260
677,678,258
678,679,263
679,680,263
680,681,270
681,682,264
682,683,266
683,684,265
684,685,264
685,686,264
686,687,268
687,688,267
688,689,261
689,690,260
690,691,260
691,692,259
692,693,263
693,694,271
694,695,278
695,696,279
696,697,273
697,698,283
698,699,277
699,700,287
700,701,282
701,702,273
702,703,282
703,704,291
704,705,284
705,706,289
706,707,283
707,708,282
708,709,297
709,710,293
710,711,291
711,712,283
712,713,291
713,714,295
714,715,302
715,716,304
716,717,305
717,718,303
718,719,304
719,720,302
720,721,296
721,722,309
722,723,308
723,724,316
724,726,318
725,727,323
726,728,325
727,725,316
728,729,331
729,730,331
730,731,336
731,732,340
732,733,348
733,734,341
734,735,348
735,736,342
736,737,348
737,738,347
738,739,352
739,740,353
740,741,350
741,742,357
742,743,360
743,744,374
744,745,380
745,746,380
746,747,374
747,748,387
748,749,373
749,750,364
750,751,374
751,752,370
752,753,374
753,754,365
754,755,370
755,756,375
756,757,376
757,758,377
758,759,389
759,760,392
760,761,391
761,762,390
762,763,391
763,764,379
764,766,387
765,765,373
766,767,394
767,768,401
768,769,397
769,770,401
770,771,398
771,772,388
772,773,386
773,774,381
774,775,385
775,776,396
776,777,393
777,778,391
778,779,384
779,780,381
780,781,380
781,782,374
782,783,377
783,784,374
784,785,374
785,786,372
786,787,369
787,788,367
788,789,366
789,790,364
790,791,364
791,792,369
792,793,372
793,794,367
794,795,354
795,796,338
796,797,338
797,798,336
798,799,336
799,800,336
800,801,330
801,802,319
802,803,313
803,804,308
804,805,305
805,806,300
806,807,302
807,808,303
808,809,293
809,810,294
810,811,296
811,812,295
812,813,286
813,814,283
814,815,282
815,816,274
816,817,272
817,818,270
818,819,273
819,820,269
820,821,269
821,822,267
822,823,258
823,824,256
824,825,254
825,826,248
826,827,244
827,828,235
828,829,228
829,830,223
830,831,218
831,832,213
832,833,206
833,834,205
834,835,196
835,836,196
836,837,196
837,838,193
838,839,189
839,840,189
840,841,167
841,842,167
842,843,157
843,844,157
844,845,140
845,846,138
846,847,135
847,848,134
848,849,128
849,850,126
850,851,117
851,852,117
852,853,115
853,854,109
854,855,109
855,856,108
856,857,106
857,858,98
858,859,90
859,860,89
860,861,79
861,862,72
862,863,71
863,864,70
864,865,61
865,866,19
866,867,5
