id,antibody,virus,experiment,mouse
CD00-m000,DEMO,REJOc,CD00,m000
CD00-m000,DEMO,JRCSF,CD00,m000
,,,,
,,,,
,,,,
,,,,
,,,,
,,,,
,,,,
,,,,
,,,,
,,,,
,,,,
,,,,
,,,,
,,,,
,,,,
,,,,
,,,,
,,,,
,,,,
,,,,
,,,,
,,,,
,,,,
,,,,
,,,,
,,,,
,,,,
,,,,
,,,,
,,,,
,,,,
,,,,
,,,,
,,,,
,,,,
,,,,
,,,,
,,,,
,,,,
,,,,
,,,,
,,,,
,,,,
,,,,
,,,,
,,,,
,,,,
,,,,
,,,,
,,,,
,,,,
,,,,
,,,,
,,,,
,,,,
,,,,
,,,,
,,,,
,,,,
,,,,
,,,,
,,,,
,,,,
,,,,
,,,,
,,,,
,,,,
,,,,
,,,,
,,,,
,,,,
,,,,
,,,,
,,,,
,,,,
,,,,
,,,,
,,,,
,,,,
,,,,
,,,,
,,,,
,,,,
,,,,
,,,,
,,,,
,,,,
,,,,
,,,,
,,,,
,,,,
,,,,
,,,,
,,,,
,,,,
,,,,
,,,,
,,,,
,,,,
,,,,
,,,,
,,,,
,,,,
,,,,
,,,,
,,,,
,,,,
,,,,
,,,,
,,,,
,,,,
,,,,
,,,,
,,,,
,,,,
,,,,
,,,,
,,,,
,,,,
,,,,
,,,,
,,,,
,,,,
,,,,
,,,,
,,,,
,,,,
,,,,
,,,,
,,,,
,,,,
,,,,
,,,,
,,,,
,,,,
,,,,
,,,,
,,,,
,,,,
,,,,
,,,,
,,,,
,,,,
,,,,
,,,,
,,,,
,,,,
,,,,
,,,,
,,,,
,,,,
,,,,
,,,,
,,,,
,,,,
,,,,
,,,,
,,,,
,,,,
,,,,
,,,,
,,,,
,,,,
,,,,
,,,,
,,,,
,,,,
,,,,
,,,,
,,,,
,,,,
,,,,
,,,,
,,,,
,,,,
,,,,
,,,,
,,,,
,,,,
,,,,
,,,,
,,,,
,,,,
,,,,
,,,,
,,,,
,,,,
,,,,
,,,,
,,,,
,,,,
,,,,
,,,,
,,,,
,,,,
,,,,
,,,,
,,,,
,,,,
,,,,
,,,,
,,,,
,,,,
,,,,
,,,,
,,,,
,,,,
,,,,
,,,,
,,,,
,,,,
,,,,
,,,,
,,,,
,,,,
,,,,
,,,,
,,,,
,,,,
,,,,
,,,,
,,,,
,,,,
,,,,
,,,,
,,,,
,,,,
,,,,
,,,,
,,,,
,,,,
,,,,
,,,,
,,,,
,,,,
,,,,
,,,,
,,,,
,,,,
,,,,
,,,,
,,,,
,,,,
,,,,
,,,,
,,,,
,,,,
,,,,
,,,,
,,,,
,,,,
,,,,
,,,,
,,,,
,,,,
,,,,
,,,,
,,,,
,,,,
,,,,
,,,,
,,,,
,,,,
,,,,
,,,,
,,,,
,,,,
,,,,
,,,,
,,,,
,,,,
,,,,
,,,,
,,,,
,,,,
,,,,
,,,,
,,,,
,,,,
,,,,
,,,,
,,,,
,,,,
,,,,
,,,,
,,,,
,,,,
,,,,
,,,,
,,,,
,,,,
,,,,
,,,,
,,,,
,,,,
,,,,
,,,,
,,,,
,,,,
,,,,
,,,,
,,,,
,,,,
,,,,
,,,,
,,,,
,,,,
,,,,
,,,,
,,,,
,,,,
,,,,
,,,,
,,,,
,,,,
,,,,
,,,,
,,,,
,,,,
,,,,
,,,,
,,,,
,,,,
,,,,
,,,,
,,,,
,,,,
,,,,
,,,,
,,,,
,,,,
,,,,
,,,,
,,,,
,,,,
,,,,
,,,,
,,,,
,,,,
,,,,
,,,,
,,,,
,,,,
,,,,
,,,,
,,,,
,,,,
,,,,
,,,,
,,,,
,,,,
,,,,
,,,,
,,,,
,,,,
,,,,
,,,,
,,,,
,,,,
,,,,
,,,,
,,,,
,,,,
,,,,
,,,,
,,,,
,,,,
,,,,
,,,,
,,,,
,,,,
,,,,
,,,,
,,,,
,,,,
,,,,
,,,,
,,,,
,,,,
,,,,
,,,,
,,,,
,,,,
,,,,
,,,,
,,,,
,,,,
,,,,
,,,,
,,,,
,,,,
,,,,
,,,,
,,,,
,,,,
,,,,
,,,,
,,,,
,,,,
,,,,
,,,,
,,,,
,,,,
,,,,
,,,,
,,,,
,,,,
,,,,
,,,,
,,,,
,,,,
,,,,
,,,,
,,,,
,,,,
,,,,
,,,,
,,,,
,,,,
,,,,
,,,,
,,,,
,,,,
,,,,
,,,,
,,,,
,,,,
,,,,
,,,,
,,,,
,,,,
,,,,
,,,,
,,,,
,,,,
,,,,
,,,,
,,,,
,,,,
,,,,
,,,,
,,,,
,,,,
,,,,
,,,,
,,,,
,,,,
,,,,
,,,,
,,,,
,,,,
,,,,
,,,,
,,,,
,,,,
,,,,
,,,,
,,,,
,,,,
,,,,
,,,,
,,,,
,,,,
,,,,
,,,,
,,,,
,,,,
,,,,
,,,,
,,,,
,,,,
,,,,
,,,,
,,,,
,,,,
,,,,
,,,,
,,,,
,,,,
,,,,
,,,,
,,,,
,,,,
,,,,
,,,,
,,,,
,,,,
,,,,
,,,,
,,,,
,,,,
,,,,
,,,,
,,,,
,,,,
,,,,
,,,,
,,,,
,,,,
,,,,
,,,,
,,,,
,,,,
,,,,
,,,,
,,,,
,,,,
,,,,
,,,,
,,,,
,,,,
,,,,
,,,,
,,,,
,,,,
,,,,
,,,,
,,,,
,,,,
,,,,
,,,,
,,,,
,,,,
,,,,
,,,,
,,,,
,,,,
,,,,
,,,,
,,,,
,,,,
,,,,
,,,,
,,,,
,,,,
,,,,
,,,,
,,,,
,,,,
,,,,
,,,,
,,,,
,,,,
,,,,
,,,,
,,,,
,,,,
,,,,
,,,,
,,,,
,,,,
,,,,
,,,,
,,,,
,,,,
,,,,
,,,,
,,,,
,,,,
,,,,
,,,,
,,,,
,,,,
,,,,
,,,,
,,,,
,,,,
,,,,
,,,,
,,,,
,,,,
,,,,
,,,,
,,,,
,,,,
,,,,
,,,,
,,,,
,,,,
,,,,
,,,,
,,,,
,,,,
,,,,
,,,,
,,,,
,,,,
,,,,
,,,,
,,,,
,,,,
,,,,
,,,,
,,,,
,,,,
,,,,
,,,,
,,,,
,,,,
,,,,
,,,,
,,,,
,,,,
,,,,
,,,,
,,,,
,,,,
,,,,
,,,,
,,,,
,,,,
,,,,
,,,,
,,,,
,,,,
,,,,
,,,,
,,,,
,,,,
,,,,
,,,,
,,,,
,,,,
,,,,
,,,,
,,,,
,,,,
,,,,
,,,,
,,,,
,,,,
,,,,
,,,,
,,,,
,,,,
,,,,
,,,,
,,,,
,,,,
,,,,
,,,,
,,,,
,,,,
,,,,
,VRC07,REJOc,CMD44,m184
,VRC07,REJOc,CMD44,m185
,VRC07,REJOc,CMD44,m186
,VRC07,REJOc,CMD44,m187
,VRC07,REJOc,CMD44,m188
,VRC07,REJOc,CMD44,m189
,VRC07,REJOc,CMD44,m190
,VRC07,REJOc,CMD44,m191
,VRC07,REJOc,CMD44,m192
,VRC07,REJOc,CMD44,m193
,VRC07,REJOc,CMD44,m194
,VRC07,REJOc,CMD44,m195
,VRC07,REJOc,CMD44,m196
,VRC07,REJOc,CMD44,m197
,VRC07,REJOc,CMD44,m198
,VRC07,REJOc,CMD44,m203
,VRC07,REJOc,CMD44,m204
,VRC07,REJOc,CMD44,m205
,VRC07,REJOc,CMD44,m208
,VRC07,REJOc,CMD44,m209
,VRC07,REJOc,CMD44,m210
,VRC07,REJOc,CMD44,m211
,VRC07,REJOc,CMD44,m212
,VRC07,REJOc,CMD44,m213
,VRC07,REJOc,CMD44,m214
,VRC07,REJOc,CMD44,m216
,VRC07,REJOc,CMD44,m218
,VRC07,REJOc,CMD44,m219
,VRC07,REJOc,CMD44,m220
,VRC07,REJOc,CMD44,m221
,VRC07,REJOc,CMD44,m222
,VRC07,REJOc,CMD44,m223
,VRC07,REJOc,CMD44,m230
,VRC07,REJOc,CMD44,m232
,VRC07,REJOc,CMD44,m233
,VRC07,REJOc,CMD44,m239
,VRC07,REJOc,CMD44,m241
,VRC07,REJOc,CMD44,m242
,VRC07,REJOc,CMD44,m243
,VRC07,REJOc,CMD44,m244
,VRC07,REJOc,CMD44,m245
,VRC07,REJOc,CMD44,m246
,VRC07,REJOc,CMD44,m247
,VRC07,REJOc,CMD44,m248
,VRC07,REJOc,CMD44,m249
,VRC07,REJOc,CMD44,m250
,VRC07,REJOc,CMD44,m251
,VRC07,REJOc,CMD44,m252
,VRC07,REJOc,CMD44,m253
,VRC07,REJOc,CMD44,m254
,VRC07,REJOc,CMD44,m257
,VRC07,REJOc,CMD44,m258
,VRC07,REJOc,CMD44,m259
,VRC07,REJOc,CMD44,m261
,VRC07,REJOc,CMD44,m262
,VRC07,REJOc,CMD44,m263
,VRC07,REJOc,CMD44,m270
,VRC07,REJOc,CMD44,m271
,VRC07,REJOc,CMD44,m273
,VRC07,REJOc,CMD44,m275
,VRC07,REJOc,CMD44,m278
,VRC07,REJOc,CMD44,m279
,VRC07,REJOc,CMD44,m280
,VRC07,REJOc,CMD44,m281
,VRC07,REJOc,CMD44,m282
CD05-m249,Luciferase,REJOc,CD05,m249
CD05-m254,Luciferase,REJOc,CD05,m254
CD50-m097,VRC07,JV,CD50,m097
CD3-m649,VRC07,REJOc,CD3,m649
CD3-m619,Luciferase,REJOc,CD3,m619
CD3-m641,VRC07,REJOc,CD3,m641
CD3-m645,VRC07,REJOc,CD3,m645
CD30-m193,VRC07,JRCSF,CD30,m193
CD30-m188,Luciferase,JRCSF,CD30,m188
CD30-m189,Luciferase,JRCSF,CD30,m189
CD30-m191,Luciferase,JRCSF,CD30,m191
CD30-m192,Luciferase,JRCSF,CD30,m191
CD30-m195,VRC07,JRCSF,CD30,m195
CD30-m196,VRC07,JRCSF,CD30,m196
CD30-m197,VRC07,JRCSF,CD30,m197
CD30-m198,Luciferase,JRCSF,CD30,m198
CD30-m200,Luciferase,JRCSF,CD30,m200
CD30-m201,Luciferase,JRCSF,CD30,m201
CD30-m202,Luciferase,JRCSF,CD30,m202
CD30-m203,Luciferase,JRCSF,CD30,m203
CD30-m204,Luciferase,JRCSF,CD30,m204
CD30-m205,Luciferase,JRCSF,CD30,m205
CD30-m207,Luciferase,JRCSF,CD30,m207
CD30-m208,Luciferase,JRCSF,CD30,m208
CD30-m209,Luciferase,JRCSF,CD30,m209
CD30-m210,Luciferase,JRCSF,CD30,m210
CD30-m211,Luciferase,JRCSF,CD30,m211
CD30-m212,Luciferase,JRCSF,CD30,m212
CD30-m213,VRC07,JRCSF,CD30,m213
CD30-m216,VRC07,JRCSF,CD30,m216
CD30-m217,VRC07,JRCSF,CD30,m217
CD30-m218,VRC07,JRCSF,CD30,m218
CD30-m219,VRC07,JRCSF,CD30,m219
CD30-m222,VRC07,JRCSF,CD30,m222
CD30-m223,VRC07,JRCSF,CD30,m223
CD30-m224,VRC07,JRCSF,CD30,m224
CD30-m226,VRC07,JRCSF,CD30,m226
CD30-m227,VRC07,JRCSF,CD30,m227
CD30-m229,VRC07,JRCSF,CD30,m229
CD30-m230,VRC07,JRCSF,CD30,m230
CD30-m231,VRC07,JRCSF,CD30,m231
CD30-m232,VRC07,JRCSF,CD30,m232
CD30-m233,VRC07,JRCSF,CD30,m233
CD30-m234,VRC07,JRCSF,CD30,m234
CD30-m235,VRC07,JRCSF,CD30,m235
CD30-m236,VRC07,JRCSF,CD30,m236
CD30-m237,VRC07,JRCSF,CD30,m237
CD30-m238,VRC07,JRCSF,CD30,m238
CD30-m239,VRC07,JRCSF,CD30,m239
CD30-m242,VRC07,JRCSF,CD30,m242
CD30-m243,VRC07,JRCSF,CD30,m243
CD30-m245,VRC07,JRCSF,CD30,m245
CD30-m246,VRC07,JRCSF,CD30,m246
CD30-m247,VRC07,JRCSF,CD30,m247
CD36-m046,VRC07+10E8v4+PGT121+PGDM1400,JRCSF,CD36,m046
CD56-m702,PGDM1400,REJOc,CD56,m702
CD64-m387,VRC07+AAV-PGT121+PGDM1400,516980,CD64,m387
CD65-m677,PGDM1400+VRC07,516980,CD65,m677
CD65-m680,PGDM1400+VRC07,516980,CD65,m680
CD65-m681,PGDM1400+VRC07,516980,CD65,m681
CD65-m692,PGDM1400+VRC07,516980,CD65,m692
CD65-m715,PGDM1400+VRC07,516980,CD65,m715
CD77-m814,N49P6,REJOc,CD77,m814
CD77-m816,N49P6,REJOc,CD77,m816
CD77-m818,N49P6,REJOc,CD77,m818
CD77-m829,N49P7,REJOc,CD77,m829
CD77-m837,N49P7,REJOc,CD77,m837
CD77-m838,N49P7,REJOc,CD77,m838
CD77-m848,N49P7,REJOc,CD77,m848
CD77-m862,2A10,REJOc,CD77,m862
CD77-m815,N49P6,REJOc,CD77,m815
CD77-m817,N49P6,REJOc,CD77,m817
CD77-m819,N49P6,REJOc,CD77,m819
CD77-m820,N49P6,REJOc,CD77,m820
CD77-m821,N49P6,REJOc,CD77,m821
CD77-m823,N49P6,REJOc,CD77,m823
CD77-m824,N49P6,REJOc,CD77,m824
CD77-m825,N49P7,REJOc,CD77,m825
CD77-m826,N49P7,REJOc,CD77,m826
CD77-m827,N49P7,REJOc,CD77,m827
CD77-m828,N49P7,REJOc,CD77,m828
CD77-m830,N49P7,REJOc,CD77,m830
CD77-m831,N49P7,REJOc,CD77,m831
CD77-m833,N49P7,REJOc,CD77,m833
CD77-m834,N49P7,REJOc,CD77,m834
CD77-m835,N49P7,REJOc,CD77,m835
CD77-m840,N49P7,REJOc,CD77,m840
CD77-m844,N49P7,REJOc,CD77,m844
CD77-m846,N49P7,REJOc,CD77,m846
CD77-m847,N49P7,REJOc,CD77,m847
CD77-m849,N49P7,REJOc,CD77,m849
CD77-m850,N49P9,REJOc,CD77,m850
CD77-m851,N49P9,REJOc,CD77,m851
CD77-m852,N49P9,REJOc,CD77,m852
CD77-m853,N49P9,REJOc,CD77,m853
CD77-m854,N49P9,REJOc,CD77,m854
CD77-m856,N49P9,REJOc,CD77,m856
CD77-m857,N49P9,REJOc,CD77,m857
CD77-m858,N49P9,REJOc,CD77,m858
CD77-m859,N49P9,REJOc,CD77,m859
CD77-m860,N49P9,REJOc,CD77,m860
CD77-m861,N49P9,REJOc,CD77,m861
CD77-m865,2A10,REJOc,CD77,m865
CD77-m866,2A10,REJOc,CD77,m866
CD77-m867,2A10,REJOc,CD77,m867
CD77-m868,2A10,REJOc,CD77,m868
CD81-m123,3BNC117,REJOc,CD81,m123
CD81-m106,VRC01,REJOc,CD81,m106
CD81-m107,VRC07.523,REJOc,CD81,m107
CD81-m108,VRC07.523,REJOc,CD81,m108
CD81-m109,VRC07.523,REJOc,CD81,m109
CD81-m115,VRC07.523,REJOc,CD81,m115
CD81-m118,3BNC117,REJOc,CD81,m118
CD81-m119,3BNC117,REJOc,CD81,m119
CD81-m121,3BNC117,REJOc,CD81,m121
CD81-m122,3BNC117,REJOc,CD81,m122
CD81-m124,3BNC117,REJOc,CD81,m124
CD81-m125,3BNC117,REJOc,CD81,m125
CD81-m126,3BNC117,REJOc,CD81,m126
CD81-m127,3BNC117,REJOc,CD81,m127
CD81-m128,VRC-PG04,REJOc,CD81,m128
CD81-m130,VRC-PG04,REJOc,CD81,m130
CD81-m136,VRC-PG04,REJOc,CD81,m136
CD81-m141,VRC-PG04,REJOc,CD81,m141
CD81-m143,VRC-PG04,REJOc,CD81,m143
CD81-m149,VRC-PG04,REJOc,CD81,m149
CD81-m150,VRC-PG04,REJOc,CD81,m150
CD81-m154,VRC-PG04,REJOc,CD81,m154
CD81-m155,VRC-PG04,REJOc,CD81,m155
CD81-m164,VRC-CH31,REJOc,CD81,m164
CD81-m168,VRC-CH31,REJOc,CD81,m168
CD81-m169,3BNC117,REJOc,CD81,m169
CD81-m171,VRC-CH31,REJOc,CD81,m171
CD81-m173,VRC-CH31,REJOc,CD81,m173
CD81-m174,VRC-CH31,REJOc,CD81,m174
CD81-m175,VRC-CH31,REJOc,CD81,m175
CD81-m176,VRC-CH31,REJOc,CD81,m176
CD81-m193,VRC-CH31,REJOc,CD81,m193
CD81-m198,VRC-CH31,REJOc,CD81,m198
CD81-m199,2A10,REJOc,CD81,m199
CD81-m200,2A10,REJOc,CD81,m200
CD81-m202,VRC-CH31,REJOc,CD81,m202
CD81-m206,2A10,REJOc,CD81,m206
CD81-m210,2A10,REJOc,CD81,m210
CD81-m046,VRC01,REJOc,CD81,m46
CD81-m047,VRC01,REJOc,CD81,m47
CD81-m048,VRC01,REJOc,CD81,m48
CD81-m049,VRC01,REJOc,CD81,m49
CD81-m051,VRC01,REJOc,CD81,m51
CD81-m061,VRC01,REJOc,CD81,m61
CD81-m072,VRC01,REJOc,CD81,m72
CD81-m081,VRC01,REJOc,CD81,m81
CD81-m082,VRC01,REJOc,CD81,m82
CD81-m083,VRC01,REJOc,CD81,m83
CD81-m086,VRC01,REJOc,CD81,m86
CD81-m097,VRC01,REJOc,CD81,m97
CD81-m148,VRC-PG04,REJOc,CD81,m148
CD86-m693,VRC07,JRCSF,CD86,m693
CD86-m696,VRC07,JRCSF,CD86,m696
CD86-m704,VRC07,JRCSF,CD86,m704
CD86-m705,VRC07,JRCSF,CD86,m705
CD86-m714,VRC07,JRCSF,CD86,m714
CD86-m726,VRC07,JRCSF,CD86,m726
CD86-m731,VRC07,JRCSF,CD86,m731
CD86-m741,VRC07,JRCSF,CD86,m741
CD86-m743,VRC07,JRCSF,CD86,m743
CD86-m749,VRC07,JRCSF,CD86,m749
CD86-m756,VRC07,JRCSF,CD86,m756
CD86-m744,VRC07,JRCSF,CD86,m744
CD90-m380,2A10,JRCSF,CD90,m380
CD90-m381,2A10,JRCSF,CD90,m381
CD90-m383,2A10,JRCSF,CD90,m383
CD90-m384,2A10,JRCSF,CD90,m384
CD90-m385,2A10,JRCSF,CD90,m385
CD90-m387,2A10,JRCSF,CD90,m387
CD90-m390,VRC07-523H,JRCSF,CD90,m390
CD90-m395,VRC07-523H,JRCSF,CD90,m395
CD90-m397,VRC01,JRCSF,CD90,m397
CD90-m403,VRC01,JRCSF,CD90,m403
CD90-m405,VRC01,JRCSF,CD90,m405
CD90-m420,VRC13,JRCSF,CD90,m420
CD90-m425,VRC13,JRCSF,CD90,m425
CD90-m428,VRC07+VRC07-523,JRCSF,CD90,m428
CD90-m430,VRC07+VRC07-523,JRCSF,CD90,m430
CD90-m432,VRC07+VRC07-523,JRCSF,CD90,m432
CD90-m433,VRC07+VRC07-523,JRCSF,CD90,m433
CD90-m436,VRC07+VRC07-523,JRCSF,CD90,m436
CD90-m437,VRC07+VRC07-523,JRCSF,CD90,m437
CD90-m438,VRC07+VRC07-523,JRCSF,CD90,m438
CD90-m443,VRC13,JRCSF,CD90,m443
CD90-m445,VRC13,JRCSF,CD90,m445
CD90-m451,VRC07-523H,JRCSF,CD90,m451
CD90-m455,VRC07-523H,JRCSF,CD90,m455
CD91-m721,VRC07,REJOc,CD91,m721
CD91-m726,VRC07,REJOc,CD91,m726
CD91-m735,VRC13,REJOc,CD91,m735
CD91-m738,VRC13,REJOc,CD91,m738
CD91-m740,VRC13,REJOc,CD91,m740
CD91-m741,VRC13,REJOc,CD91,m741
CD91-m744,VRC01,REJOc,CD91,m744
CD91-m746,VRC01,REJOc,CD91,m746
CD91-m747,VRC01,REJOc,CD91,m747
CD91-m765,VRC13,REJOc,CD91,m765
CD91-m767,VRC13,REJOc,CD91,m767
CD91-m769,VRC01,REJOc,CD91,m769
CD91-m771,VRC01,REJOc,CD91,m771
CD91-m779,VRC13,REJOc,CD91,m779
CD91-m783,VRC13,REJOc,CD91,m783
CD91-m785,VRC13,REJOc,CD91,m785
CD91-m786,VRC13,REJOc,CD91,m786
CD91-m787,VRC13,REJOc,CD91,m787
CD91-m791,2A10,REJOc,CD91,m791
CD91-m792,2A10,REJOc,CD91,m792
CD91-m794,2A10,REJOc,CD91,m794
CD91-m795,2A10,REJOc,CD91,m795
CD91-m796,2A10,REJOc,CD91,m796
CD91-m797,2A10,REJOc,CD91,m797
CD91-m799,2A10,REJOc,CD91,m799
CD94-m563,VRC13+VRC07523+VRC01.23,516980,CD94,m563
CD94-m564,VRC13+VRC07523+VRC01.23,516980,CD94,m564
CD94-m572,VRC13+VRC07523+VRC01.23,516980,CD94,m572
CD94-m574,VRC13+VRC07523+VRC01.23,516980,CD94,m574
CD94-m578,2A10,516980,CD94,m578
CD94-m583,VRC13+VRC07523+VRC01.23,IMC35,CD94,m583
CD94-m587,VRC13+VRC07523+VRC01.23,IMC35,CD94,m587
CD94-m589,VRC13+VRC07523+VRC01.23,IMC35,CD94,m589
CD94-m590,VRC13+VRC07523+VRC01.23,IMC35,CD94,m590
CD94-m592,VRC13+VRC07523+VRC01.23,IMC35,CD94,m592
CD94-m593,VRC13+VRC07523+VRC01.23,IMC35,CD94,m593
CD94-m594,VRC13+VRC07523+VRC01.23,IMC35,CD94,m594
CD94-m597,2A10,IMC35,CD94,m597
CD94-m598,2A10,IMC35,CD94,m598
CD94-m517,2A10,REJOc,CD94,m517
CD94-m518,2A10,REJOc,CD94,m518
CD94-m519,2A10,REJOc,CD94,m519
CD94-m520,2A10,REJOc,CD94,m520
CD94-m523,VRC13+VRC07523+VRC01.23,JRCSF,CD94,m523
CD94-m527,VRC13+VRC07523+VRC01.23,JRCSF,CD94,m527
CD94-m529,VRC13+VRC07523+VRC01.23,JRCSF,CD94,m529
CD94-m532,VRC13+VRC07523+VRC01.23,JRCSF,CD94,m532
CD94-m535,2A10,JRCSF,CD94,m535
CD94-m536,VRC13+VRC07523+VRC01.23,JRCSF,CD94,m536
CD94-m537,2A10,JRCSF,CD94,m537
CD94-m539,2A10,JRCSF,CD94,m539
CD94-m549,VRC13+VRC07523+VRC01.23,BF520,CD94,m549
CD94-m555,VRC13+VRC07523+VRC01.23,BF520,CD94,m555
CD94-m558,2A10,BF520,CD94,m558
CD94-m559,2A10,BF520,CD94,m559
CD94-m560,2A10,BF520,CD94,m560
CD94-m547,VRC13+VRC07523+VRC01.23,BF520,CD94,m547
CD94-m566,VRC13+VRC07523+VRC01.23,516980,CD94,m566
CD94-m570,VRC13+VRC07523+VRC01.23,516980,CD94,m570
CD94-m571,VRC13+VRC07523+VRC01.23,516980,CD94,m571
CD94-m581,VRC13+VRC07523+VRC01.23,IMC35,CD94,m581
CD94-m582,VRC13+VRC07523+VRC01.23,IMC35,CD94,m582
CD94-m584,VRC13+VRC07523+VRC01.23,IMC35,CD94,m584
CD3-m648,VRC07,REJOc,CD3,m648
CD3-m668,VRC07,REJOc,CD3,m668